🔍 OpenTelemetry Tracing initialized
[32m[Nest] 48756  - [39m04/24/2026, 2:43:27 PM [32m    LOG[39m [38;5;3m[NestFactory] [39m[32mStarting Nest application...[39m
[32m[Nest] 48756  - [39m04/24/2026, 2:43:27 PM [32m    LOG[39m [38;5;3m[InstanceLoader] [39m[32mMailModule dependencies initialized[39m[38;5;3m +60ms[39m
[32m[Nest] 48756  - [39m04/24/2026, 2:43:27 PM [32m    LOG[39m [38;5;3m[InstanceLoader] [39m[32mPassportModule dependencies initialized[39m[38;5;3m +0ms[39m
[32m[Nest] 48756  - [39m04/24/2026, 2:43:27 PM [32m    LOG[39m [38;5;3m[InstanceLoader] [39m[32mEventEmitterModule dependencies initialized[39m[38;5;3m +1ms[39m
[32m[Nest] 48756  - [39m04/24/2026, 2:43:27 PM [32m    LOG[39m [38;5;3m[InstanceLoader] [39m[32mConfigHostModule dependencies initialized[39m[38;5;3m +0ms[39m
[32m[Nest] 48756  - [39m04/24/2026, 2:43:27 PM [32m    LOG[39m [38;5;3m[InstanceLoader] [39m[32mThrottlerModule dependencies initialized[39m[38;5;3m +1ms[39m
[32m[Nest] 48756  - [39m04/24/2026, 2:43:27 PM [32m    LOG[39m [38;5;3m[InstanceLoader] [39m[32mDiscoveryModule dependencies initialized[39m[38;5;3m +0ms[39m
[32m[Nest] 48756  - [39m04/24/2026, 2:43:27 PM [32m    LOG[39m [38;5;3m[AiProxyService] [39m[32mAI proxy configured -> http://localhost:8010[39m
[32m[Nest] 48756  - [39m04/24/2026, 2:43:27 PM [32m    LOG[39m [38;5;3m[InstanceLoader] [39m[32mMetricsModule dependencies initialized[39m[38;5;3m +2ms[39m
[32m[Nest] 48756  - [39m04/24/2026, 2:43:27 PM [32m    LOG[39m [38;5;3m[InstanceLoader] [39m[32mConfigModule dependencies initialized[39m[38;5;3m +1ms[39m
[32m[Nest] 48756  - [39m04/24/2026, 2:43:27 PM [32m    LOG[39m [38;5;3m[InstanceLoader] [39m[32mConfigModule dependencies initialized[39m[38;5;3m +1ms[39m
[32m[Nest] 48756  - [39m04/24/2026, 2:43:27 PM [32m    LOG[39m [38;5;3m[InstanceLoader] [39m[32mScheduleModule dependencies initialized[39m[38;5;3m +0ms[39m
[32m[Nest] 48756  - [39m04/24/2026, 2:43:27 PM [32m    LOG[39m [38;5;3m[InstanceLoader] [39m[32mEventEmitterModule dependencies initialized[39m[38;5;3m +1ms[39m
[32m[Nest] 48756  - [39m04/24/2026, 2:43:27 PM [32m    LOG[39m [38;5;3m[InstanceLoader] [39m[32mBullModule dependencies initialized[39m[38;5;3m +1ms[39m
[32m[Nest] 48756  - [39m04/24/2026, 2:43:27 PM [32m    LOG[39m [38;5;3m[InstanceLoader] [39m[32mDatabaseModule dependencies initialized[39m[38;5;3m +0ms[39m
[32m[Nest] 48756  - [39m04/24/2026, 2:43:27 PM [32m    LOG[39m [38;5;3m[InstanceLoader] [39m[32mBullModule dependencies initialized[39m[38;5;3m +1ms[39m
[32m[Nest] 48756  - [39m04/24/2026, 2:43:27 PM [32m    LOG[39m [38;5;3m[InstanceLoader] [39m[32mAuditModule dependencies initialized[39m[38;5;3m +2ms[39m
[32m[Nest] 48756  - [39m04/24/2026, 2:43:27 PM [32m    LOG[39m [38;5;3m[InstanceLoader] [39m[32mRolesModule dependencies initialized[39m[38;5;3m +0ms[39m
[32m[Nest] 48756  - [39m04/24/2026, 2:43:27 PM [32m    LOG[39m [38;5;3m[InstanceLoader] [39m[32mJwtModule dependencies initialized[39m[38;5;3m +0ms[39m
[32m[Nest] 48756  - [39m04/24/2026, 2:43:27 PM [32m    LOG[39m [38;5;3m[InstanceLoader] [39m[32mJwtModule dependencies initialized[39m[38;5;3m +0ms[39m
[32m[Nest] 48756  - [39m04/24/2026, 2:43:27 PM [32m    LOG[39m [38;5;3m[InstanceLoader] [39m[32mOtpModule dependencies initialized[39m[38;5;3m +10ms[39m
[32m[Nest] 48756  - [39m04/24/2026, 2:43:27 PM [32m    LOG[39m [38;5;3m[InstanceLoader] [39m[32mHealthModule dependencies initialized[39m[38;5;3m +1ms[39m
[32m[Nest] 48756  - [39m04/24/2026, 2:43:27 PM [32m    LOG[39m [38;5;3m[InstanceLoader] [39m[32mBullModule dependencies initialized[39m[38;5;3m +1ms[39m
[32m[Nest] 48756  - [39m04/24/2026, 2:43:27 PM [32m    LOG[39m [38;5;3m[InstanceLoader] [39m[32mBullModule dependencies initialized[39m[38;5;3m +0ms[39m
[32m[Nest] 48756  - [39m04/24/2026, 2:43:27 PM [32m    LOG[39m [38;5;3m[InstanceLoader] [39m[32mBullModule dependencies initialized[39m[38;5;3m +1ms[39m
[32m[Nest] 48756  - [39m04/24/2026, 2:43:27 PM [32m    LOG[39m [38;5;3m[InstanceLoader] [39m[32mBullModule dependencies initialized[39m[38;5;3m +1ms[39m
[32m[Nest] 48756  - [39m04/24/2026, 2:43:27 PM [32m    LOG[39m [38;5;3m[InstanceLoader] [39m[32mBullModule dependencies initialized[39m[38;5;3m +0ms[39m
[32m[Nest] 48756  - [39m04/24/2026, 2:43:27 PM [32m    LOG[39m [38;5;3m[InstanceLoader] [39m[32mBullModule dependencies initialized[39m[38;5;3m +1ms[39m
[32m[Nest] 48756  - [39m04/24/2026, 2:43:27 PM [32m    LOG[39m [38;5;3m[InstanceLoader] [39m[32mRagModule dependencies initialized[39m[38;5;3m +2ms[39m
[32m[Nest] 48756  - [39m04/24/2026, 2:43:27 PM [32m    LOG[39m [38;5;3m[InstanceLoader] [39m[32mRosterImportModule dependencies initialized[39m[38;5;3m +3ms[39m
[32m[Nest] 48756  - [39m04/24/2026, 2:43:27 PM [32m    LOG[39m [38;5;3m[InstanceLoader] [39m[32mAppModule dependencies initialized[39m[38;5;3m +2ms[39m
[32m[Nest] 48756  - [39m04/24/2026, 2:43:27 PM [32m    LOG[39m [38;5;3m[InstanceLoader] [39m[32mSectionsModule dependencies initialized[39m[38;5;3m +2ms[39m
[32m[Nest] 48756  - [39m04/24/2026, 2:43:27 PM [32m    LOG[39m [38;5;3m[InstanceLoader] [39m[32mAnalyticsModule dependencies initialized[39m[38;5;3m +0ms[39m
[32m[Nest] 48756  - [39m04/24/2026, 2:43:27 PM [32m    LOG[39m [38;5;3m[InstanceLoader] [39m[32mClassRecordModule dependencies initialized[39m[38;5;3m +1ms[39m
[32m[Nest] 48756  - [39m04/24/2026, 2:43:27 PM [32m    LOG[39m [38;5;3m[InstanceLoader] [39m[32mPerformanceModule dependencies initialized[39m[38;5;3m +1ms[39m
[32m[Nest] 48756  - [39m04/24/2026, 2:43:27 PM [32m    LOG[39m [38;5;3m[InstanceLoader] [39m[32mLxpModule dependencies initialized[39m[38;5;3m +1ms[39m
[32m[Nest] 48756  - [39m04/24/2026, 2:43:27 PM [32m    LOG[39m [38;5;3m[InstanceLoader] [39m[32mAcademicStateModule dependencies initialized[39m[38;5;3m +1ms[39m
[32m[Nest] 48756  - [39m04/24/2026, 2:43:27 PM [32m    LOG[39m [38;5;3m[InstanceLoader] [39m[32mProfilesModule dependencies initialized[39m[38;5;3m +1ms[39m
[32m[Nest] 48756  - [39m04/24/2026, 2:43:27 PM [32m    LOG[39m [38;5;3m[InstanceLoader] [39m[32mTeacherProfilesModule dependencies initialized[39m[38;5;3m +0ms[39m
[32m[Nest] 48756  - [39m04/24/2026, 2:43:27 PM [32m    LOG[39m [38;5;3m[InstanceLoader] [39m[32mContentModulesModule dependencies initialized[39m[38;5;3m +0ms[39m
[32m[Nest] 48756  - [39m04/24/2026, 2:43:27 PM [32m    LOG[39m [38;5;3m[InstanceLoader] [39m[32mClassTemplatesModule dependencies initialized[39m[38;5;3m +0ms[39m
[32m[Nest] 48756  - [39m04/24/2026, 2:43:27 PM [32m    LOG[39m [38;5;3m[InstanceLoader] [39m[32mSchoolEventsModule dependencies initialized[39m[38;5;3m +1ms[39m
[32m[Nest] 48756  - [39m04/24/2026, 2:43:27 PM [32m    LOG[39m [38;5;3m[InstanceLoader] [39m[32mReportsModule dependencies initialized[39m[38;5;3m +0ms[39m
[32m[Nest] 48756  - [39m04/24/2026, 2:43:27 PM [32m    LOG[39m [38;5;3m[InstanceLoader] [39m[32mUsersModule dependencies initialized[39m[38;5;3m +1ms[39m
[32m[Nest] 48756  - [39m04/24/2026, 2:43:27 PM [32m    LOG[39m [38;5;3m[InstanceLoader] [39m[32mAdminModule dependencies initialized[39m[38;5;3m +0ms[39m
[32m[Nest] 48756  - [39m04/24/2026, 2:43:27 PM [32m    LOG[39m [38;5;3m[InstanceLoader] [39m[32mJaModule dependencies initialized[39m[38;5;3m +1ms[39m
[32m[Nest] 48756  - [39m04/24/2026, 2:43:27 PM [32m    LOG[39m [38;5;3m[InstanceLoader] [39m[32mNotificationsModule dependencies initialized[39m[38;5;3m +0ms[39m
[32m[Nest] 48756  - [39m04/24/2026, 2:43:27 PM [32m    LOG[39m [38;5;3m[InstanceLoader] [39m[32mDiscussionBoardModule dependencies initialized[39m[38;5;3m +1ms[39m
[32m[Nest] 48756  - [39m04/24/2026, 2:43:27 PM [32m    LOG[39m [38;5;3m[InstanceLoader] [39m[32mLessonsModule dependencies initialized[39m[38;5;3m +1ms[39m
[32m[Nest] 48756  - [39m04/24/2026, 2:43:27 PM [32m    LOG[39m [38;5;3m[InstanceLoader] [39m[32mFileUploadModule dependencies initialized[39m[38;5;3m +0ms[39m
[32m[Nest] 48756  - [39m04/24/2026, 2:43:27 PM [32m    LOG[39m [38;5;3m[InstanceLoader] [39m[32mAnnouncementsModule dependencies initialized[39m[38;5;3m +1ms[39m
[32m[Nest] 48756  - [39m04/24/2026, 2:43:27 PM [32m    LOG[39m [38;5;3m[InstanceLoader] [39m[32mAiMentorModule dependencies initialized[39m[38;5;3m +0ms[39m
[32m[Nest] 48756  - [39m04/24/2026, 2:43:27 PM [32m    LOG[39m [38;5;3m[InstanceLoader] [39m[32mAssessmentsModule dependencies initialized[39m[38;5;3m +1ms[39m
[32m[Nest] 48756  - [39m04/24/2026, 2:43:27 PM [32m    LOG[39m [38;5;3m[InstanceLoader] [39m[32mAuthModule dependencies initialized[39m[38;5;3m +0ms[39m
[32m[Nest] 48756  - [39m04/24/2026, 2:43:27 PM [32m    LOG[39m [38;5;3m[InstanceLoader] [39m[32mClassesModule dependencies initialized[39m[38;5;3m +0ms[39m
[32m[Nest] 48756  - [39m04/24/2026, 2:43:27 PM [32m    LOG[39m [38;5;3m[InstanceLoader] [39m[32mTeacherModule dependencies initialized[39m[38;5;3m +0ms[39m
2026-04-24 14:43:28 [32minfo[39m [Bootstrap] Swagger UI available at http://localhost:3000/api
2026-04-24 14:43:28 [32minfo[39m [NotificationsGateway] NotificationsGateway initialized (/notifications)
2026-04-24 14:43:28 [32minfo[39m [RoutesResolver] AuthController {/api/auth}:
2026-04-24 14:43:28 [32minfo[39m [RouterExplorer] Mapped {/api/auth/login, POST} route
2026-04-24 14:43:28 [32minfo[39m [RouterExplorer] Mapped {/api/auth/mobile/login, POST} route
2026-04-24 14:43:28 [32minfo[39m [RouterExplorer] Mapped {/api/auth/refresh, POST} route
2026-04-24 14:43:28 [32minfo[39m [RouterExplorer] Mapped {/api/auth/mobile/refresh, POST} route
2026-04-24 14:43:28 [32minfo[39m [RouterExplorer] Mapped {/api/auth/logout, POST} route
2026-04-24 14:43:28 [32minfo[39m [RouterExplorer] Mapped {/api/auth/mobile/logout, POST} route
2026-04-24 14:43:28 [32minfo[39m [RouterExplorer] Mapped {/api/auth/logout-all, POST} route
2026-04-24 14:43:28 [32minfo[39m [RouterExplorer] Mapped {/api/auth/forgot-password, POST} route
2026-04-24 14:43:28 [32minfo[39m [RouterExplorer] Mapped {/api/auth/reset-password, POST} route
2026-04-24 14:43:28 [32minfo[39m [RouterExplorer] Mapped {/api/auth/validate-credentials, POST} route
2026-04-24 14:43:28 [32minfo[39m [RouterExplorer] Mapped {/api/auth/me, GET} route
2026-04-24 14:43:28 [32minfo[39m [RouterExplorer] Mapped {/api/auth/change-password, POST} route
2026-04-24 14:43:28 [32minfo[39m [RouterExplorer] Mapped {/api/auth/set-initial-password, POST} route
2026-04-24 14:43:28 [32minfo[39m [RouterExplorer] Mapped {/api/auth/set-activation-password, POST} route
2026-04-24 14:43:28 [32minfo[39m [RouterExplorer] Mapped {/api/auth/profile, PATCH} route
2026-04-24 14:43:28 [32minfo[39m [RoutesResolver] UsersController {/api/users}:
2026-04-24 14:43:28 [32minfo[39m [RouterExplorer] Mapped {/api/users/all, GET} route
2026-04-24 14:43:28 [32minfo[39m [RouterExplorer] Mapped {/api/users/:id, GET} route
2026-04-24 14:43:28 [32minfo[39m [RouterExplorer] Mapped {/api/users/create, POST} route
2026-04-24 14:43:28 [32minfo[39m [RouterExplorer] Mapped {/api/users/update/:id, PUT} route
2026-04-24 14:43:28 [32minfo[39m [RouterExplorer] Mapped {/api/users/:id/reset-password, POST} route
2026-04-24 14:43:28 [32minfo[39m [RouterExplorer] Mapped {/api/users/delete/:id, DELETE} route
2026-04-24 14:43:28 [32minfo[39m [RouterExplorer] Mapped {/api/users/:id/suspend, PATCH} route
2026-04-24 14:43:28 [32minfo[39m [RouterExplorer] Mapped {/api/users/:id/reactivate, PATCH} route
2026-04-24 14:43:28 [32minfo[39m [RouterExplorer] Mapped {/api/users/:id/soft-delete, DELETE} route
2026-04-24 14:43:28 [32minfo[39m [RouterExplorer] Mapped {/api/users/:id/export, GET} route
2026-04-24 14:43:28 [32minfo[39m [RouterExplorer] Mapped {/api/users/:id/purge, DELETE} route
2026-04-24 14:43:28 [32minfo[39m [RouterExplorer] Mapped {/api/users/bulk/lifecycle, POST} route
2026-04-24 14:43:28 [32minfo[39m [RoutesResolver] OtpController {/api/otp}:
2026-04-24 14:43:28 [32minfo[39m [RouterExplorer] Mapped {/api/otp/verify, POST} route
2026-04-24 14:43:28 [32minfo[39m [RouterExplorer] Mapped {/api/otp/resend, POST} route
2026-04-24 14:43:28 [32minfo[39m [RoutesResolver] SectionsController {/api/sections}:
2026-04-24 14:43:28 [32minfo[39m [RouterExplorer] Mapped {/api/sections/all, GET} route
2026-04-24 14:43:28 [32minfo[39m [RouterExplorer] Mapped {/api/sections/my, GET} route
2026-04-24 14:43:28 [32minfo[39m [RouterExplorer] Mapped {/api/sections/:id, GET} route
2026-04-24 14:43:28 [32minfo[39m [RouterExplorer] Mapped {/api/sections/create, POST} route
2026-04-24 14:43:28 [32minfo[39m [RouterExplorer] Mapped {/api/sections/update/:id, PUT} route
2026-04-24 14:43:28 [32minfo[39m [RouterExplorer] Mapped {/api/sections/:id/presentation, PATCH} route
2026-04-24 14:43:28 [32minfo[39m [RouterExplorer] Mapped {/api/sections/:id/banner, POST} route
2026-04-24 14:43:28 [32minfo[39m [RouterExplorer] Mapped {/api/sections/delete/:id, DELETE} route
2026-04-24 14:43:28 [32minfo[39m [RouterExplorer] Mapped {/api/sections/bulk/lifecycle, POST} route
2026-04-24 14:43:28 [32minfo[39m [RouterExplorer] Mapped {/api/sections/:id/hide, PATCH} route
2026-04-24 14:43:28 [32minfo[39m [RouterExplorer] Mapped {/api/sections/:id/unhide, PATCH} route
2026-04-24 14:43:28 [32minfo[39m [RouterExplorer] Mapped {/api/sections/:id/restore, PUT} route
2026-04-24 14:43:28 [32minfo[39m [RouterExplorer] Mapped {/api/sections/:id/roster, GET} route
2026-04-24 14:43:28 [32minfo[39m [RouterExplorer] Mapped {/api/sections/:id/candidates, GET} route
2026-04-24 14:43:28 [32minfo[39m [RouterExplorer] Mapped {/api/sections/:id/roster, POST} route
2026-04-24 14:43:28 [32minfo[39m [RouterExplorer] Mapped {/api/sections/:id/roster/:studentId, DELETE} route
2026-04-24 14:43:28 [32minfo[39m [RouterExplorer] Mapped {/api/sections/permanent/:id, DELETE} route
2026-04-24 14:43:28 [32minfo[39m [RouterExplorer] Mapped {/api/sections/:id/students/:studentId/profile, GET} route
2026-04-24 14:43:28 [32minfo[39m [RouterExplorer] Mapped {/api/sections/:id/schedule, GET} route
2026-04-24 14:43:28 [32minfo[39m [RoutesResolver] SectionsPublicController {/api/sections}:
2026-04-24 14:43:28 [32minfo[39m [RouterExplorer] Mapped {/api/sections/banners/:filename, GET} route
2026-04-24 14:43:28 [32minfo[39m [RoutesResolver] ClassesController {/api/classes}:
2026-04-24 14:43:28 [32minfo[39m [RouterExplorer] Mapped {/api/classes, GET} route
2026-04-24 14:43:28 [32minfo[39m [RouterExplorer] Mapped {/api/classes/all, GET} route
2026-04-24 14:43:28 [32minfo[39m [RouterExplorer] Mapped {/api/classes/teacher/:teacherId, GET} route
2026-04-24 14:43:28 [32minfo[39m [RouterExplorer] Mapped {/api/classes/section/:sectionId, GET} route
2026-04-24 14:43:28 [32minfo[39m [RouterExplorer] Mapped {/api/classes/subject/:subjectCode, GET} route
2026-04-24 14:43:28 [32minfo[39m [RouterExplorer] Mapped {/api/classes/student/:studentId, GET} route
2026-04-24 14:43:28 [32minfo[39m [RouterExplorer] Mapped {/api/classes/student/:studentId/preferences/presentation, GET} route
2026-04-24 14:43:28 [32minfo[39m [RouterExplorer] Mapped {/api/classes/:id/student-presentation, PUT} route
2026-04-24 14:43:28 [32minfo[39m [RouterExplorer] Mapped {/api/classes/student/:studentId/preferences/view, GET} route
2026-04-24 14:43:28 [32minfo[39m [RouterExplorer] Mapped {/api/classes/student/:studentId/preferences/view, PUT} route
2026-04-24 14:43:28 [32minfo[39m [RouterExplorer] Mapped {/api/classes/:id, GET} route
2026-04-24 14:43:28 [32minfo[39m [RouterExplorer] Mapped {/api/classes, POST} route
2026-04-24 14:43:28 [32minfo[39m [RouterExplorer] Mapped {/api/classes/:id, PUT} route
2026-04-24 14:43:28 [32minfo[39m [RouterExplorer] Mapped {/api/classes/:id/presentation, PATCH} route
2026-04-24 14:43:28 [32minfo[39m [RouterExplorer] Mapped {/api/classes/:id/banner, POST} route
2026-04-24 14:43:28 [32minfo[39m [RouterExplorer] Mapped {/api/classes/:id/toggle-status, PUT} route
2026-04-24 14:43:28 [32minfo[39m [RouterExplorer] Mapped {/api/classes/bulk/lifecycle, POST} route
2026-04-24 14:43:28 [32minfo[39m [RouterExplorer] Mapped {/api/classes/:id/purge, DELETE} route
2026-04-24 14:43:28 [32minfo[39m [RouterExplorer] Mapped {/api/classes/:id, DELETE} route
2026-04-24 14:43:28 [32minfo[39m [RouterExplorer] Mapped {/api/classes/:id/hide, PATCH} route
2026-04-24 14:43:28 [32minfo[39m [RouterExplorer] Mapped {/api/classes/:id/unhide, PATCH} route
2026-04-24 14:43:28 [32minfo[39m [RouterExplorer] Mapped {/api/classes/:classId/enrollments, GET} route
2026-04-24 14:43:28 [32minfo[39m [RouterExplorer] Mapped {/api/classes/:classId/students/:studentId/profile, GET} route
2026-04-24 14:43:28 [32minfo[39m [RouterExplorer] Mapped {/api/classes/:classId/students/:studentId/overview, GET} route
2026-04-24 14:43:28 [32minfo[39m [RouterExplorer] Mapped {/api/classes/:classId/students/masterlist, GET} route
2026-04-24 14:43:28 [32minfo[39m [RouterExplorer] Mapped {/api/classes/:classId/candidates, GET} route
2026-04-24 14:43:28 [32minfo[39m [RouterExplorer] Mapped {/api/classes/:classId/enrollments, POST} route
2026-04-24 14:43:28 [32minfo[39m [RouterExplorer] Mapped {/api/classes/:classId/enrollments/:studentId, DELETE} route
2026-04-24 14:43:28 [32minfo[39m [RoutesResolver] ClassesPublicController {/api/classes}:
2026-04-24 14:43:28 [32minfo[39m [RouterExplorer] Mapped {/api/classes/banners/:filename, GET} route
2026-04-24 14:43:28 [32minfo[39m [RoutesResolver] ClassRecordController {/api/class-record}:
2026-04-24 14:43:28 [32minfo[39m [RouterExplorer] Mapped {/api/class-record, POST} route
2026-04-24 14:43:28 [32minfo[39m [RouterExplorer] Mapped {/api/class-record/:id, GET} route
2026-04-24 14:43:28 [32minfo[39m [RouterExplorer] Mapped {/api/class-record/by-class/:classId, GET} route
2026-04-24 14:43:28 [32minfo[39m [RouterExplorer] Mapped {/api/class-record/:id/spreadsheet, GET} route
2026-04-24 14:43:28 [32minfo[39m [RouterExplorer] Mapped {/api/class-record/items/:itemId/scores, POST} route
2026-04-24 14:43:28 [32minfo[39m [RouterExplorer] Mapped {/api/class-record/items/:itemId, PATCH} route
2026-04-24 14:43:28 [32minfo[39m [RouterExplorer] Mapped {/api/class-record/items/:itemId/scores/bulk, POST} route
2026-04-24 14:43:28 [32minfo[39m [RouterExplorer] Mapped {/api/class-record/items/:itemId/sync-scores, POST} route
2026-04-24 14:43:28 [32minfo[39m [RouterExplorer] Mapped {/api/class-record/:id/preview-grades, GET} route
2026-04-24 14:43:28 [32minfo[39m [RouterExplorer] Mapped {/api/class-record/:id/finalize, POST} route
2026-04-24 14:43:28 [32minfo[39m [RouterExplorer] Mapped {/api/class-record/:id/reopen, POST} route
2026-04-24 14:43:28 [32minfo[39m [RouterExplorer] Mapped {/api/class-record/by-class/:classId/slot-overview, GET} route
2026-04-24 14:43:28 [32minfo[39m [RouterExplorer] Mapped {/api/class-record/:id/final-grades, GET} route
2026-04-24 14:43:28 [32minfo[39m [RouterExplorer] Mapped {/api/class-record/:classRecordId/final-grades/:studentId, GET} route
2026-04-24 14:43:28 [32minfo[39m [RouterExplorer] Mapped {/api/class-record/adviser/section/:sectionId, GET} route
2026-04-24 14:43:28 [32minfo[39m [RouterExplorer] Mapped {/api/class-record/:id/reports/class-average, GET} route
2026-04-24 14:43:28 [32minfo[39m [RouterExplorer] Mapped {/api/class-record/:id/reports/distribution, GET} route
2026-04-24 14:43:28 [32minfo[39m [RouterExplorer] Mapped {/api/class-record/:id/reports/intervention, GET} route
2026-04-24 14:43:28 [32minfo[39m [RoutesResolver] AcademicStateController {/api/academic-state}:
2026-04-24 14:43:28 [32minfo[39m [RouterExplorer] Mapped {/api/academic-state/current, GET} route
2026-04-24 14:43:28 [32minfo[39m [RouterExplorer] Mapped {/api/academic-state/impact-preview, GET} route
2026-04-24 14:43:28 [32minfo[39m [RouterExplorer] Mapped {/api/academic-state/transition, POST} route
2026-04-24 14:43:28 [32minfo[39m [RoutesResolver] AiMentorController {/api/ai}:
2026-04-24 14:43:28 [32minfo[39m [RouterExplorer] Mapped {/api/ai/chat, POST} route
2026-04-24 14:43:28 [32minfo[39m [RouterExplorer] Mapped {/api/ai/mentor/explain, POST} route
2026-04-24 14:43:28 [32minfo[39m [RouterExplorer] Mapped {/api/ai/teacher/classes/:classId/policy, GET} route
2026-04-24 14:43:28 [32minfo[39m [RouterExplorer] Mapped {/api/ai/teacher/classes/:classId/policy, PATCH} route
2026-04-24 14:43:28 [32minfo[39m [RouterExplorer] Mapped {/api/ai/student/tutor/bootstrap, GET} route
2026-04-24 14:43:28 [32minfo[39m [RouterExplorer] Mapped {/api/ai/student/tutor/session, POST} route
2026-04-24 14:43:28 [32minfo[39m [RouterExplorer] Mapped {/api/ai/student/tutor/session/:sessionId, GET} route
2026-04-24 14:43:28 [32minfo[39m [RouterExplorer] Mapped {/api/ai/student/tutor/session/:sessionId/message, POST} route
2026-04-24 14:43:28 [32minfo[39m [RouterExplorer] Mapped {/api/ai/student/tutor/session/:sessionId/answers, POST} route
2026-04-24 14:43:28 [32minfo[39m [RouterExplorer] Mapped {/api/ai/health, GET} route
2026-04-24 14:43:28 [32minfo[39m [RouterExplorer] Mapped {/api/ai/demo/intervention-plan, POST} route
2026-04-24 14:43:28 [32minfo[39m [RouterExplorer] Mapped {/api/ai/extract-module, POST} route
2026-04-24 14:43:28 [32minfo[39m [RouterExplorer] Mapped {/api/ai/extractions/:id/status, GET} route
2026-04-24 14:43:28 [32minfo[39m [RouterExplorer] Mapped {/api/ai/extractions, GET} route
2026-04-24 14:43:28 [32minfo[39m [RouterExplorer] Mapped {/api/ai/extractions/:id, GET} route
2026-04-24 14:43:28 [32minfo[39m [RouterExplorer] Mapped {/api/ai/extractions/:id, PATCH} route
2026-04-24 14:43:28 [32minfo[39m [RouterExplorer] Mapped {/api/ai/extractions/:id/apply, POST} route
2026-04-24 14:43:28 [32minfo[39m [RouterExplorer] Mapped {/api/ai/extractions/:id, DELETE} route
2026-04-24 14:43:28 [32minfo[39m [RouterExplorer] Mapped {/api/ai/history, GET} route
2026-04-24 14:43:28 [32minfo[39m [RouterExplorer] Mapped {/api/ai/admin/chat, POST} route
2026-04-24 14:43:28 [32minfo[39m [RouterExplorer] Mapped {/api/ai/admin/history, GET} route
2026-04-24 14:43:28 [32minfo[39m [RouterExplorer] Mapped {/api/ai/admin/sessions/:sessionId, GET} route
2026-04-24 14:43:28 [32minfo[39m [RouterExplorer] Mapped {/api/ai/teacher/interventions/:caseId/recommend, POST} route
2026-04-24 14:43:28 [32minfo[39m [RouterExplorer] Mapped {/api/ai/teacher/interventions/:caseId/jobs, POST} route
2026-04-24 14:43:28 [32minfo[39m [RouterExplorer] Mapped {/api/ai/teacher/quizzes/generate-draft, POST} route
2026-04-24 14:43:28 [32minfo[39m [RouterExplorer] Mapped {/api/ai/teacher/quizzes/jobs, POST} route
2026-04-24 14:43:28 [32minfo[39m [RouterExplorer] Mapped {/api/ai/teacher/jobs/:jobId, GET} route
2026-04-24 14:43:28 [32minfo[39m [RouterExplorer] Mapped {/api/ai/teacher/jobs/:jobId/result, GET} route
2026-04-24 14:43:28 [32minfo[39m [RouterExplorer] Mapped {/api/ai/teacher/jobs/:jobId, DELETE} route
2026-04-24 14:43:28 [32minfo[39m [RouterExplorer] Mapped {/api/ai/index/classes/:classId/status, GET} route
2026-04-24 14:43:28 [32minfo[39m [RouterExplorer] Mapped {/api/ai/index/classes/:classId, POST} route
2026-04-24 14:43:28 [32minfo[39m [RoutesResolver] AdminController {/api/admin}:
2026-04-24 14:43:28 [32minfo[39m [RouterExplorer] Mapped {/api/admin/overview, GET} route
2026-04-24 14:43:28 [32minfo[39m [RouterExplorer] Mapped {/api/admin/dashboard/stats, GET} route
2026-04-24 14:43:28 [32minfo[39m [RouterExplorer] Mapped {/api/admin/audit-logs, GET} route
2026-04-24 14:43:28 [32minfo[39m [RouterExplorer] Mapped {/api/admin/usage-summary, GET} route
2026-04-24 14:43:28 [32minfo[39m [RouterExplorer] Mapped {/api/admin/activity-export, GET} route
2026-04-24 14:43:28 [32minfo[39m [RoutesResolver] ReportsController {/api/reports}:
2026-04-24 14:43:28 [32minfo[39m [RouterExplorer] Mapped {/api/reports/student-master-list, GET} route
2026-04-24 14:43:28 [32minfo[39m [RouterExplorer] Mapped {/api/reports/class-enrollment, GET} route
2026-04-24 14:43:28 [32minfo[39m [RouterExplorer] Mapped {/api/reports/student-performance, GET} route
2026-04-24 14:43:28 [32minfo[39m [RouterExplorer] Mapped {/api/reports/intervention-participation, GET} route
2026-04-24 14:43:28 [32minfo[39m [RouterExplorer] Mapped {/api/reports/assessment-summary, GET} route
2026-04-24 14:43:28 [32minfo[39m [RouterExplorer] Mapped {/api/reports/system-usage, GET} route
2026-04-24 14:43:28 [32minfo[39m [RoutesResolver] AnalyticsController {/api/analytics}:
2026-04-24 14:43:28 [32minfo[39m [RouterExplorer] Mapped {/api/analytics/classes/:classId/intervention-outcomes, GET} route
2026-04-24 14:43:28 [32minfo[39m [RouterExplorer] Mapped {/api/analytics/classes/:classId/trends, GET} route
2026-04-24 14:43:28 [32minfo[39m [RouterExplorer] Mapped {/api/analytics/teachers/:teacherId/workload, GET} route
2026-04-24 14:43:28 [32minfo[39m [RouterExplorer] Mapped {/api/analytics/admin/overview, GET} route
2026-04-24 14:43:28 [32minfo[39m [RoutesResolver] HealthController {/api/health}:
2026-04-24 14:43:28 [32minfo[39m [RouterExplorer] Mapped {/api/health/live, GET} route
2026-04-24 14:43:28 [32minfo[39m [RouterExplorer] Mapped {/api/health, GET} route
2026-04-24 14:43:28 [32minfo[39m [RouterExplorer] Mapped {/api/health/ready, GET} route
2026-04-24 14:43:28 [32minfo[39m [RoutesResolver] PerformanceController {/api/performance}:
2026-04-24 14:43:28 [32minfo[39m [RouterExplorer] Mapped {/api/performance/classes/:classId/recompute, POST} route
2026-04-24 14:43:28 [32minfo[39m [RouterExplorer] Mapped {/api/performance/classes/:classId/summary, GET} route
2026-04-24 14:43:28 [32minfo[39m [RouterExplorer] Mapped {/api/performance/classes/:classId/at-risk, GET} route
2026-04-24 14:43:28 [32minfo[39m [RouterExplorer] Mapped {/api/performance/classes/:classId/logs, GET} route
2026-04-24 14:43:28 [32minfo[39m [RouterExplorer] Mapped {/api/performance/classes/:classId/analysis/jobs, POST} route
2026-04-24 14:43:28 [32minfo[39m [RouterExplorer] Mapped {/api/performance/analysis/jobs/:jobId, GET} route
2026-04-24 14:43:28 [32minfo[39m [RouterExplorer] Mapped {/api/performance/analysis/jobs/:jobId/result, GET} route
2026-04-24 14:43:28 [32minfo[39m [RouterExplorer] Mapped {/api/performance/classes/:classId/diagnostics, GET} route
2026-04-24 14:43:28 [32minfo[39m [RouterExplorer] Mapped {/api/performance/admin/analytics, GET} route
2026-04-24 14:43:28 [32minfo[39m [RouterExplorer] Mapped {/api/performance/students/me/summary, GET} route
2026-04-24 14:43:28 [32minfo[39m [RoutesResolver] LxpController {/api/lxp}:
2026-04-24 14:43:28 [32minfo[39m [RouterExplorer] Mapped {/api/lxp/me/eligibility, GET} route
2026-04-24 14:43:28 [32minfo[39m [RouterExplorer] Mapped {/api/lxp/me/playlist/:classId, GET} route
2026-04-24 14:43:28 [32minfo[39m [RouterExplorer] Mapped {/api/lxp/me/overview/:classId, GET} route
2026-04-24 14:43:28 [32minfo[39m [RouterExplorer] Mapped {/api/lxp/me/playlist/:classId/checkpoints/:assignmentId/complete, POST} route
2026-04-24 14:43:28 [32minfo[39m [RouterExplorer] Mapped {/api/lxp/teacher/classes/:classId/interventions, GET} route
2026-04-24 14:43:28 [32minfo[39m [RouterExplorer] Mapped {/api/lxp/teacher/interventions/pending-count, GET} route
2026-04-24 14:43:28 [32minfo[39m [RouterExplorer] Mapped {/api/lxp/teacher/interventions/:caseId/assign, POST} route
2026-04-24 14:43:28 [32minfo[39m [RouterExplorer] Mapped {/api/lxp/teacher/interventions/:caseId/resolve, POST} route
2026-04-24 14:43:28 [32minfo[39m [RouterExplorer] Mapped {/api/lxp/teacher/interventions/:caseId/activate, POST} route
2026-04-24 14:43:28 [32minfo[39m [RouterExplorer] Mapped {/api/lxp/teacher/interventions/:caseId, GET} route
2026-04-24 14:43:28 [32minfo[39m [RouterExplorer] Mapped {/api/lxp/teacher/interventions/:caseId/detail, GET} route
2026-04-24 14:43:28 [32minfo[39m [RouterExplorer] Mapped {/api/lxp/teacher/classes/:classId/reports/summary, GET} route
2026-04-24 14:43:28 [32minfo[39m [RouterExplorer] Mapped {/api/lxp/evaluations, POST} route
2026-04-24 14:43:28 [32minfo[39m [RouterExplorer] Mapped {/api/lxp/evaluations, GET} route
2026-04-24 14:43:28 [32minfo[39m [RoutesResolver] NotificationsController {/api/notifications}:
2026-04-24 14:43:28 [32minfo[39m [RouterExplorer] Mapped {/api/notifications, GET} route
2026-04-24 14:43:28 [32minfo[39m [RouterExplorer] Mapped {/api/notifications/unread-count, GET} route
2026-04-24 14:43:28 [32minfo[39m [RouterExplorer] Mapped {/api/notifications/read-all, PATCH} route
2026-04-24 14:43:28 [32minfo[39m [RouterExplorer] Mapped {/api/notifications/:id/read, PATCH} route
2026-04-24 14:43:28 [32minfo[39m [RoutesResolver] LessonsController {/api/lessons}:
2026-04-24 14:43:28 [32minfo[39m [RouterExplorer] Mapped {/api/lessons/class/:classId, GET} route
2026-04-24 14:43:28 [32minfo[39m [RouterExplorer] Mapped {/api/lessons/class/:classId/drafts, GET} route
2026-04-24 14:43:28 [32minfo[39m [RouterExplorer] Mapped {/api/lessons/:id, GET} route
2026-04-24 14:43:28 [32minfo[39m [RouterExplorer] Mapped {/api/lessons, POST} route
2026-04-24 14:43:28 [32minfo[39m [RouterExplorer] Mapped {/api/lessons/:id, PUT} route
2026-04-24 14:43:28 [32minfo[39m [RouterExplorer] Mapped {/api/lessons/:id/publish, PUT} route
2026-04-24 14:43:28 [32minfo[39m [RouterExplorer] Mapped {/api/lessons/:id/versions, GET} route
2026-04-24 14:43:28 [32minfo[39m [RouterExplorer] Mapped {/api/lessons/:id/versions, POST} route
2026-04-24 14:43:28 [32minfo[39m [RouterExplorer] Mapped {/api/lessons/:id/versions/:versionId/restore, POST} route
2026-04-24 14:43:28 [32minfo[39m [RouterExplorer] Mapped {/api/lessons/class/:classId/bulk-status, PUT} route
2026-04-24 14:43:28 [32minfo[39m [RouterExplorer] Mapped {/api/lessons/class/:classId/bulk-delete, POST} route
2026-04-24 14:43:28 [32minfo[39m [RouterExplorer] Mapped {/api/lessons/class/:classId/reorder, PUT} route
2026-04-24 14:43:28 [32minfo[39m [RouterExplorer] Mapped {/api/lessons/:id, DELETE} route
2026-04-24 14:43:28 [32minfo[39m [RouterExplorer] Mapped {/api/lessons/:lessonId/blocks, POST} route
2026-04-24 14:43:28 [32minfo[39m [RouterExplorer] Mapped {/api/lessons/blocks/:blockId, PUT} route
2026-04-24 14:43:28 [32minfo[39m [RouterExplorer] Mapped {/api/lessons/blocks/:blockId, DELETE} route
2026-04-24 14:43:28 [32minfo[39m [RouterExplorer] Mapped {/api/lessons/:lessonId/reorder-blocks, PUT} route
2026-04-24 14:43:28 [32minfo[39m [RouterExplorer] Mapped {/api/lessons/:lessonId/complete, POST} route
2026-04-24 14:43:28 [32minfo[39m [RouterExplorer] Mapped {/api/lessons/:lessonId/completion-status, GET} route
2026-04-24 14:43:28 [32minfo[39m [RouterExplorer] Mapped {/api/lessons/class/:classId/completed, GET} route
2026-04-24 14:43:28 [32minfo[39m [RoutesResolver] AssessmentsController {/api/assessments}:
2026-04-24 14:43:28 [32minfo[39m [RouterExplorer] Mapped {/api/assessments/class/:classId, GET} route
2026-04-24 14:43:28 [32minfo[39m [RouterExplorer] Mapped {/api/assessments/:id, GET} route
2026-04-24 14:43:28 [32minfo[39m [RouterExplorer] Mapped {/api/assessments, POST} route
2026-04-24 14:43:28 [32minfo[39m [RouterExplorer] Mapped {/api/assessments/:id, PUT} route
2026-04-24 14:43:28 [32minfo[39m [RouterExplorer] Mapped {/api/assessments/:id/core-release, PATCH} route
2026-04-24 14:43:28 [32minfo[39m [RouterExplorer] Mapped {/api/assessments/:id, DELETE} route
2026-04-24 14:43:28 [32minfo[39m [RouterExplorer] Mapped {/api/assessments/questions, POST} route
2026-04-24 14:43:28 [32minfo[39m [RouterExplorer] Mapped {/api/assessments/questions/:id, PUT} route
2026-04-24 14:43:28 [32minfo[39m [RouterExplorer] Mapped {/api/assessments/questions/:id, DELETE} route
2026-04-24 14:43:28 [32minfo[39m [RouterExplorer] Mapped {/api/assessments/questions/:id/image, POST} route
2026-04-24 14:43:28 [32minfo[39m [RouterExplorer] Mapped {/api/assessments/questions/images-private/:filename, GET} route
2026-04-24 14:43:28 [32minfo[39m [RouterExplorer] Mapped {/api/assessments/:assessmentId/teacher-attachment, POST} route
2026-04-24 14:43:28 [32minfo[39m [RouterExplorer] Mapped {/api/assessments/:assessmentId/submission-file, POST} route
2026-04-24 14:43:28 [32minfo[39m [RouterExplorer] Mapped {/api/assessments/:assessmentId/teacher-attachment/download, GET} route
2026-04-24 14:43:28 [32minfo[39m [RouterExplorer] Mapped {/api/assessments/attempts/:attemptId/submission-file/download, GET} route
2026-04-24 14:43:28 [32minfo[39m [RouterExplorer] Mapped {/api/assessments/:assessmentId/start, POST} route
2026-04-24 14:43:28 [32minfo[39m [RouterExplorer] Mapped {/api/assessments/:assessmentId/ongoing-attempt, GET} route
2026-04-24 14:43:28 [32minfo[39m [RouterExplorer] Mapped {/api/assessments/attempts/ongoing, GET} route
2026-04-24 14:43:28 [32minfo[39m [RouterExplorer] Mapped {/api/assessments/attempts/:attemptId/progress, PATCH} route
2026-04-24 14:43:28 [32minfo[39m [RouterExplorer] Mapped {/api/assessments/submit, POST} route
2026-04-24 14:43:28 [32minfo[39m [RouterExplorer] Mapped {/api/assessments/:assessmentId/rubric-source, POST} route
2026-04-24 14:43:28 [32minfo[39m [RouterExplorer] Mapped {/api/assessments/:assessmentId/rubric-review, PUT} route
2026-04-24 14:43:28 [32minfo[39m [RouterExplorer] Mapped {/api/assessments/:assessmentId/unsubmit-file-upload, POST} route
2026-04-24 14:43:28 [32minfo[39m [RouterExplorer] Mapped {/api/assessments/attempts/:attemptId/results, GET} route
2026-04-24 14:43:28 [32minfo[39m [RouterExplorer] Mapped {/api/assessments/:assessmentId/student-attempts, GET} route
2026-04-24 14:43:28 [32minfo[39m [RouterExplorer] Mapped {/api/assessments/:assessmentId/all-attempts, GET} route
2026-04-24 14:43:28 [32minfo[39m [RouterExplorer] Mapped {/api/assessments/:assessmentId/stats, GET} route
2026-04-24 14:43:28 [32minfo[39m [RouterExplorer] Mapped {/api/assessments/:assessmentId/question-analytics, GET} route
2026-04-24 14:43:28 [32minfo[39m [RouterExplorer] Mapped {/api/assessments/:assessmentId/submissions, GET} route
2026-04-24 14:43:28 [32minfo[39m [RouterExplorer] Mapped {/api/assessments/attempts/:attemptId/return, POST} route
2026-04-24 14:43:28 [32minfo[39m [RouterExplorer] Mapped {/api/assessments/:assessmentId/return-all, POST} route
2026-04-24 14:43:28 [32minfo[39m [RoutesResolver] AssessmentsPublicController {/api/assessments}:
2026-04-24 14:43:28 [32minfo[39m [RouterExplorer] Mapped {/api/assessments/questions/images/:filename, GET} route
2026-04-24 14:43:28 [32minfo[39m [RoutesResolver] ProfilesController {/api/profiles}:
2026-04-24 14:43:28 [32minfo[39m [RouterExplorer] Mapped {/api/profiles/me, GET} route
2026-04-24 14:43:28 [32minfo[39m [RouterExplorer] Mapped {/api/profiles/me/academic-summary, GET} route
2026-04-24 14:43:28 [32minfo[39m [RouterExplorer] Mapped {/api/profiles/me/transcript, GET} route
2026-04-24 14:43:28 [32minfo[39m [RouterExplorer] Mapped {/api/profiles/me/assessment-history, GET} route
2026-04-24 14:43:28 [32minfo[39m [RouterExplorer] Mapped {/api/profiles/images/:filename, GET} route
2026-04-24 14:43:28 [32minfo[39m [RouterExplorer] Mapped {/api/profiles/:userId, GET} route
2026-04-24 14:43:28 [32minfo[39m [RouterExplorer] Mapped {/api/profiles/create, POST} route
2026-04-24 14:43:28 [32minfo[39m [RouterExplorer] Mapped {/api/profiles/update/:userId, PUT} route
2026-04-24 14:43:28 [32minfo[39m [RouterExplorer] Mapped {/api/profiles/me/avatar, POST} route
2026-04-24 14:43:28 [32minfo[39m [RoutesResolver] TeacherController {/api/teacher}:
2026-04-24 14:43:28 [32minfo[39m [RouterExplorer] Mapped {/api/teacher/lessons, GET} route
2026-04-24 14:43:28 [32minfo[39m [RouterExplorer] Mapped {/api/teacher/classes, GET} route
2026-04-24 14:43:28 [32minfo[39m [RouterExplorer] Mapped {/api/teacher/assessments, GET} route
2026-04-24 14:43:28 [32minfo[39m [RoutesResolver] MetricsController {/api}:
2026-04-24 14:43:28 [32minfo[39m [RouterExplorer] Mapped {/api/metrics, GET} route
2026-04-24 14:43:28 [32minfo[39m [RoutesResolver] FileUploadController {/api/files}:
2026-04-24 14:43:28 [32minfo[39m [RouterExplorer] Mapped {/api/files/upload, POST} route
2026-04-24 14:43:28 [32minfo[39m [RouterExplorer] Mapped {/api/files, GET} route
2026-04-24 14:43:28 [32minfo[39m [RouterExplorer] Mapped {/api/files/folders, GET} route
2026-04-24 14:43:28 [32minfo[39m [RouterExplorer] Mapped {/api/files/folders, POST} route
2026-04-24 14:43:28 [32minfo[39m [RouterExplorer] Mapped {/api/files/folders/:id, PATCH} route
2026-04-24 14:43:28 [32minfo[39m [RouterExplorer] Mapped {/api/files/folders/:id, DELETE} route
2026-04-24 14:43:28 [32minfo[39m [RouterExplorer] Mapped {/api/files/storage-summary, GET} route
2026-04-24 14:43:28 [32minfo[39m [RouterExplorer] Mapped {/api/files/:id, GET} route
2026-04-24 14:43:28 [32minfo[39m [RouterExplorer] Mapped {/api/files/:id, PATCH} route
2026-04-24 14:43:28 [32minfo[39m [RouterExplorer] Mapped {/api/files/:id/download, GET} route
2026-04-24 14:43:28 [32minfo[39m [RouterExplorer] Mapped {/api/files/:id/index/retry, POST} route
2026-04-24 14:43:28 [32minfo[39m [RouterExplorer] Mapped {/api/files/:id, DELETE} route
2026-04-24 14:43:28 [32minfo[39m [RoutesResolver] RosterImportController {/api/roster-import}:
2026-04-24 14:43:28 [32minfo[39m [RouterExplorer] Mapped {/api/roster-import/:sectionId/preview, POST} route
2026-04-24 14:43:28 [32minfo[39m [RouterExplorer] Mapped {/api/roster-import/:sectionId/commit, POST} route
2026-04-24 14:43:28 [32minfo[39m [RouterExplorer] Mapped {/api/roster-import/:sectionId/pending, GET} route
2026-04-24 14:43:28 [32minfo[39m [RouterExplorer] Mapped {/api/roster-import/pending/:id/resolve, PATCH} route
2026-04-24 14:43:28 [32minfo[39m [RoutesResolver] AnnouncementsController {/api/classes/:classId/announcements}:
2026-04-24 14:43:28 [32minfo[39m [RouterExplorer] Mapped {/api/classes/:classId/announcements, POST} route
2026-04-24 14:43:28 [32minfo[39m [RouterExplorer] Mapped {/api/classes/:classId/announcements, GET} route
2026-04-24 14:43:28 [32minfo[39m [RouterExplorer] Mapped {/api/classes/:classId/announcements/:id, GET} route
2026-04-24 14:43:28 [32minfo[39m [RouterExplorer] Mapped {/api/classes/:classId/announcements/:id, PATCH} route
2026-04-24 14:43:28 [32minfo[39m [RouterExplorer] Mapped {/api/classes/:classId/announcements/:id/core-release, PATCH} route
2026-04-24 14:43:28 [32minfo[39m [RouterExplorer] Mapped {/api/classes/:classId/announcements/:id, DELETE} route
2026-04-24 14:43:28 [32minfo[39m [RoutesResolver] TeacherProfilesController {/api/teacher-profiles}:
2026-04-24 14:43:28 [32minfo[39m [RouterExplorer] Mapped {/api/teacher-profiles/me, GET} route
2026-04-24 14:43:28 [32minfo[39m [RouterExplorer] Mapped {/api/teacher-profiles/:userId, GET} route
2026-04-24 14:43:28 [32minfo[39m [RouterExplorer] Mapped {/api/teacher-profiles/:userId, PUT} route
2026-04-24 14:43:28 [32minfo[39m [RouterExplorer] Mapped {/api/teacher-profiles/me/avatar, POST} route
2026-04-24 14:43:28 [32minfo[39m [RoutesResolver] ContentModulesController {/api/modules}:
2026-04-24 14:43:28 [32minfo[39m [RouterExplorer] Mapped {/api/modules/class/:classId, GET} route
2026-04-24 14:43:28 [32minfo[39m [RouterExplorer] Mapped {/api/modules/class/:classId/:moduleId, GET} route
2026-04-24 14:43:28 [32minfo[39m [RouterExplorer] Mapped {/api/modules, POST} route
2026-04-24 14:43:28 [32minfo[39m [RouterExplorer] Mapped {/api/modules/:moduleId, PATCH} route
2026-04-24 14:43:28 [32minfo[39m [RouterExplorer] Mapped {/api/modules/:moduleId/core-release, PATCH} route
2026-04-24 14:43:28 [32minfo[39m [RouterExplorer] Mapped {/api/modules/:moduleId, DELETE} route
2026-04-24 14:43:28 [32minfo[39m [RouterExplorer] Mapped {/api/modules/class/:classId/reorder, PUT} route
2026-04-24 14:43:28 [32minfo[39m [RouterExplorer] Mapped {/api/modules/:moduleId/sections, POST} route
2026-04-24 14:43:28 [32minfo[39m [RouterExplorer] Mapped {/api/modules/sections/:sectionId, PATCH} route
2026-04-24 14:43:28 [32minfo[39m [RouterExplorer] Mapped {/api/modules/sections/:sectionId, DELETE} route
2026-04-24 14:43:28 [32minfo[39m [RouterExplorer] Mapped {/api/modules/:moduleId/sections/reorder, PUT} route
2026-04-24 14:43:28 [32minfo[39m [RouterExplorer] Mapped {/api/modules/sections/:sectionId/items, POST} route
2026-04-24 14:43:28 [32minfo[39m [RouterExplorer] Mapped {/api/modules/items/:itemId, PATCH} route
2026-04-24 14:43:28 [32minfo[39m [RouterExplorer] Mapped {/api/modules/items/:itemId/core-release, PATCH} route
2026-04-24 14:43:28 [32minfo[39m [RouterExplorer] Mapped {/api/modules/items/:itemId, DELETE} route
2026-04-24 14:43:28 [32minfo[39m [RouterExplorer] Mapped {/api/modules/items/:itemId/file/download, GET} route
2026-04-24 14:43:28 [32minfo[39m [RouterExplorer] Mapped {/api/modules/sections/:sectionId/items/reorder, PUT} route
2026-04-24 14:43:28 [32minfo[39m [RouterExplorer] Mapped {/api/modules/:moduleId/grading-scale, PUT} route
2026-04-24 14:43:28 [32minfo[39m [RouterExplorer] Mapped {/api/modules/:moduleId/cover, POST} route
2026-04-24 14:43:28 [32minfo[39m [RouterExplorer] Mapped {/api/modules/covers/:filename, GET} route
2026-04-24 14:43:28 [32minfo[39m [RoutesResolver] SchoolEventsController {/api/school-events}:
2026-04-24 14:43:28 [32minfo[39m [RouterExplorer] Mapped {/api/school-events, GET} route
2026-04-24 14:43:28 [32minfo[39m [RouterExplorer] Mapped {/api/school-events, POST} route
2026-04-24 14:43:28 [32minfo[39m [RouterExplorer] Mapped {/api/school-events/:id, PATCH} route
2026-04-24 14:43:28 [32minfo[39m [RouterExplorer] Mapped {/api/school-events/:id, DELETE} route
2026-04-24 14:43:28 [32minfo[39m [RoutesResolver] JaController {/api/ai/student/ja/practice}:
2026-04-24 14:43:28 [32minfo[39m [RouterExplorer] Mapped {/api/ai/student/ja/practice/bootstrap, GET} route
2026-04-24 14:43:28 [32minfo[39m [RouterExplorer] Mapped {/api/ai/student/ja/practice/sessions, POST} route
2026-04-24 14:43:28 [32minfo[39m [RouterExplorer] Mapped {/api/ai/student/ja/practice/sessions/:sessionId, GET} route
2026-04-24 14:43:28 [32minfo[39m [RouterExplorer] Mapped {/api/ai/student/ja/practice/sessions/:sessionId/responses, POST} route
2026-04-24 14:43:28 [32minfo[39m [RouterExplorer] Mapped {/api/ai/student/ja/practice/sessions/:sessionId/events, POST} route
2026-04-24 14:43:28 [32minfo[39m [RouterExplorer] Mapped {/api/ai/student/ja/practice/sessions/:sessionId/complete, POST} route
2026-04-24 14:43:28 [32minfo[39m [RouterExplorer] Mapped {/api/ai/student/ja/practice/sessions/:sessionId, DELETE} route
2026-04-24 14:43:28 [32minfo[39m [RoutesResolver] JaHubController {/api/ai/student/ja}:
2026-04-24 14:43:28 [32minfo[39m [RouterExplorer] Mapped {/api/ai/student/ja/hub, GET} route
2026-04-24 14:43:28 [32minfo[39m [RouterExplorer] Mapped {/api/ai/student/ja/ask/bootstrap, GET} route
2026-04-24 14:43:28 [32minfo[39m [RouterExplorer] Mapped {/api/ai/student/ja/ask/threads, POST} route
2026-04-24 14:43:28 [32minfo[39m [RouterExplorer] Mapped {/api/ai/student/ja/ask/threads/:threadId, GET} route
2026-04-24 14:43:28 [32minfo[39m [RouterExplorer] Mapped {/api/ai/student/ja/ask/threads/:threadId/messages, POST} route
2026-04-24 14:43:28 [32minfo[39m [RouterExplorer] Mapped {/api/ai/student/ja/review/bootstrap, GET} route
2026-04-24 14:43:28 [32minfo[39m [RouterExplorer] Mapped {/api/ai/student/ja/review/sessions, POST} route
2026-04-24 14:43:28 [32minfo[39m [RouterExplorer] Mapped {/api/ai/student/ja/review/sessions/:sessionId, GET} route
2026-04-24 14:43:28 [32minfo[39m [RouterExplorer] Mapped {/api/ai/student/ja/review/sessions/:sessionId/responses, POST} route
2026-04-24 14:43:28 [32minfo[39m [RouterExplorer] Mapped {/api/ai/student/ja/review/sessions/:sessionId/events, POST} route
2026-04-24 14:43:28 [32minfo[39m [RouterExplorer] Mapped {/api/ai/student/ja/review/sessions/:sessionId/complete, POST} route
2026-04-24 14:43:28 [32minfo[39m [RoutesResolver] ClassTemplatesController {/api/class-templates}:
2026-04-24 14:43:28 [32minfo[39m [RouterExplorer] Mapped {/api/class-templates, GET} route
2026-04-24 14:43:28 [32minfo[39m [RouterExplorer] Mapped {/api/class-templates/compatible, GET} route
2026-04-24 14:43:28 [32minfo[39m [RouterExplorer] Mapped {/api/class-templates, POST} route
2026-04-24 14:43:28 [32minfo[39m [RouterExplorer] Mapped {/api/class-templates/:id, GET} route
2026-04-24 14:43:28 [32minfo[39m [RouterExplorer] Mapped {/api/class-templates/:id, PATCH} route
2026-04-24 14:43:28 [32minfo[39m [RouterExplorer] Mapped {/api/class-templates/:id, DELETE} route
2026-04-24 14:43:28 [32minfo[39m [RouterExplorer] Mapped {/api/class-templates/:id/publish, POST} route
2026-04-24 14:43:28 [32minfo[39m [RouterExplorer] Mapped {/api/class-templates/:id/content, GET} route
2026-04-24 14:43:28 [32minfo[39m [RouterExplorer] Mapped {/api/class-templates/:id/content, PUT} route
2026-04-24 14:43:28 [32minfo[39m [RouterExplorer] Mapped {/api/class-templates/:id/engine-export, GET} route
2026-04-24 14:43:28 [32minfo[39m [RouterExplorer] Mapped {/api/class-templates/engine-import/validate, POST} route
2026-04-24 14:43:28 [32minfo[39m [RouterExplorer] Mapped {/api/class-templates/engine-import, POST} route
2026-04-24 14:43:28 [32minfo[39m [RoutesResolver] DiscussionBoardController {/api/classes/:classId/discussion-threads}:
2026-04-24 14:43:28 [32minfo[39m [RouterExplorer] Mapped {/api/classes/:classId/discussion-threads/uploads, POST} route
2026-04-24 14:43:28 [32minfo[39m [RouterExplorer] Mapped {/api/classes/:classId/discussion-threads/:threadId/comments/uploads, POST} route
2026-04-24 14:43:28 [32minfo[39m [RouterExplorer] Mapped {/api/classes/:classId/discussion-threads, POST} route
2026-04-24 14:43:28 [32minfo[39m [RouterExplorer] Mapped {/api/classes/:classId/discussion-threads, GET} route
2026-04-24 14:43:28 [32minfo[39m [RouterExplorer] Mapped {/api/classes/:classId/discussion-threads/:threadId, GET} route
2026-04-24 14:43:28 [32minfo[39m [RouterExplorer] Mapped {/api/classes/:classId/discussion-threads/:threadId, PATCH} route
2026-04-24 14:43:28 [32minfo[39m [RouterExplorer] Mapped {/api/classes/:classId/discussion-threads/:threadId/publish, POST} route
2026-04-24 14:43:28 [32minfo[39m [RouterExplorer] Mapped {/api/classes/:classId/discussion-threads/:threadId/close, POST} route
2026-04-24 14:43:28 [32minfo[39m [RouterExplorer] Mapped {/api/classes/:classId/discussion-threads/:threadId/reopen, POST} route
2026-04-24 14:43:28 [32minfo[39m [RouterExplorer] Mapped {/api/classes/:classId/discussion-threads/:threadId, DELETE} route
2026-04-24 14:43:28 [32minfo[39m [RouterExplorer] Mapped {/api/classes/:classId/discussion-threads/:threadId/comments, POST} route
2026-04-24 14:43:28 [32minfo[39m [RouterExplorer] Mapped {/api/classes/:classId/discussion-threads/:threadId/comments/:commentId, DELETE} route
2026-04-24 14:43:28 [32minfo[39m [RouterExplorer] Mapped {/api/classes/:classId/discussion-threads/:threadId/comments/:commentId/reaction, PUT} route
2026-04-24 14:43:28 [32minfo[39m [RouterExplorer] Mapped {/api/classes/:classId/discussion-threads/:threadId/comments/:commentId/reaction, DELETE} route
2026-04-24 14:43:28 [32minfo[39m [RouterExplorer] Mapped {/api/classes/:classId/discussion-threads/:threadId/attachments/:attachmentId/inline, GET} route
2026-04-24 14:43:28 [32minfo[39m [RouterExplorer] Mapped {/api/classes/:classId/discussion-threads/:threadId/attachments/:attachmentId/download, GET} route
2026-04-24 14:43:28 [32minfo[39m [RouterExplorer] Mapped {/api/classes/:classId/discussion-threads/:threadId/comments/:commentId/attachments/:attachmentId/inline, GET} route
2026-04-24 14:43:28 [32minfo[39m [RouterExplorer] Mapped {/api/classes/:classId/discussion-threads/:threadId/comments/:commentId/attachments/:attachmentId/download, GET} route
2026-04-24 14:43:28 [34mdebug[39m [DatabaseService] New database connection established
2026-04-24 14:43:28 [32minfo[39m [DatabaseService] ✅ Database connection verified
2026-04-24 14:43:28 [32minfo[39m [NestApplication] Nest application successfully started
2026-04-24 14:43:28 [32minfo[39m [Bootstrap] Application running on http://localhost:3000 [development]
2026-04-24 14:43:28 [32minfo[39m [Bootstrap] CORS allowlist: http://localhost:3001, http://localhost:8081, http://localhost:5173, http://127.0.0.1:5173, http://127.0.0.1:8081, http://127.0.0.1:3001
2026-04-24 14:43:28 [32minfo[39m [NotificationsGateway] [WS] Connected: ZQ4uQ2OOaIUcF-p3AAAB → user:bd1fdd95-f1fb-4049-a60d-4b7261095e82
2026-04-24 14:43:50 [32minfo[39m [NotificationsGateway] [WS] Disconnected: ZQ4uQ2OOaIUcF-p3AAAB (user:bd1fdd95-f1fb-4049-a60d-4b7261095e82)
Query: begin
Query: update "refresh_tokens" set "revoked" = $1 where ("refresh_tokens"."token_hash" = $2 and "refresh_tokens"."revoked" = $3 and "refresh_tokens"."expires_at" > $4) returning "id", "user_id", "token_hash", "user_agent", "ip", "revoked", "expires_at", "created_at" -- params: [true, "e1a51094ef551bff8b96ccea84f88a6d0922c644c9c66a6df451c957ca33ad32", false, "2026-04-24T06:43:51.228Z"]
Query: insert into "refresh_tokens" ("id", "user_id", "token_hash", "user_agent", "ip", "revoked", "expires_at", "created_at") values (default, $1, $2, $3, $4, $5, $6, default) -- params: ["bd1fdd95-f1fb-4049-a60d-4b7261095e82", "22f5186e0bceb1dc028c926ccf86eac7290d230fbdd4e168d4b1194dfabd90f2", "Mozilla/5.0 (Windows NT 10.0; Win64; x64) AppleWebKit/537.36 (KHTML, like Gecko) HeadlessChrome/147.0.0.0 Safari/537.36", "127.0.0.1", false, "2026-05-01T06:43:51.306Z"]
Query: commit
Query: select "id", "email", "password", "first_name", "middle_name", "last_name", "account_status", "is_email_verified", "last_login_at", "created_at", "updated_at" from "users" "users" where "users"."id" = $1 limit $2 -- params: ["bd1fdd95-f1fb-4049-a60d-4b7261095e82", 1]
Query: select "user_id", "date_of_birth", "profile_picture", "gender", "phone", "address", "family_name", "family_relationship", "family_contact", "grade_level", "lrn", "created_at", "updated_at" from "student_profiles" "studentProfiles" where "studentProfiles"."user_id" = $1 limit $2 -- params: ["bd1fdd95-f1fb-4049-a60d-4b7261095e82", 1]
Query: select "userRoles"."user_id", "userRoles"."role_id", "userRoles"."assigned_at", "userRoles"."assigned_by", "userRoles_role"."data" as "role" from "user_roles" "userRoles" left join lateral (select json_build_array("userRoles_role"."id", "userRoles_role"."name", "userRoles_role"."description", "userRoles_role"."created_at") as "data" from (select * from "roles" "userRoles_role" where "userRoles_role"."id" = "userRoles"."role_id" limit $1) "userRoles_role") "userRoles_role" on true where "userRoles"."user_id" = $2 -- params: [1, "bd1fdd95-f1fb-4049-a60d-4b7261095e82"]
2026-04-24 14:43:51 [34mdebug[39m [DatabaseService] New database connection established
Query: select "user_id", "department", "specialization", "profile_picture", "contact_number", "date_of_birth", "gender", "address", "employee_id", "created_at", "updated_at" from "teacher_profiles" "teacherProfiles" where "teacherProfiles"."user_id" = $1 limit $2 -- params: ["bd1fdd95-f1fb-4049-a60d-4b7261095e82", 1]
2026-04-24 14:43:51 [34mdebug[39m [JwtAuthGuard] [AUTH-GUARD] Authorization header present: true
2026-04-24 14:43:51 [34mdebug[39m [JwtStrategy] [JWT-STRAT] Validating token for userId: bd1fdd95-f1fb-4049-a60d-4b7261095e82
Query: select "id", "email", "password", "first_name", "middle_name", "last_name", "account_status", "is_email_verified", "last_login_at", "created_at", "updated_at" from "users" "users" where "users"."id" = $1 limit $2 -- params: ["bd1fdd95-f1fb-4049-a60d-4b7261095e82", 1]
Query: select "user_id", "date_of_birth", "profile_picture", "gender", "phone", "address", "family_name", "family_relationship", "family_contact", "grade_level", "lrn", "created_at", "updated_at" from "student_profiles" "studentProfiles" where "studentProfiles"."user_id" = $1 limit $2 -- params: ["bd1fdd95-f1fb-4049-a60d-4b7261095e82", 1]
Query: select "userRoles"."user_id", "userRoles"."role_id", "userRoles"."assigned_at", "userRoles"."assigned_by", "userRoles_role"."data" as "role" from "user_roles" "userRoles" left join lateral (select json_build_array("userRoles_role"."id", "userRoles_role"."name", "userRoles_role"."description", "userRoles_role"."created_at") as "data" from (select * from "roles" "userRoles_role" where "userRoles_role"."id" = "userRoles"."role_id" limit $1) "userRoles_role") "userRoles_role" on true where "userRoles"."user_id" = $2 -- params: [1, "bd1fdd95-f1fb-4049-a60d-4b7261095e82"]
Query: select "user_id", "department", "specialization", "profile_picture", "contact_number", "date_of_birth", "gender", "address", "employee_id", "created_at", "updated_at" from "teacher_profiles" "teacherProfiles" where "teacherProfiles"."user_id" = $1 limit $2 -- params: ["bd1fdd95-f1fb-4049-a60d-4b7261095e82", 1]
2026-04-24 14:43:51 [34mdebug[39m [JwtStrategy] [JWT-STRAT] User lookup for bd1fdd95-f1fb-4049-a60d-4b7261095e82: found=true
2026-04-24 14:43:51 [34mdebug[39m [JwtAuthGuard] [AUTH-GUARD] Authorization header present: true
2026-04-24 14:43:51 [34mdebug[39m [JwtStrategy] [JWT-STRAT] Validating token for userId: bd1fdd95-f1fb-4049-a60d-4b7261095e82
Query: select "id", "email", "password", "first_name", "middle_name", "last_name", "account_status", "is_email_verified", "last_login_at", "created_at", "updated_at" from "users" "users" where "users"."id" = $1 limit $2 -- params: ["bd1fdd95-f1fb-4049-a60d-4b7261095e82", 1]
Query: select "user_id", "date_of_birth", "profile_picture", "gender", "phone", "address", "family_name", "family_relationship", "family_contact", "grade_level", "lrn", "created_at", "updated_at" from "student_profiles" "studentProfiles" where "studentProfiles"."user_id" = $1 limit $2 -- params: ["bd1fdd95-f1fb-4049-a60d-4b7261095e82", 1]
Query: select "userRoles"."user_id", "userRoles"."role_id", "userRoles"."assigned_at", "userRoles"."assigned_by", "userRoles_role"."data" as "role" from "user_roles" "userRoles" left join lateral (select json_build_array("userRoles_role"."id", "userRoles_role"."name", "userRoles_role"."description", "userRoles_role"."created_at") as "data" from (select * from "roles" "userRoles_role" where "userRoles_role"."id" = "userRoles"."role_id" limit $1) "userRoles_role") "userRoles_role" on true where "userRoles"."user_id" = $2 -- params: [1, "bd1fdd95-f1fb-4049-a60d-4b7261095e82"]
Query: select "user_id", "department", "specialization", "profile_picture", "contact_number", "date_of_birth", "gender", "address", "employee_id", "created_at", "updated_at" from "teacher_profiles" "teacherProfiles" where "teacherProfiles"."user_id" = $1 limit $2 -- params: ["bd1fdd95-f1fb-4049-a60d-4b7261095e82", 1]
2026-04-24 14:43:51 [34mdebug[39m [JwtStrategy] [JWT-STRAT] User lookup for bd1fdd95-f1fb-4049-a60d-4b7261095e82: found=true
2026-04-24 14:43:52 [32minfo[39m [NotificationsGateway] [WS] Connected: tNv8n3bcOTDfzsWOAAAE → user:bd1fdd95-f1fb-4049-a60d-4b7261095e82
2026-04-24 14:43:52 [34mdebug[39m [JwtAuthGuard] [AUTH-GUARD] Authorization header present: true
2026-04-24 14:43:52 [34mdebug[39m [JwtStrategy] [JWT-STRAT] Validating token for userId: bd1fdd95-f1fb-4049-a60d-4b7261095e82
Query: select "id", "email", "password", "first_name", "middle_name", "last_name", "account_status", "is_email_verified", "last_login_at", "created_at", "updated_at" from "users" "users" where "users"."id" = $1 limit $2 -- params: ["bd1fdd95-f1fb-4049-a60d-4b7261095e82", 1]
2026-04-24 14:43:52 [34mdebug[39m [JwtAuthGuard] [AUTH-GUARD] Authorization header present: true
2026-04-24 14:43:52 [34mdebug[39m [JwtStrategy] [JWT-STRAT] Validating token for userId: bd1fdd95-f1fb-4049-a60d-4b7261095e82
Query: select "id", "email", "password", "first_name", "middle_name", "last_name", "account_status", "is_email_verified", "last_login_at", "created_at", "updated_at" from "users" "users" where "users"."id" = $1 limit $2 -- params: ["bd1fdd95-f1fb-4049-a60d-4b7261095e82", 1]
Query: select "user_id", "date_of_birth", "profile_picture", "gender", "phone", "address", "family_name", "family_relationship", "family_contact", "grade_level", "lrn", "created_at", "updated_at" from "student_profiles" "studentProfiles" where "studentProfiles"."user_id" = $1 limit $2 -- params: ["bd1fdd95-f1fb-4049-a60d-4b7261095e82", 1]
Query: select "userRoles"."user_id", "userRoles"."role_id", "userRoles"."assigned_at", "userRoles"."assigned_by", "userRoles_role"."data" as "role" from "user_roles" "userRoles" left join lateral (select json_build_array("userRoles_role"."id", "userRoles_role"."name", "userRoles_role"."description", "userRoles_role"."created_at") as "data" from (select * from "roles" "userRoles_role" where "userRoles_role"."id" = "userRoles"."role_id" limit $1) "userRoles_role") "userRoles_role" on true where "userRoles"."user_id" = $2 -- params: [1, "bd1fdd95-f1fb-4049-a60d-4b7261095e82"]
Query: select "user_id", "date_of_birth", "profile_picture", "gender", "phone", "address", "family_name", "family_relationship", "family_contact", "grade_level", "lrn", "created_at", "updated_at" from "student_profiles" "studentProfiles" where "studentProfiles"."user_id" = $1 limit $2 -- params: ["bd1fdd95-f1fb-4049-a60d-4b7261095e82", 1]
Query: select "userRoles"."user_id", "userRoles"."role_id", "userRoles"."assigned_at", "userRoles"."assigned_by", "userRoles_role"."data" as "role" from "user_roles" "userRoles" left join lateral (select json_build_array("userRoles_role"."id", "userRoles_role"."name", "userRoles_role"."description", "userRoles_role"."created_at") as "data" from (select * from "roles" "userRoles_role" where "userRoles_role"."id" = "userRoles"."role_id" limit $1) "userRoles_role") "userRoles_role" on true where "userRoles"."user_id" = $2 -- params: [1, "bd1fdd95-f1fb-4049-a60d-4b7261095e82"]
Query: select "user_id", "department", "specialization", "profile_picture", "contact_number", "date_of_birth", "gender", "address", "employee_id", "created_at", "updated_at" from "teacher_profiles" "teacherProfiles" where "teacherProfiles"."user_id" = $1 limit $2 -- params: ["bd1fdd95-f1fb-4049-a60d-4b7261095e82", 1]
2026-04-24 14:43:52 [34mdebug[39m [JwtStrategy] [JWT-STRAT] User lookup for bd1fdd95-f1fb-4049-a60d-4b7261095e82: found=true
2026-04-24 14:43:52 [34mdebug[39m [JwtAuthGuard] [AUTH-GUARD] Authorization header present: true
2026-04-24 14:43:52 [34mdebug[39m [JwtStrategy] [JWT-STRAT] Validating token for userId: bd1fdd95-f1fb-4049-a60d-4b7261095e82
Query: select "id", "email", "password", "first_name", "middle_name", "last_name", "account_status", "is_email_verified", "last_login_at", "created_at", "updated_at" from "users" "users" where "users"."id" = $1 limit $2 -- params: ["bd1fdd95-f1fb-4049-a60d-4b7261095e82", 1]
2026-04-24 14:43:52 [34mdebug[39m [JwtAuthGuard] [AUTH-GUARD] Authorization header present: true
2026-04-24 14:43:52 [34mdebug[39m [JwtStrategy] [JWT-STRAT] Validating token for userId: bd1fdd95-f1fb-4049-a60d-4b7261095e82
Query: select "id", "email", "password", "first_name", "middle_name", "last_name", "account_status", "is_email_verified", "last_login_at", "created_at", "updated_at" from "users" "users" where "users"."id" = $1 limit $2 -- params: ["bd1fdd95-f1fb-4049-a60d-4b7261095e82", 1]
2026-04-24 14:43:52 [34mdebug[39m [JwtAuthGuard] [AUTH-GUARD] Authorization header present: true
2026-04-24 14:43:52 [34mdebug[39m [JwtStrategy] [JWT-STRAT] Validating token for userId: bd1fdd95-f1fb-4049-a60d-4b7261095e82
Query: select "id", "email", "password", "first_name", "middle_name", "last_name", "account_status", "is_email_verified", "last_login_at", "created_at", "updated_at" from "users" "users" where "users"."id" = $1 limit $2 -- params: ["bd1fdd95-f1fb-4049-a60d-4b7261095e82", 1]
Query: select "user_id", "date_of_birth", "profile_picture", "gender", "phone", "address", "family_name", "family_relationship", "family_contact", "grade_level", "lrn", "created_at", "updated_at" from "student_profiles" "studentProfiles" where "studentProfiles"."user_id" = $1 limit $2 -- params: ["bd1fdd95-f1fb-4049-a60d-4b7261095e82", 1]
Query: select "userRoles"."user_id", "userRoles"."role_id", "userRoles"."assigned_at", "userRoles"."assigned_by", "userRoles_role"."data" as "role" from "user_roles" "userRoles" left join lateral (select json_build_array("userRoles_role"."id", "userRoles_role"."name", "userRoles_role"."description", "userRoles_role"."created_at") as "data" from (select * from "roles" "userRoles_role" where "userRoles_role"."id" = "userRoles"."role_id" limit $1) "userRoles_role") "userRoles_role" on true where "userRoles"."user_id" = $2 -- params: [1, "bd1fdd95-f1fb-4049-a60d-4b7261095e82"]
Query: select "user_id", "date_of_birth", "profile_picture", "gender", "phone", "address", "family_name", "family_relationship", "family_contact", "grade_level", "lrn", "created_at", "updated_at" from "student_profiles" "studentProfiles" where "studentProfiles"."user_id" = $1 limit $2 -- params: ["bd1fdd95-f1fb-4049-a60d-4b7261095e82", 1]
Query: select "userRoles"."user_id", "userRoles"."role_id", "userRoles"."assigned_at", "userRoles"."assigned_by", "userRoles_role"."data" as "role" from "user_roles" "userRoles" left join lateral (select json_build_array("userRoles_role"."id", "userRoles_role"."name", "userRoles_role"."description", "userRoles_role"."created_at") as "data" from (select * from "roles" "userRoles_role" where "userRoles_role"."id" = "userRoles"."role_id" limit $1) "userRoles_role") "userRoles_role" on true where "userRoles"."user_id" = $2 -- params: [1, "bd1fdd95-f1fb-4049-a60d-4b7261095e82"]
2026-04-24 14:43:52 [34mdebug[39m [DatabaseService] New database connection established
Query: select "user_id", "department", "specialization", "profile_picture", "contact_number", "date_of_birth", "gender", "address", "employee_id", "created_at", "updated_at" from "teacher_profiles" "teacherProfiles" where "teacherProfiles"."user_id" = $1 limit $2 -- params: ["bd1fdd95-f1fb-4049-a60d-4b7261095e82", 1]
2026-04-24 14:43:52 [34mdebug[39m [JwtStrategy] [JWT-STRAT] User lookup for bd1fdd95-f1fb-4049-a60d-4b7261095e82: found=true
2026-04-24 14:43:52 [34mdebug[39m [JwtAuthGuard] [AUTH-GUARD] Authorization header present: true
2026-04-24 14:43:52 [34mdebug[39m [JwtStrategy] [JWT-STRAT] Validating token for userId: bd1fdd95-f1fb-4049-a60d-4b7261095e82
Query: select "id", "email", "password", "first_name", "middle_name", "last_name", "account_status", "is_email_verified", "last_login_at", "created_at", "updated_at" from "users" "users" where "users"."id" = $1 limit $2 -- params: ["bd1fdd95-f1fb-4049-a60d-4b7261095e82", 1]
Query: select "user_id", "date_of_birth", "profile_picture", "gender", "phone", "address", "family_name", "family_relationship", "family_contact", "grade_level", "lrn", "created_at", "updated_at" from "student_profiles" "studentProfiles" where "studentProfiles"."user_id" = $1 limit $2 -- params: ["bd1fdd95-f1fb-4049-a60d-4b7261095e82", 1]
Query: select "userRoles"."user_id", "userRoles"."role_id", "userRoles"."assigned_at", "userRoles"."assigned_by", "userRoles_role"."data" as "role" from "user_roles" "userRoles" left join lateral (select json_build_array("userRoles_role"."id", "userRoles_role"."name", "userRoles_role"."description", "userRoles_role"."created_at") as "data" from (select * from "roles" "userRoles_role" where "userRoles_role"."id" = "userRoles"."role_id" limit $1) "userRoles_role") "userRoles_role" on true where "userRoles"."user_id" = $2 -- params: [1, "bd1fdd95-f1fb-4049-a60d-4b7261095e82"]
2026-04-24 14:43:52 [34mdebug[39m [DatabaseService] New database connection established
Query: select "user_id", "department", "specialization", "profile_picture", "contact_number", "date_of_birth", "gender", "address", "employee_id", "created_at", "updated_at" from "teacher_profiles" "teacherProfiles" where "teacherProfiles"."user_id" = $1 limit $2 -- params: ["bd1fdd95-f1fb-4049-a60d-4b7261095e82", 1]
2026-04-24 14:43:52 [34mdebug[39m [DatabaseService] New database connection established
2026-04-24 14:43:52 [34mdebug[39m [DatabaseService] New database connection established
2026-04-24 14:43:52 [34mdebug[39m [JwtStrategy] [JWT-STRAT] User lookup for bd1fdd95-f1fb-4049-a60d-4b7261095e82: found=true
2026-04-24 14:43:52 [34mdebug[39m [RolesGuard] [ROLES] Required: ["teacher","student","admin"] | User roles: ["teacher"] | Path: /api/notifications?limit=50
Query: select "id", "user_id", "type", "reference_id", "title", "body", "is_read", "read_at", "created_at" from "notifications" "notifications" where "notifications"."user_id" = $1 order by "notifications"."created_at" desc limit $2 -- params: ["bd1fdd95-f1fb-4049-a60d-4b7261095e82", 50]
Query: select count(*) from "notifications" where "notifications"."user_id" = $1 -- params: ["bd1fdd95-f1fb-4049-a60d-4b7261095e82"]
Query: select "user_id", "date_of_birth", "profile_picture", "gender", "phone", "address", "family_name", "family_relationship", "family_contact", "grade_level", "lrn", "created_at", "updated_at" from "student_profiles" "studentProfiles" where "studentProfiles"."user_id" = $1 limit $2 -- params: ["bd1fdd95-f1fb-4049-a60d-4b7261095e82", 1]
Query: select "userRoles"."user_id", "userRoles"."role_id", "userRoles"."assigned_at", "userRoles"."assigned_by", "userRoles_role"."data" as "role" from "user_roles" "userRoles" left join lateral (select json_build_array("userRoles_role"."id", "userRoles_role"."name", "userRoles_role"."description", "userRoles_role"."created_at") as "data" from (select * from "roles" "userRoles_role" where "userRoles_role"."id" = "userRoles"."role_id" limit $1) "userRoles_role") "userRoles_role" on true where "userRoles"."user_id" = $2 -- params: [1, "bd1fdd95-f1fb-4049-a60d-4b7261095e82"]
Query: select "user_id", "department", "specialization", "profile_picture", "contact_number", "date_of_birth", "gender", "address", "employee_id", "created_at", "updated_at" from "teacher_profiles" "teacherProfiles" where "teacherProfiles"."user_id" = $1 limit $2 -- params: ["bd1fdd95-f1fb-4049-a60d-4b7261095e82", 1]
Query: select "user_id", "department", "specialization", "profile_picture", "contact_number", "date_of_birth", "gender", "address", "employee_id", "created_at", "updated_at" from "teacher_profiles" "teacherProfiles" where "teacherProfiles"."user_id" = $1 limit $2 -- params: ["bd1fdd95-f1fb-4049-a60d-4b7261095e82", 1]
Query: select "user_id", "department", "specialization", "profile_picture", "contact_number", "date_of_birth", "gender", "address", "employee_id", "created_at", "updated_at" from "teacher_profiles" "teacherProfiles" where "teacherProfiles"."user_id" = $1 limit $2 -- params: ["bd1fdd95-f1fb-4049-a60d-4b7261095e82", 1]
2026-04-24 14:43:52 [34mdebug[39m [JwtStrategy] [JWT-STRAT] User lookup for bd1fdd95-f1fb-4049-a60d-4b7261095e82: found=true
2026-04-24 14:43:52 [34mdebug[39m [JwtAuthGuard] [AUTH-GUARD] Authorization header present: true
2026-04-24 14:43:52 [34mdebug[39m [JwtStrategy] [JWT-STRAT] Validating token for userId: bd1fdd95-f1fb-4049-a60d-4b7261095e82
Query: select "id", "email", "password", "first_name", "middle_name", "last_name", "account_status", "is_email_verified", "last_login_at", "created_at", "updated_at" from "users" "users" where "users"."id" = $1 limit $2 -- params: ["bd1fdd95-f1fb-4049-a60d-4b7261095e82", 1]
2026-04-24 14:43:52 [34mdebug[39m [JwtStrategy] [JWT-STRAT] User lookup for bd1fdd95-f1fb-4049-a60d-4b7261095e82: found=true
2026-04-24 14:43:52 [34mdebug[39m [RolesGuard] [ROLES] Required: ["teacher","student","admin"] | User roles: ["teacher"] | Path: /api/notifications/unread-count
Query: select count(*) from "notifications" where ("notifications"."user_id" = $1 and "notifications"."is_read" = $2) -- params: ["bd1fdd95-f1fb-4049-a60d-4b7261095e82", false]
2026-04-24 14:43:52 [34mdebug[39m [JwtStrategy] [JWT-STRAT] User lookup for bd1fdd95-f1fb-4049-a60d-4b7261095e82: found=true
2026-04-24 14:43:52 [34mdebug[39m [JwtAuthGuard] [AUTH-GUARD] Authorization header present: true
2026-04-24 14:43:52 [34mdebug[39m [JwtStrategy] [JWT-STRAT] Validating token for userId: bd1fdd95-f1fb-4049-a60d-4b7261095e82
Query: select "id", "email", "password", "first_name", "middle_name", "last_name", "account_status", "is_email_verified", "last_login_at", "created_at", "updated_at" from "users" "users" where "users"."id" = $1 limit $2 -- params: ["bd1fdd95-f1fb-4049-a60d-4b7261095e82", 1]
Query: select "user_id", "date_of_birth", "profile_picture", "gender", "phone", "address", "family_name", "family_relationship", "family_contact", "grade_level", "lrn", "created_at", "updated_at" from "student_profiles" "studentProfiles" where "studentProfiles"."user_id" = $1 limit $2 -- params: ["bd1fdd95-f1fb-4049-a60d-4b7261095e82", 1]
Query: select "userRoles"."user_id", "userRoles"."role_id", "userRoles"."assigned_at", "userRoles"."assigned_by", "userRoles_role"."data" as "role" from "user_roles" "userRoles" left join lateral (select json_build_array("userRoles_role"."id", "userRoles_role"."name", "userRoles_role"."description", "userRoles_role"."created_at") as "data" from (select * from "roles" "userRoles_role" where "userRoles_role"."id" = "userRoles"."role_id" limit $1) "userRoles_role") "userRoles_role" on true where "userRoles"."user_id" = $2 -- params: [1, "bd1fdd95-f1fb-4049-a60d-4b7261095e82"]
2026-04-24 14:43:52 [34mdebug[39m [JwtAuthGuard] [AUTH-GUARD] Authorization header present: true
2026-04-24 14:43:52 [34mdebug[39m [JwtStrategy] [JWT-STRAT] Validating token for userId: bd1fdd95-f1fb-4049-a60d-4b7261095e82
Query: select "id", "email", "password", "first_name", "middle_name", "last_name", "account_status", "is_email_verified", "last_login_at", "created_at", "updated_at" from "users" "users" where "users"."id" = $1 limit $2 -- params: ["bd1fdd95-f1fb-4049-a60d-4b7261095e82", 1]
Query: select "user_id", "date_of_birth", "profile_picture", "gender", "phone", "address", "family_name", "family_relationship", "family_contact", "grade_level", "lrn", "created_at", "updated_at" from "student_profiles" "studentProfiles" where "studentProfiles"."user_id" = $1 limit $2 -- params: ["bd1fdd95-f1fb-4049-a60d-4b7261095e82", 1]
Query: select "userRoles"."user_id", "userRoles"."role_id", "userRoles"."assigned_at", "userRoles"."assigned_by", "userRoles_role"."data" as "role" from "user_roles" "userRoles" left join lateral (select json_build_array("userRoles_role"."id", "userRoles_role"."name", "userRoles_role"."description", "userRoles_role"."created_at") as "data" from (select * from "roles" "userRoles_role" where "userRoles_role"."id" = "userRoles"."role_id" limit $1) "userRoles_role") "userRoles_role" on true where "userRoles"."user_id" = $2 -- params: [1, "bd1fdd95-f1fb-4049-a60d-4b7261095e82"]
Query: select "user_id", "department", "specialization", "profile_picture", "contact_number", "date_of_birth", "gender", "address", "employee_id", "created_at", "updated_at" from "teacher_profiles" "teacherProfiles" where "teacherProfiles"."user_id" = $1 limit $2 -- params: ["bd1fdd95-f1fb-4049-a60d-4b7261095e82", 1]
Query: select "user_id", "date_of_birth", "profile_picture", "gender", "phone", "address", "family_name", "family_relationship", "family_contact", "grade_level", "lrn", "created_at", "updated_at" from "student_profiles" "studentProfiles" where "studentProfiles"."user_id" = $1 limit $2 -- params: ["bd1fdd95-f1fb-4049-a60d-4b7261095e82", 1]
Query: select "userRoles"."user_id", "userRoles"."role_id", "userRoles"."assigned_at", "userRoles"."assigned_by", "userRoles_role"."data" as "role" from "user_roles" "userRoles" left join lateral (select json_build_array("userRoles_role"."id", "userRoles_role"."name", "userRoles_role"."description", "userRoles_role"."created_at") as "data" from (select * from "roles" "userRoles_role" where "userRoles_role"."id" = "userRoles"."role_id" limit $1) "userRoles_role") "userRoles_role" on true where "userRoles"."user_id" = $2 -- params: [1, "bd1fdd95-f1fb-4049-a60d-4b7261095e82"]
Query: select "user_id", "department", "specialization", "profile_picture", "contact_number", "date_of_birth", "gender", "address", "employee_id", "created_at", "updated_at" from "teacher_profiles" "teacherProfiles" where "teacherProfiles"."user_id" = $1 limit $2 -- params: ["bd1fdd95-f1fb-4049-a60d-4b7261095e82", 1]
2026-04-24 14:43:52 [34mdebug[39m [JwtAuthGuard] [AUTH-GUARD] Authorization header present: true
2026-04-24 14:43:52 [34mdebug[39m [JwtStrategy] [JWT-STRAT] Validating token for userId: bd1fdd95-f1fb-4049-a60d-4b7261095e82
Query: select "id", "email", "password", "first_name", "middle_name", "last_name", "account_status", "is_email_verified", "last_login_at", "created_at", "updated_at" from "users" "users" where "users"."id" = $1 limit $2 -- params: ["bd1fdd95-f1fb-4049-a60d-4b7261095e82", 1]
2026-04-24 14:43:52 [34mdebug[39m [JwtStrategy] [JWT-STRAT] User lookup for bd1fdd95-f1fb-4049-a60d-4b7261095e82: found=true
2026-04-24 14:43:52 [34mdebug[39m [RolesGuard] [ROLES] Required: ["admin","teacher","student"] | User roles: ["teacher"] | Path: /api/classes/a1482efb-4f1c-4d11-baf1-e4e61a894595
Query: select "classes"."id", "classes"."subject_name", "classes"."subject_code", "classes"."subject_grade_level", "classes"."section_id", "classes"."teacher_id", "classes"."room", "classes"."card_preset", "classes"."card_banner_url", "classes"."school_year", "classes"."is_active", "classes"."created_at", "classes"."updated_at", "classes_section"."data" as "section", "classes_schedules"."data" as "schedules", "classes_teacher"."data" as "teacher", "classes_enrollments"."data" as "enrollments" from "classes" "classes" left join lateral (select json_build_array("classes_section"."id", "classes_section"."name", "classes_section"."grade_level", "classes_section"."school_year", "classes_section"."capacity", "classes_section"."room_number", "classes_section"."card_banner_url", "classes_section"."adviser_id", "classes_section"."is_active", "classes_section"."created_at", "classes_section"."updated_at") as "data" from (select * from "sections" "classes_section" where "classes_section"."id" = "classes"."section_id" limit $1) "classes_section") "classes_section" on true left join lateral (select coalesce(json_agg(json_build_array("classes_schedules"."id", "classes_schedules"."class_id", "classes_schedules"."days", "classes_schedules"."start_time", "classes_schedules"."end_time", "classes_schedules"."created_at", "classes_schedules"."updated_at")), '[]'::json) as "data" from "class_schedules" "classes_schedules" where "classes_schedules"."class_id" = "classes"."id") "classes_schedules" on true left join lateral (select json_build_array("classes_teacher"."id", "classes_teacher"."first_name", "classes_teacher"."last_name", "classes_teacher"."email") as "data" from (select * from "users" "classes_teacher" where "classes_teacher"."id" = "classes"."teacher_id" limit $2) "classes_teacher") "classes_teacher" on true left join lateral (select coalesce(json_agg(json_build_array("classes_enrollments"."id", "classes_enrollments"."student_id", "classes_enrollments"."class_id", "classes_enrollments"."section_id", "classes_enrollments_student"."data")), '[]'::json) as "data" from "enrollments" "classes_enrollments" left join lateral (select json_build_array("classes_enrollments_student"."id", "classes_enrollments_student"."first_name", "classes_enrollments_student"."last_name", "classes_enrollments_student"."email", "classes_enrollments_student_profile"."data") as "data" from (select * from "users" "classes_enrollments_student" where "classes_enrollments_student"."id" = "classes_enrollments"."student_id" limit $3) "classes_enrollments_student" left join lateral (select json_build_array("classes_enrollments_student_profile"."grade_level", "classes_enrollments_student_profile"."lrn", "classes_enrollments_student_profile"."profile_picture") as "data" from (select * from "student_profiles" "classes_enrollments_student_profile" where "classes_enrollments_student_profile"."user_id" = "classes_enrollments_student"."id" limit $4) "classes_enrollments_student_profile") "classes_enrollments_student_profile" on true) "classes_enrollments_student" on true where ("classes_enrollments"."class_id" = "classes"."id" and "classes_enrollments"."status" = $5)) "classes_enrollments" on true where "classes"."id" = $6 limit $7 -- params: [1, 1, 1, 1, "enrolled", "a1482efb-4f1c-4d11-baf1-e4e61a894595", 1]
2026-04-24 14:43:52 [34mdebug[39m [JwtStrategy] [JWT-STRAT] User lookup for bd1fdd95-f1fb-4049-a60d-4b7261095e82: found=true
2026-04-24 14:43:52 [34mdebug[39m [RolesGuard] [ROLES] Required: ["admin","teacher","student"] | User roles: ["teacher"] | Path: /api/lessons/class/a1482efb-4f1c-4d11-baf1-e4e61a894595?status=all&pageSize=100
Query: select "lessons"."id", "lessons"."title", "lessons"."description", "lessons"."class_id", "lessons"."order", "lessons"."is_draft", "lessons"."source_extraction_id", "lessons"."is_core_template_asset", "lessons"."template_id", "lessons"."template_source_id", "lessons"."created_at", "lessons"."updated_at", "lessons_contentBlocks"."data" as "contentBlocks" from "lessons" "lessons" left join lateral (select coalesce(json_agg(json_build_array("lessons_contentBlocks"."id", "lessons_contentBlocks"."lesson_id", "lessons_contentBlocks"."type", "lessons_contentBlocks"."order", "lessons_contentBlocks"."content", "lessons_contentBlocks"."metadata", "lessons_contentBlocks"."created_at", "lessons_contentBlocks"."updated_at") order by "lessons_contentBlocks"."order" asc), '[]'::json) as "data" from (select * from "lesson_content_blocks" "lessons_contentBlocks" where "lessons_contentBlocks"."lesson_id" = "lessons"."id" order by "lessons_contentBlocks"."order" asc) "lessons_contentBlocks") "lessons_contentBlocks" on true where "lessons"."class_id" = $1 order by "lessons"."order" asc -- params: ["a1482efb-4f1c-4d11-baf1-e4e61a894595"]
Query: select count(*) from "lessons" where "lessons"."class_id" = $1 -- params: ["a1482efb-4f1c-4d11-baf1-e4e61a894595"]
Query: select "user_id", "department", "specialization", "profile_picture", "contact_number", "date_of_birth", "gender", "address", "employee_id", "created_at", "updated_at" from "teacher_profiles" "teacherProfiles" where "teacherProfiles"."user_id" = $1 limit $2 -- params: ["bd1fdd95-f1fb-4049-a60d-4b7261095e82", 1]
Query: select "user_id", "date_of_birth", "profile_picture", "gender", "phone", "address", "family_name", "family_relationship", "family_contact", "grade_level", "lrn", "created_at", "updated_at" from "student_profiles" "studentProfiles" where "studentProfiles"."user_id" = $1 limit $2 -- params: ["bd1fdd95-f1fb-4049-a60d-4b7261095e82", 1]
Query: select "userRoles"."user_id", "userRoles"."role_id", "userRoles"."assigned_at", "userRoles"."assigned_by", "userRoles_role"."data" as "role" from "user_roles" "userRoles" left join lateral (select json_build_array("userRoles_role"."id", "userRoles_role"."name", "userRoles_role"."description", "userRoles_role"."created_at") as "data" from (select * from "roles" "userRoles_role" where "userRoles_role"."id" = "userRoles"."role_id" limit $1) "userRoles_role") "userRoles_role" on true where "userRoles"."user_id" = $2 -- params: [1, "bd1fdd95-f1fb-4049-a60d-4b7261095e82"]
2026-04-24 14:43:52 [34mdebug[39m [JwtStrategy] [JWT-STRAT] User lookup for bd1fdd95-f1fb-4049-a60d-4b7261095e82: found=true
2026-04-24 14:43:52 [34mdebug[39m [JwtAuthGuard] [AUTH-GUARD] Authorization header present: true
2026-04-24 14:43:52 [34mdebug[39m [JwtStrategy] [JWT-STRAT] Validating token for userId: bd1fdd95-f1fb-4049-a60d-4b7261095e82
Query: select "id", "email", "password", "first_name", "middle_name", "last_name", "account_status", "is_email_verified", "last_login_at", "created_at", "updated_at" from "users" "users" where "users"."id" = $1 limit $2 -- params: ["bd1fdd95-f1fb-4049-a60d-4b7261095e82", 1]
Query: select "user_id", "department", "specialization", "profile_picture", "contact_number", "date_of_birth", "gender", "address", "employee_id", "created_at", "updated_at" from "teacher_profiles" "teacherProfiles" where "teacherProfiles"."user_id" = $1 limit $2 -- params: ["bd1fdd95-f1fb-4049-a60d-4b7261095e82", 1]
Query: select "user_id", "date_of_birth", "profile_picture", "gender", "phone", "address", "family_name", "family_relationship", "family_contact", "grade_level", "lrn", "created_at", "updated_at" from "student_profiles" "studentProfiles" where "studentProfiles"."user_id" = $1 limit $2 -- params: ["bd1fdd95-f1fb-4049-a60d-4b7261095e82", 1]
Query: select "userRoles"."user_id", "userRoles"."role_id", "userRoles"."assigned_at", "userRoles"."assigned_by", "userRoles_role"."data" as "role" from "user_roles" "userRoles" left join lateral (select json_build_array("userRoles_role"."id", "userRoles_role"."name", "userRoles_role"."description", "userRoles_role"."created_at") as "data" from (select * from "roles" "userRoles_role" where "userRoles_role"."id" = "userRoles"."role_id" limit $1) "userRoles_role") "userRoles_role" on true where "userRoles"."user_id" = $2 -- params: [1, "bd1fdd95-f1fb-4049-a60d-4b7261095e82"]
2026-04-24 14:43:52 [34mdebug[39m [JwtStrategy] [JWT-STRAT] User lookup for bd1fdd95-f1fb-4049-a60d-4b7261095e82: found=true
2026-04-24 14:43:52 [34mdebug[39m [JwtAuthGuard] [AUTH-GUARD] Authorization header present: true
2026-04-24 14:43:52 [34mdebug[39m [JwtStrategy] [JWT-STRAT] Validating token for userId: bd1fdd95-f1fb-4049-a60d-4b7261095e82
Query: select "id", "email", "password", "first_name", "middle_name", "last_name", "account_status", "is_email_verified", "last_login_at", "created_at", "updated_at" from "users" "users" where "users"."id" = $1 limit $2 -- params: ["bd1fdd95-f1fb-4049-a60d-4b7261095e82", 1]
Query: select "user_id", "department", "specialization", "profile_picture", "contact_number", "date_of_birth", "gender", "address", "employee_id", "created_at", "updated_at" from "teacher_profiles" "teacherProfiles" where "teacherProfiles"."user_id" = $1 limit $2 -- params: ["bd1fdd95-f1fb-4049-a60d-4b7261095e82", 1]
2026-04-24 14:43:52 [34mdebug[39m [JwtAuthGuard] [AUTH-GUARD] Authorization header present: true
2026-04-24 14:43:52 [34mdebug[39m [JwtStrategy] [JWT-STRAT] Validating token for userId: bd1fdd95-f1fb-4049-a60d-4b7261095e82
Query: select "id", "email", "password", "first_name", "middle_name", "last_name", "account_status", "is_email_verified", "last_login_at", "created_at", "updated_at" from "users" "users" where "users"."id" = $1 limit $2 -- params: ["bd1fdd95-f1fb-4049-a60d-4b7261095e82", 1]
Query: select "user_id", "date_of_birth", "profile_picture", "gender", "phone", "address", "family_name", "family_relationship", "family_contact", "grade_level", "lrn", "created_at", "updated_at" from "student_profiles" "studentProfiles" where "studentProfiles"."user_id" = $1 limit $2 -- params: ["bd1fdd95-f1fb-4049-a60d-4b7261095e82", 1]
Query: select "userRoles"."user_id", "userRoles"."role_id", "userRoles"."assigned_at", "userRoles"."assigned_by", "userRoles_role"."data" as "role" from "user_roles" "userRoles" left join lateral (select json_build_array("userRoles_role"."id", "userRoles_role"."name", "userRoles_role"."description", "userRoles_role"."created_at") as "data" from (select * from "roles" "userRoles_role" where "userRoles_role"."id" = "userRoles"."role_id" limit $1) "userRoles_role") "userRoles_role" on true where "userRoles"."user_id" = $2 -- params: [1, "bd1fdd95-f1fb-4049-a60d-4b7261095e82"]
2026-04-24 14:43:52 [34mdebug[39m [JwtAuthGuard] [AUTH-GUARD] Authorization header present: true
2026-04-24 14:43:52 [34mdebug[39m [JwtStrategy] [JWT-STRAT] Validating token for userId: bd1fdd95-f1fb-4049-a60d-4b7261095e82
Query: select "id", "email", "password", "first_name", "middle_name", "last_name", "account_status", "is_email_verified", "last_login_at", "created_at", "updated_at" from "users" "users" where "users"."id" = $1 limit $2 -- params: ["bd1fdd95-f1fb-4049-a60d-4b7261095e82", 1]
2026-04-24 14:43:52 [34mdebug[39m [JwtAuthGuard] [AUTH-GUARD] Authorization header present: true
2026-04-24 14:43:52 [34mdebug[39m [JwtStrategy] [JWT-STRAT] Validating token for userId: bd1fdd95-f1fb-4049-a60d-4b7261095e82
Query: select "id", "email", "password", "first_name", "middle_name", "last_name", "account_status", "is_email_verified", "last_login_at", "created_at", "updated_at" from "users" "users" where "users"."id" = $1 limit $2 -- params: ["bd1fdd95-f1fb-4049-a60d-4b7261095e82", 1]
2026-04-24 14:43:52 [34mdebug[39m [JwtStrategy] [JWT-STRAT] User lookup for bd1fdd95-f1fb-4049-a60d-4b7261095e82: found=true
2026-04-24 14:43:52 [34mdebug[39m [RolesGuard] [ROLES] Required: ["teacher","student","admin"] | User roles: ["teacher"] | Path: /api/notifications?limit=50
Query: select "id", "user_id", "type", "reference_id", "title", "body", "is_read", "read_at", "created_at" from "notifications" "notifications" where "notifications"."user_id" = $1 order by "notifications"."created_at" desc limit $2 -- params: ["bd1fdd95-f1fb-4049-a60d-4b7261095e82", 50]
Query: select count(*) from "notifications" where "notifications"."user_id" = $1 -- params: ["bd1fdd95-f1fb-4049-a60d-4b7261095e82"]
Query: select "user_id", "date_of_birth", "profile_picture", "gender", "phone", "address", "family_name", "family_relationship", "family_contact", "grade_level", "lrn", "created_at", "updated_at" from "student_profiles" "studentProfiles" where "studentProfiles"."user_id" = $1 limit $2 -- params: ["bd1fdd95-f1fb-4049-a60d-4b7261095e82", 1]
Query: select "userRoles"."user_id", "userRoles"."role_id", "userRoles"."assigned_at", "userRoles"."assigned_by", "userRoles_role"."data" as "role" from "user_roles" "userRoles" left join lateral (select json_build_array("userRoles_role"."id", "userRoles_role"."name", "userRoles_role"."description", "userRoles_role"."created_at") as "data" from (select * from "roles" "userRoles_role" where "userRoles_role"."id" = "userRoles"."role_id" limit $1) "userRoles_role") "userRoles_role" on true where "userRoles"."user_id" = $2 -- params: [1, "bd1fdd95-f1fb-4049-a60d-4b7261095e82"]
Query: select "user_id", "department", "specialization", "profile_picture", "contact_number", "date_of_birth", "gender", "address", "employee_id", "created_at", "updated_at" from "teacher_profiles" "teacherProfiles" where "teacherProfiles"."user_id" = $1 limit $2 -- params: ["bd1fdd95-f1fb-4049-a60d-4b7261095e82", 1]
Query: select "user_id", "date_of_birth", "profile_picture", "gender", "phone", "address", "family_name", "family_relationship", "family_contact", "grade_level", "lrn", "created_at", "updated_at" from "student_profiles" "studentProfiles" where "studentProfiles"."user_id" = $1 limit $2 -- params: ["bd1fdd95-f1fb-4049-a60d-4b7261095e82", 1]
Query: select "userRoles"."user_id", "userRoles"."role_id", "userRoles"."assigned_at", "userRoles"."assigned_by", "userRoles_role"."data" as "role" from "user_roles" "userRoles" left join lateral (select json_build_array("userRoles_role"."id", "userRoles_role"."name", "userRoles_role"."description", "userRoles_role"."created_at") as "data" from (select * from "roles" "userRoles_role" where "userRoles_role"."id" = "userRoles"."role_id" limit $1) "userRoles_role") "userRoles_role" on true where "userRoles"."user_id" = $2 -- params: [1, "bd1fdd95-f1fb-4049-a60d-4b7261095e82"]
Query: select "user_id", "date_of_birth", "profile_picture", "gender", "phone", "address", "family_name", "family_relationship", "family_contact", "grade_level", "lrn", "created_at", "updated_at" from "student_profiles" "studentProfiles" where "studentProfiles"."user_id" = $1 limit $2 -- params: ["bd1fdd95-f1fb-4049-a60d-4b7261095e82", 1]
Query: select "userRoles"."user_id", "userRoles"."role_id", "userRoles"."assigned_at", "userRoles"."assigned_by", "userRoles_role"."data" as "role" from "user_roles" "userRoles" left join lateral (select json_build_array("userRoles_role"."id", "userRoles_role"."name", "userRoles_role"."description", "userRoles_role"."created_at") as "data" from (select * from "roles" "userRoles_role" where "userRoles_role"."id" = "userRoles"."role_id" limit $1) "userRoles_role") "userRoles_role" on true where "userRoles"."user_id" = $2 -- params: [1, "bd1fdd95-f1fb-4049-a60d-4b7261095e82"]
2026-04-24 14:43:52 [34mdebug[39m [JwtStrategy] [JWT-STRAT] User lookup for bd1fdd95-f1fb-4049-a60d-4b7261095e82: found=true
2026-04-24 14:43:52 [34mdebug[39m [RolesGuard] [ROLES] Required: ["teacher","student","admin"] | User roles: ["teacher"] | Path: /api/notifications/unread-count
Query: select count(*) from "notifications" where ("notifications"."user_id" = $1 and "notifications"."is_read" = $2) -- params: ["bd1fdd95-f1fb-4049-a60d-4b7261095e82", false]
Query: select "user_id", "department", "specialization", "profile_picture", "contact_number", "date_of_birth", "gender", "address", "employee_id", "created_at", "updated_at" from "teacher_profiles" "teacherProfiles" where "teacherProfiles"."user_id" = $1 limit $2 -- params: ["bd1fdd95-f1fb-4049-a60d-4b7261095e82", 1]
2026-04-24 14:43:52 [34mdebug[39m [JwtStrategy] [JWT-STRAT] User lookup for bd1fdd95-f1fb-4049-a60d-4b7261095e82: found=true
2026-04-24 14:43:52 [34mdebug[39m [JwtAuthGuard] [AUTH-GUARD] Authorization header present: true
2026-04-24 14:43:52 [34mdebug[39m [JwtStrategy] [JWT-STRAT] Validating token for userId: bd1fdd95-f1fb-4049-a60d-4b7261095e82
Query: select "id", "email", "password", "first_name", "middle_name", "last_name", "account_status", "is_email_verified", "last_login_at", "created_at", "updated_at" from "users" "users" where "users"."id" = $1 limit $2 -- params: ["bd1fdd95-f1fb-4049-a60d-4b7261095e82", 1]
Query: select "user_id", "date_of_birth", "profile_picture", "gender", "phone", "address", "family_name", "family_relationship", "family_contact", "grade_level", "lrn", "created_at", "updated_at" from "student_profiles" "studentProfiles" where "studentProfiles"."user_id" = $1 limit $2 -- params: ["bd1fdd95-f1fb-4049-a60d-4b7261095e82", 1]
Query: select "userRoles"."user_id", "userRoles"."role_id", "userRoles"."assigned_at", "userRoles"."assigned_by", "userRoles_role"."data" as "role" from "user_roles" "userRoles" left join lateral (select json_build_array("userRoles_role"."id", "userRoles_role"."name", "userRoles_role"."description", "userRoles_role"."created_at") as "data" from (select * from "roles" "userRoles_role" where "userRoles_role"."id" = "userRoles"."role_id" limit $1) "userRoles_role") "userRoles_role" on true where "userRoles"."user_id" = $2 -- params: [1, "bd1fdd95-f1fb-4049-a60d-4b7261095e82"]
Query: select "user_id", "department", "specialization", "profile_picture", "contact_number", "date_of_birth", "gender", "address", "employee_id", "created_at", "updated_at" from "teacher_profiles" "teacherProfiles" where "teacherProfiles"."user_id" = $1 limit $2 -- params: ["bd1fdd95-f1fb-4049-a60d-4b7261095e82", 1]
2026-04-24 14:43:52 [34mdebug[39m [JwtStrategy] [JWT-STRAT] User lookup for bd1fdd95-f1fb-4049-a60d-4b7261095e82: found=true
2026-04-24 14:43:52 [34mdebug[39m [RolesGuard] [ROLES] Required: ["admin","teacher","student"] | User roles: ["teacher"] | Path: /api/classes/a1482efb-4f1c-4d11-baf1-e4e61a894595
Query: select "classes"."id", "classes"."subject_name", "classes"."subject_code", "classes"."subject_grade_level", "classes"."section_id", "classes"."teacher_id", "classes"."room", "classes"."card_preset", "classes"."card_banner_url", "classes"."school_year", "classes"."is_active", "classes"."created_at", "classes"."updated_at", "classes_section"."data" as "section", "classes_schedules"."data" as "schedules", "classes_teacher"."data" as "teacher", "classes_enrollments"."data" as "enrollments" from "classes" "classes" left join lateral (select json_build_array("classes_section"."id", "classes_section"."name", "classes_section"."grade_level", "classes_section"."school_year", "classes_section"."capacity", "classes_section"."room_number", "classes_section"."card_banner_url", "classes_section"."adviser_id", "classes_section"."is_active", "classes_section"."created_at", "classes_section"."updated_at") as "data" from (select * from "sections" "classes_section" where "classes_section"."id" = "classes"."section_id" limit $1) "classes_section") "classes_section" on true left join lateral (select coalesce(json_agg(json_build_array("classes_schedules"."id", "classes_schedules"."class_id", "classes_schedules"."days", "classes_schedules"."start_time", "classes_schedules"."end_time", "classes_schedules"."created_at", "classes_schedules"."updated_at")), '[]'::json) as "data" from "class_schedules" "classes_schedules" where "classes_schedules"."class_id" = "classes"."id") "classes_schedules" on true left join lateral (select json_build_array("classes_teacher"."id", "classes_teacher"."first_name", "classes_teacher"."last_name", "classes_teacher"."email") as "data" from (select * from "users" "classes_teacher" where "classes_teacher"."id" = "classes"."teacher_id" limit $2) "classes_teacher") "classes_teacher" on true left join lateral (select coalesce(json_agg(json_build_array("classes_enrollments"."id", "classes_enrollments"."student_id", "classes_enrollments"."class_id", "classes_enrollments"."section_id", "classes_enrollments_student"."data")), '[]'::json) as "data" from "enrollments" "classes_enrollments" left join lateral (select json_build_array("classes_enrollments_student"."id", "classes_enrollments_student"."first_name", "classes_enrollments_student"."last_name", "classes_enrollments_student"."email", "classes_enrollments_student_profile"."data") as "data" from (select * from "users" "classes_enrollments_student" where "classes_enrollments_student"."id" = "classes_enrollments"."student_id" limit $3) "classes_enrollments_student" left join lateral (select json_build_array("classes_enrollments_student_profile"."grade_level", "classes_enrollments_student_profile"."lrn", "classes_enrollments_student_profile"."profile_picture") as "data" from (select * from "student_profiles" "classes_enrollments_student_profile" where "classes_enrollments_student_profile"."user_id" = "classes_enrollments_student"."id" limit $4) "classes_enrollments_student_profile") "classes_enrollments_student_profile" on true) "classes_enrollments_student" on true where ("classes_enrollments"."class_id" = "classes"."id" and "classes_enrollments"."status" = $5)) "classes_enrollments" on true where "classes"."id" = $6 limit $7 -- params: [1, 1, 1, 1, "enrolled", "a1482efb-4f1c-4d11-baf1-e4e61a894595", 1]
2026-04-24 14:43:52 [34mdebug[39m [DatabaseService] New database connection established
Query: select "user_id", "department", "specialization", "profile_picture", "contact_number", "date_of_birth", "gender", "address", "employee_id", "created_at", "updated_at" from "teacher_profiles" "teacherProfiles" where "teacherProfiles"."user_id" = $1 limit $2 -- params: ["bd1fdd95-f1fb-4049-a60d-4b7261095e82", 1]
2026-04-24 14:43:52 [34mdebug[39m [DatabaseService] New database connection established
2026-04-24 14:43:52 [34mdebug[39m [JwtStrategy] [JWT-STRAT] User lookup for bd1fdd95-f1fb-4049-a60d-4b7261095e82: found=true
2026-04-24 14:43:52 [34mdebug[39m [JwtAuthGuard] [AUTH-GUARD] Authorization header present: true
2026-04-24 14:43:52 [34mdebug[39m [JwtStrategy] [JWT-STRAT] Validating token for userId: bd1fdd95-f1fb-4049-a60d-4b7261095e82
Query: select "id", "email", "password", "first_name", "middle_name", "last_name", "account_status", "is_email_verified", "last_login_at", "created_at", "updated_at" from "users" "users" where "users"."id" = $1 limit $2 -- params: ["bd1fdd95-f1fb-4049-a60d-4b7261095e82", 1]
Query: select "user_id", "department", "specialization", "profile_picture", "contact_number", "date_of_birth", "gender", "address", "employee_id", "created_at", "updated_at" from "teacher_profiles" "teacherProfiles" where "teacherProfiles"."user_id" = $1 limit $2 -- params: ["bd1fdd95-f1fb-4049-a60d-4b7261095e82", 1]
Query: select "user_id", "date_of_birth", "profile_picture", "gender", "phone", "address", "family_name", "family_relationship", "family_contact", "grade_level", "lrn", "created_at", "updated_at" from "student_profiles" "studentProfiles" where "studentProfiles"."user_id" = $1 limit $2 -- params: ["bd1fdd95-f1fb-4049-a60d-4b7261095e82", 1]
Query: select "userRoles"."user_id", "userRoles"."role_id", "userRoles"."assigned_at", "userRoles"."assigned_by", "userRoles_role"."data" as "role" from "user_roles" "userRoles" left join lateral (select json_build_array("userRoles_role"."id", "userRoles_role"."name", "userRoles_role"."description", "userRoles_role"."created_at") as "data" from (select * from "roles" "userRoles_role" where "userRoles_role"."id" = "userRoles"."role_id" limit $1) "userRoles_role") "userRoles_role" on true where "userRoles"."user_id" = $2 -- params: [1, "bd1fdd95-f1fb-4049-a60d-4b7261095e82"]
2026-04-24 14:43:52 [34mdebug[39m [JwtStrategy] [JWT-STRAT] User lookup for bd1fdd95-f1fb-4049-a60d-4b7261095e82: found=true
2026-04-24 14:43:52 [34mdebug[39m [JwtAuthGuard] [AUTH-GUARD] Authorization header present: true
2026-04-24 14:43:52 [34mdebug[39m [JwtStrategy] [JWT-STRAT] Validating token for userId: bd1fdd95-f1fb-4049-a60d-4b7261095e82
Query: select "id", "email", "password", "first_name", "middle_name", "last_name", "account_status", "is_email_verified", "last_login_at", "created_at", "updated_at" from "users" "users" where "users"."id" = $1 limit $2 -- params: ["bd1fdd95-f1fb-4049-a60d-4b7261095e82", 1]
Query: select "user_id", "department", "specialization", "profile_picture", "contact_number", "date_of_birth", "gender", "address", "employee_id", "created_at", "updated_at" from "teacher_profiles" "teacherProfiles" where "teacherProfiles"."user_id" = $1 limit $2 -- params: ["bd1fdd95-f1fb-4049-a60d-4b7261095e82", 1]
2026-04-24 14:43:52 [34mdebug[39m [JwtStrategy] [JWT-STRAT] User lookup for bd1fdd95-f1fb-4049-a60d-4b7261095e82: found=true
2026-04-24 14:43:52 [34mdebug[39m [RolesGuard] [ROLES] Required: ["admin","teacher","student"] | User roles: ["teacher"] | Path: /api/lessons/class/a1482efb-4f1c-4d11-baf1-e4e61a894595?status=all&pageSize=100
Query: select "lessons"."id", "lessons"."title", "lessons"."description", "lessons"."class_id", "lessons"."order", "lessons"."is_draft", "lessons"."source_extraction_id", "lessons"."is_core_template_asset", "lessons"."template_id", "lessons"."template_source_id", "lessons"."created_at", "lessons"."updated_at", "lessons_contentBlocks"."data" as "contentBlocks" from "lessons" "lessons" left join lateral (select coalesce(json_agg(json_build_array("lessons_contentBlocks"."id", "lessons_contentBlocks"."lesson_id", "lessons_contentBlocks"."type", "lessons_contentBlocks"."order", "lessons_contentBlocks"."content", "lessons_contentBlocks"."metadata", "lessons_contentBlocks"."created_at", "lessons_contentBlocks"."updated_at") order by "lessons_contentBlocks"."order" asc), '[]'::json) as "data" from (select * from "lesson_content_blocks" "lessons_contentBlocks" where "lessons_contentBlocks"."lesson_id" = "lessons"."id" order by "lessons_contentBlocks"."order" asc) "lessons_contentBlocks") "lessons_contentBlocks" on true where "lessons"."class_id" = $1 order by "lessons"."order" asc -- params: ["a1482efb-4f1c-4d11-baf1-e4e61a894595"]
Query: select count(*) from "lessons" where "lessons"."class_id" = $1 -- params: ["a1482efb-4f1c-4d11-baf1-e4e61a894595"]
Query: select "user_id", "date_of_birth", "profile_picture", "gender", "phone", "address", "family_name", "family_relationship", "family_contact", "grade_level", "lrn", "created_at", "updated_at" from "student_profiles" "studentProfiles" where "studentProfiles"."user_id" = $1 limit $2 -- params: ["bd1fdd95-f1fb-4049-a60d-4b7261095e82", 1]
Query: select "userRoles"."user_id", "userRoles"."role_id", "userRoles"."assigned_at", "userRoles"."assigned_by", "userRoles_role"."data" as "role" from "user_roles" "userRoles" left join lateral (select json_build_array("userRoles_role"."id", "userRoles_role"."name", "userRoles_role"."description", "userRoles_role"."created_at") as "data" from (select * from "roles" "userRoles_role" where "userRoles_role"."id" = "userRoles"."role_id" limit $1) "userRoles_role") "userRoles_role" on true where "userRoles"."user_id" = $2 -- params: [1, "bd1fdd95-f1fb-4049-a60d-4b7261095e82"]
Query: select "user_id", "department", "specialization", "profile_picture", "contact_number", "date_of_birth", "gender", "address", "employee_id", "created_at", "updated_at" from "teacher_profiles" "teacherProfiles" where "teacherProfiles"."user_id" = $1 limit $2 -- params: ["bd1fdd95-f1fb-4049-a60d-4b7261095e82", 1]
2026-04-24 14:43:52 [34mdebug[39m [JwtStrategy] [JWT-STRAT] User lookup for bd1fdd95-f1fb-4049-a60d-4b7261095e82: found=true
2026-04-24 14:43:52 [34mdebug[39m [RolesGuard] [ROLES] Required: ["teacher","admin"] | User roles: ["teacher"] | Path: /api/ai/extractions?classId=a1482efb-4f1c-4d11-baf1-e4e61a894595
Query: select "id", "teacher_id" from "classes" "classes" where "classes"."id" = $1 limit $2 -- params: ["a1482efb-4f1c-4d11-baf1-e4e61a894595", 1]
2026-04-24 14:43:53 [34mdebug[39m [JwtAuthGuard] [AUTH-GUARD] Authorization header present: true
2026-04-24 14:43:53 [34mdebug[39m [JwtStrategy] [JWT-STRAT] Validating token for userId: bd1fdd95-f1fb-4049-a60d-4b7261095e82
Query: select "id", "email", "password", "first_name", "middle_name", "last_name", "account_status", "is_email_verified", "last_login_at", "created_at", "updated_at" from "users" "users" where "users"."id" = $1 limit $2 -- params: ["bd1fdd95-f1fb-4049-a60d-4b7261095e82", 1]
Query: select "user_id", "date_of_birth", "profile_picture", "gender", "phone", "address", "family_name", "family_relationship", "family_contact", "grade_level", "lrn", "created_at", "updated_at" from "student_profiles" "studentProfiles" where "studentProfiles"."user_id" = $1 limit $2 -- params: ["bd1fdd95-f1fb-4049-a60d-4b7261095e82", 1]
Query: select "userRoles"."user_id", "userRoles"."role_id", "userRoles"."assigned_at", "userRoles"."assigned_by", "userRoles_role"."data" as "role" from "user_roles" "userRoles" left join lateral (select json_build_array("userRoles_role"."id", "userRoles_role"."name", "userRoles_role"."description", "userRoles_role"."created_at") as "data" from (select * from "roles" "userRoles_role" where "userRoles_role"."id" = "userRoles"."role_id" limit $1) "userRoles_role") "userRoles_role" on true where "userRoles"."user_id" = $2 -- params: [1, "bd1fdd95-f1fb-4049-a60d-4b7261095e82"]
2026-04-24 14:43:53 [34mdebug[39m [JwtAuthGuard] [AUTH-GUARD] Authorization header present: true
2026-04-24 14:43:53 [34mdebug[39m [JwtStrategy] [JWT-STRAT] Validating token for userId: bd1fdd95-f1fb-4049-a60d-4b7261095e82
Query: select "id", "email", "password", "first_name", "middle_name", "last_name", "account_status", "is_email_verified", "last_login_at", "created_at", "updated_at" from "users" "users" where "users"."id" = $1 limit $2 -- params: ["bd1fdd95-f1fb-4049-a60d-4b7261095e82", 1]
Query: select "user_id", "department", "specialization", "profile_picture", "contact_number", "date_of_birth", "gender", "address", "employee_id", "created_at", "updated_at" from "teacher_profiles" "teacherProfiles" where "teacherProfiles"."user_id" = $1 limit $2 -- params: ["bd1fdd95-f1fb-4049-a60d-4b7261095e82", 1]
Query: select "user_id", "date_of_birth", "profile_picture", "gender", "phone", "address", "family_name", "family_relationship", "family_contact", "grade_level", "lrn", "created_at", "updated_at" from "student_profiles" "studentProfiles" where "studentProfiles"."user_id" = $1 limit $2 -- params: ["bd1fdd95-f1fb-4049-a60d-4b7261095e82", 1]
Query: select "userRoles"."user_id", "userRoles"."role_id", "userRoles"."assigned_at", "userRoles"."assigned_by", "userRoles_role"."data" as "role" from "user_roles" "userRoles" left join lateral (select json_build_array("userRoles_role"."id", "userRoles_role"."name", "userRoles_role"."description", "userRoles_role"."created_at") as "data" from (select * from "roles" "userRoles_role" where "userRoles_role"."id" = "userRoles"."role_id" limit $1) "userRoles_role") "userRoles_role" on true where "userRoles"."user_id" = $2 -- params: [1, "bd1fdd95-f1fb-4049-a60d-4b7261095e82"]
2026-04-24 14:43:53 [34mdebug[39m [JwtStrategy] [JWT-STRAT] User lookup for bd1fdd95-f1fb-4049-a60d-4b7261095e82: found=true
2026-04-24 14:43:53 [34mdebug[39m [JwtAuthGuard] [AUTH-GUARD] Authorization header present: true
2026-04-24 14:43:53 [34mdebug[39m [JwtStrategy] [JWT-STRAT] Validating token for userId: bd1fdd95-f1fb-4049-a60d-4b7261095e82
Query: select "id", "email", "password", "first_name", "middle_name", "last_name", "account_status", "is_email_verified", "last_login_at", "created_at", "updated_at" from "users" "users" where "users"."id" = $1 limit $2 -- params: ["bd1fdd95-f1fb-4049-a60d-4b7261095e82", 1]
Query: select "user_id", "department", "specialization", "profile_picture", "contact_number", "date_of_birth", "gender", "address", "employee_id", "created_at", "updated_at" from "teacher_profiles" "teacherProfiles" where "teacherProfiles"."user_id" = $1 limit $2 -- params: ["bd1fdd95-f1fb-4049-a60d-4b7261095e82", 1]
Query: select "user_id", "date_of_birth", "profile_picture", "gender", "phone", "address", "family_name", "family_relationship", "family_contact", "grade_level", "lrn", "created_at", "updated_at" from "student_profiles" "studentProfiles" where "studentProfiles"."user_id" = $1 limit $2 -- params: ["bd1fdd95-f1fb-4049-a60d-4b7261095e82", 1]
Query: select "userRoles"."user_id", "userRoles"."role_id", "userRoles"."assigned_at", "userRoles"."assigned_by", "userRoles_role"."data" as "role" from "user_roles" "userRoles" left join lateral (select json_build_array("userRoles_role"."id", "userRoles_role"."name", "userRoles_role"."description", "userRoles_role"."created_at") as "data" from (select * from "roles" "userRoles_role" where "userRoles_role"."id" = "userRoles"."role_id" limit $1) "userRoles_role") "userRoles_role" on true where "userRoles"."user_id" = $2 -- params: [1, "bd1fdd95-f1fb-4049-a60d-4b7261095e82"]
2026-04-24 14:43:53 [34mdebug[39m [JwtStrategy] [JWT-STRAT] User lookup for bd1fdd95-f1fb-4049-a60d-4b7261095e82: found=true
2026-04-24 14:43:53 [34mdebug[39m [JwtAuthGuard] [AUTH-GUARD] Authorization header present: true
2026-04-24 14:43:53 [34mdebug[39m [JwtStrategy] [JWT-STRAT] Validating token for userId: bd1fdd95-f1fb-4049-a60d-4b7261095e82
Query: select "id", "email", "password", "first_name", "middle_name", "last_name", "account_status", "is_email_verified", "last_login_at", "created_at", "updated_at" from "users" "users" where "users"."id" = $1 limit $2 -- params: ["bd1fdd95-f1fb-4049-a60d-4b7261095e82", 1]
Query: select "user_id", "department", "specialization", "profile_picture", "contact_number", "date_of_birth", "gender", "address", "employee_id", "created_at", "updated_at" from "teacher_profiles" "teacherProfiles" where "teacherProfiles"."user_id" = $1 limit $2 -- params: ["bd1fdd95-f1fb-4049-a60d-4b7261095e82", 1]
Query: select "user_id", "date_of_birth", "profile_picture", "gender", "phone", "address", "family_name", "family_relationship", "family_contact", "grade_level", "lrn", "created_at", "updated_at" from "student_profiles" "studentProfiles" where "studentProfiles"."user_id" = $1 limit $2 -- params: ["bd1fdd95-f1fb-4049-a60d-4b7261095e82", 1]
Query: select "userRoles"."user_id", "userRoles"."role_id", "userRoles"."assigned_at", "userRoles"."assigned_by", "userRoles_role"."data" as "role" from "user_roles" "userRoles" left join lateral (select json_build_array("userRoles_role"."id", "userRoles_role"."name", "userRoles_role"."description", "userRoles_role"."created_at") as "data" from (select * from "roles" "userRoles_role" where "userRoles_role"."id" = "userRoles"."role_id" limit $1) "userRoles_role") "userRoles_role" on true where "userRoles"."user_id" = $2 -- params: [1, "bd1fdd95-f1fb-4049-a60d-4b7261095e82"]
2026-04-24 14:43:53 [34mdebug[39m [JwtStrategy] [JWT-STRAT] User lookup for bd1fdd95-f1fb-4049-a60d-4b7261095e82: found=true
2026-04-24 14:43:53 [34mdebug[39m [RolesGuard] [ROLES] Required: ["teacher","admin"] | User roles: ["teacher"] | Path: /api/ai/extractions?classId=a1482efb-4f1c-4d11-baf1-e4e61a894595
Query: select "id", "teacher_id" from "classes" "classes" where "classes"."id" = $1 limit $2 -- params: ["a1482efb-4f1c-4d11-baf1-e4e61a894595", 1]
Query: select "user_id", "department", "specialization", "profile_picture", "contact_number", "date_of_birth", "gender", "address", "employee_id", "created_at", "updated_at" from "teacher_profiles" "teacherProfiles" where "teacherProfiles"."user_id" = $1 limit $2 -- params: ["bd1fdd95-f1fb-4049-a60d-4b7261095e82", 1]
2026-04-24 14:43:53 [34mdebug[39m [JwtStrategy] [JWT-STRAT] User lookup for bd1fdd95-f1fb-4049-a60d-4b7261095e82: found=true
2026-04-24 14:43:53 [34mdebug[39m [RolesGuard] [ROLES] Required: ["teacher","admin"] | User roles: ["teacher"] | Path: /api/ai/index/classes/a1482efb-4f1c-4d11-baf1-e4e61a894595/status
Query: select "id", "teacher_id" from "classes" "classes" where "classes"."id" = $1 limit $2 -- params: ["a1482efb-4f1c-4d11-baf1-e4e61a894595", 1]
2026-04-24 14:43:53 [34mdebug[39m [JwtAuthGuard] [AUTH-GUARD] Authorization header present: true
2026-04-24 14:43:53 [34mdebug[39m [JwtStrategy] [JWT-STRAT] Validating token for userId: bd1fdd95-f1fb-4049-a60d-4b7261095e82
Query: select "id", "email", "password", "first_name", "middle_name", "last_name", "account_status", "is_email_verified", "last_login_at", "created_at", "updated_at" from "users" "users" where "users"."id" = $1 limit $2 -- params: ["bd1fdd95-f1fb-4049-a60d-4b7261095e82", 1]
Query: select "user_id", "date_of_birth", "profile_picture", "gender", "phone", "address", "family_name", "family_relationship", "family_contact", "grade_level", "lrn", "created_at", "updated_at" from "student_profiles" "studentProfiles" where "studentProfiles"."user_id" = $1 limit $2 -- params: ["bd1fdd95-f1fb-4049-a60d-4b7261095e82", 1]
Query: select "userRoles"."user_id", "userRoles"."role_id", "userRoles"."assigned_at", "userRoles"."assigned_by", "userRoles_role"."data" as "role" from "user_roles" "userRoles" left join lateral (select json_build_array("userRoles_role"."id", "userRoles_role"."name", "userRoles_role"."description", "userRoles_role"."created_at") as "data" from (select * from "roles" "userRoles_role" where "userRoles_role"."id" = "userRoles"."role_id" limit $1) "userRoles_role") "userRoles_role" on true where "userRoles"."user_id" = $2 -- params: [1, "bd1fdd95-f1fb-4049-a60d-4b7261095e82"]
Query: select "user_id", "department", "specialization", "profile_picture", "contact_number", "date_of_birth", "gender", "address", "employee_id", "created_at", "updated_at" from "teacher_profiles" "teacherProfiles" where "teacherProfiles"."user_id" = $1 limit $2 -- params: ["bd1fdd95-f1fb-4049-a60d-4b7261095e82", 1]
2026-04-24 14:43:53 [34mdebug[39m [JwtStrategy] [JWT-STRAT] User lookup for bd1fdd95-f1fb-4049-a60d-4b7261095e82: found=true
2026-04-24 14:43:53 [34mdebug[39m [JwtAuthGuard] [AUTH-GUARD] Authorization header present: true
2026-04-24 14:43:53 [34mdebug[39m [JwtStrategy] [JWT-STRAT] Validating token for userId: bd1fdd95-f1fb-4049-a60d-4b7261095e82
Query: select "id", "email", "password", "first_name", "middle_name", "last_name", "account_status", "is_email_verified", "last_login_at", "created_at", "updated_at" from "users" "users" where "users"."id" = $1 limit $2 -- params: ["bd1fdd95-f1fb-4049-a60d-4b7261095e82", 1]
Query: select "user_id", "date_of_birth", "profile_picture", "gender", "phone", "address", "family_name", "family_relationship", "family_contact", "grade_level", "lrn", "created_at", "updated_at" from "student_profiles" "studentProfiles" where "studentProfiles"."user_id" = $1 limit $2 -- params: ["bd1fdd95-f1fb-4049-a60d-4b7261095e82", 1]
Query: select "userRoles"."user_id", "userRoles"."role_id", "userRoles"."assigned_at", "userRoles"."assigned_by", "userRoles_role"."data" as "role" from "user_roles" "userRoles" left join lateral (select json_build_array("userRoles_role"."id", "userRoles_role"."name", "userRoles_role"."description", "userRoles_role"."created_at") as "data" from (select * from "roles" "userRoles_role" where "userRoles_role"."id" = "userRoles"."role_id" limit $1) "userRoles_role") "userRoles_role" on true where "userRoles"."user_id" = $2 -- params: [1, "bd1fdd95-f1fb-4049-a60d-4b7261095e82"]
Query: select "user_id", "department", "specialization", "profile_picture", "contact_number", "date_of_birth", "gender", "address", "employee_id", "created_at", "updated_at" from "teacher_profiles" "teacherProfiles" where "teacherProfiles"."user_id" = $1 limit $2 -- params: ["bd1fdd95-f1fb-4049-a60d-4b7261095e82", 1]
2026-04-24 14:43:53 [34mdebug[39m [JwtStrategy] [JWT-STRAT] User lookup for bd1fdd95-f1fb-4049-a60d-4b7261095e82: found=true
2026-04-24 14:43:53 [34mdebug[39m [RolesGuard] [ROLES] Required: ["teacher","admin"] | User roles: ["teacher"] | Path: /api/ai/index/classes/a1482efb-4f1c-4d11-baf1-e4e61a894595/status
Query: select "id", "teacher_id" from "classes" "classes" where "classes"."id" = $1 limit $2 -- params: ["a1482efb-4f1c-4d11-baf1-e4e61a894595", 1]
2026-04-24 14:44:00 [34mdebug[39m [AnnouncementsScheduler] Checking for due scheduled announcements...
Query: select "id", "class_id", "author_id", "title", "content", "is_pinned", "is_visible", "is_core_template_asset", "template_id", "template_source_id", "scheduled_at", "published_at", "archived_at", "created_at", "updated_at" from "announcements" "announcements" where ("announcements"."published_at" is null and "announcements"."archived_at" is null and "announcements"."scheduled_at" <= $1) -- params: ["2026-04-24T06:44:00.031Z"]
Query: select "id", "email", "password", "first_name", "middle_name", "last_name", "account_status", "is_email_verified", "last_login_at", "created_at", "updated_at" from "users" "users" where "users"."email" = $1 limit $2 -- params: ["teacher1@lms.local", 1]
Query: select "userRoles"."user_id", "userRoles"."role_id", "userRoles"."assigned_at", "userRoles"."assigned_by", "userRoles_role"."data" as "role" from "user_roles" "userRoles" left join lateral (select json_build_array("userRoles_role"."id", "userRoles_role"."name", "userRoles_role"."description", "userRoles_role"."created_at") as "data" from (select * from "roles" "userRoles_role" where "userRoles_role"."id" = "userRoles"."role_id" limit $1) "userRoles_role") "userRoles_role" on true where "userRoles"."user_id" = $2 -- params: [1, "bd1fdd95-f1fb-4049-a60d-4b7261095e82"]
Query: select "user_id", "date_of_birth", "profile_picture", "gender", "phone", "address", "family_name", "family_relationship", "family_contact", "grade_level", "lrn", "created_at", "updated_at" from "student_profiles" "studentProfiles" where "studentProfiles"."user_id" = $1 limit $2 -- params: ["bd1fdd95-f1fb-4049-a60d-4b7261095e82", 1]
Query: select "user_id", "department", "specialization", "profile_picture", "contact_number", "date_of_birth", "gender", "address", "employee_id", "created_at", "updated_at" from "teacher_profiles" "teacherProfiles" where "teacherProfiles"."user_id" = $1 limit $2 -- params: ["bd1fdd95-f1fb-4049-a60d-4b7261095e82", 1]
Query: update "users" set "last_login_at" = $1 where "users"."id" = $2 -- params: ["2026-04-24T06:44:14.207Z", "bd1fdd95-f1fb-4049-a60d-4b7261095e82"]
Query: insert into "refresh_tokens" ("id", "user_id", "token_hash", "user_agent", "ip", "revoked", "expires_at", "created_at") values (default, $1, $2, $3, $4, $5, $6, default) -- params: ["bd1fdd95-f1fb-4049-a60d-4b7261095e82", "20d4a1cc6f7a37fa49e46b2d1a8083c059bae1ddcf1b41006f7b68773b60cbf7", "Mozilla/5.0 (Windows NT 10.0; Win64; x64) AppleWebKit/537.36 (KHTML, like Gecko) HeadlessChrome/145.0.7632.6 Safari/537.36", "127.0.0.1", false, "2026-05-01T06:44:14.215Z"]
Query: begin
Query: update "refresh_tokens" set "revoked" = $1 where ("refresh_tokens"."token_hash" = $2 and "refresh_tokens"."revoked" = $3 and "refresh_tokens"."expires_at" > $4) returning "id", "user_id", "token_hash", "user_agent", "ip", "revoked", "expires_at", "created_at" -- params: [true, "20d4a1cc6f7a37fa49e46b2d1a8083c059bae1ddcf1b41006f7b68773b60cbf7", false, "2026-04-24T06:44:14.503Z"]
Query: insert into "refresh_tokens" ("id", "user_id", "token_hash", "user_agent", "ip", "revoked", "expires_at", "created_at") values (default, $1, $2, $3, $4, $5, $6, default) -- params: ["bd1fdd95-f1fb-4049-a60d-4b7261095e82", "426a85bc12aa37502a4a96204b7238808cde0d41f7655429a63335b940435a06", "Mozilla/5.0 (Windows NT 10.0; Win64; x64) AppleWebKit/537.36 (KHTML, like Gecko) HeadlessChrome/145.0.7632.6 Safari/537.36", "127.0.0.1", false, "2026-05-01T06:44:14.517Z"]
Query: commit
Query: select "id", "email", "password", "first_name", "middle_name", "last_name", "account_status", "is_email_verified", "last_login_at", "created_at", "updated_at" from "users" "users" where "users"."id" = $1 limit $2 -- params: ["bd1fdd95-f1fb-4049-a60d-4b7261095e82", 1]
Query: select "user_id", "date_of_birth", "profile_picture", "gender", "phone", "address", "family_name", "family_relationship", "family_contact", "grade_level", "lrn", "created_at", "updated_at" from "student_profiles" "studentProfiles" where "studentProfiles"."user_id" = $1 limit $2 -- params: ["bd1fdd95-f1fb-4049-a60d-4b7261095e82", 1]
Query: select "userRoles"."user_id", "userRoles"."role_id", "userRoles"."assigned_at", "userRoles"."assigned_by", "userRoles_role"."data" as "role" from "user_roles" "userRoles" left join lateral (select json_build_array("userRoles_role"."id", "userRoles_role"."name", "userRoles_role"."description", "userRoles_role"."created_at") as "data" from (select * from "roles" "userRoles_role" where "userRoles_role"."id" = "userRoles"."role_id" limit $1) "userRoles_role") "userRoles_role" on true where "userRoles"."user_id" = $2 -- params: [1, "bd1fdd95-f1fb-4049-a60d-4b7261095e82"]
Query: select "user_id", "department", "specialization", "profile_picture", "contact_number", "date_of_birth", "gender", "address", "employee_id", "created_at", "updated_at" from "teacher_profiles" "teacherProfiles" where "teacherProfiles"."user_id" = $1 limit $2 -- params: ["bd1fdd95-f1fb-4049-a60d-4b7261095e82", 1]
Query: begin
Query: update "refresh_tokens" set "revoked" = $1 where ("refresh_tokens"."token_hash" = $2 and "refresh_tokens"."revoked" = $3 and "refresh_tokens"."expires_at" > $4) returning "id", "user_id", "token_hash", "user_agent", "ip", "revoked", "expires_at", "created_at" -- params: [true, "426a85bc12aa37502a4a96204b7238808cde0d41f7655429a63335b940435a06", false, "2026-04-24T06:44:15.148Z"]
Query: insert into "refresh_tokens" ("id", "user_id", "token_hash", "user_agent", "ip", "revoked", "expires_at", "created_at") values (default, $1, $2, $3, $4, $5, $6, default) -- params: ["bd1fdd95-f1fb-4049-a60d-4b7261095e82", "ff8839787282749fc286ee7e9cedae76fca125f11c66fb288081a186285a2a09", "Mozilla/5.0 (Windows NT 10.0; Win64; x64) AppleWebKit/537.36 (KHTML, like Gecko) HeadlessChrome/145.0.7632.6 Safari/537.36", "127.0.0.1", false, "2026-05-01T06:44:15.175Z"]
Query: commit
Query: select "id", "email", "password", "first_name", "middle_name", "last_name", "account_status", "is_email_verified", "last_login_at", "created_at", "updated_at" from "users" "users" where "users"."id" = $1 limit $2 -- params: ["bd1fdd95-f1fb-4049-a60d-4b7261095e82", 1]
Query: select "user_id", "date_of_birth", "profile_picture", "gender", "phone", "address", "family_name", "family_relationship", "family_contact", "grade_level", "lrn", "created_at", "updated_at" from "student_profiles" "studentProfiles" where "studentProfiles"."user_id" = $1 limit $2 -- params: ["bd1fdd95-f1fb-4049-a60d-4b7261095e82", 1]
Query: select "userRoles"."user_id", "userRoles"."role_id", "userRoles"."assigned_at", "userRoles"."assigned_by", "userRoles_role"."data" as "role" from "user_roles" "userRoles" left join lateral (select json_build_array("userRoles_role"."id", "userRoles_role"."name", "userRoles_role"."description", "userRoles_role"."created_at") as "data" from (select * from "roles" "userRoles_role" where "userRoles_role"."id" = "userRoles"."role_id" limit $1) "userRoles_role") "userRoles_role" on true where "userRoles"."user_id" = $2 -- params: [1, "bd1fdd95-f1fb-4049-a60d-4b7261095e82"]
Query: select "user_id", "department", "specialization", "profile_picture", "contact_number", "date_of_birth", "gender", "address", "employee_id", "created_at", "updated_at" from "teacher_profiles" "teacherProfiles" where "teacherProfiles"."user_id" = $1 limit $2 -- params: ["bd1fdd95-f1fb-4049-a60d-4b7261095e82", 1]
2026-04-24 14:44:15 [34mdebug[39m [JwtAuthGuard] [AUTH-GUARD] Authorization header present: true
2026-04-24 14:44:15 [34mdebug[39m [JwtStrategy] [JWT-STRAT] Validating token for userId: bd1fdd95-f1fb-4049-a60d-4b7261095e82
Query: select "id", "email", "password", "first_name", "middle_name", "last_name", "account_status", "is_email_verified", "last_login_at", "created_at", "updated_at" from "users" "users" where "users"."id" = $1 limit $2 -- params: ["bd1fdd95-f1fb-4049-a60d-4b7261095e82", 1]
Query: select "user_id", "date_of_birth", "profile_picture", "gender", "phone", "address", "family_name", "family_relationship", "family_contact", "grade_level", "lrn", "created_at", "updated_at" from "student_profiles" "studentProfiles" where "studentProfiles"."user_id" = $1 limit $2 -- params: ["bd1fdd95-f1fb-4049-a60d-4b7261095e82", 1]
Query: select "userRoles"."user_id", "userRoles"."role_id", "userRoles"."assigned_at", "userRoles"."assigned_by", "userRoles_role"."data" as "role" from "user_roles" "userRoles" left join lateral (select json_build_array("userRoles_role"."id", "userRoles_role"."name", "userRoles_role"."description", "userRoles_role"."created_at") as "data" from (select * from "roles" "userRoles_role" where "userRoles_role"."id" = "userRoles"."role_id" limit $1) "userRoles_role") "userRoles_role" on true where "userRoles"."user_id" = $2 -- params: [1, "bd1fdd95-f1fb-4049-a60d-4b7261095e82"]
Query: select "user_id", "department", "specialization", "profile_picture", "contact_number", "date_of_birth", "gender", "address", "employee_id", "created_at", "updated_at" from "teacher_profiles" "teacherProfiles" where "teacherProfiles"."user_id" = $1 limit $2 -- params: ["bd1fdd95-f1fb-4049-a60d-4b7261095e82", 1]
2026-04-24 14:44:15 [34mdebug[39m [JwtStrategy] [JWT-STRAT] User lookup for bd1fdd95-f1fb-4049-a60d-4b7261095e82: found=true
2026-04-24 14:44:15 [34mdebug[39m [JwtAuthGuard] [AUTH-GUARD] Authorization header present: true
2026-04-24 14:44:15 [34mdebug[39m [JwtStrategy] [JWT-STRAT] Validating token for userId: bd1fdd95-f1fb-4049-a60d-4b7261095e82
Query: select "id", "email", "password", "first_name", "middle_name", "last_name", "account_status", "is_email_verified", "last_login_at", "created_at", "updated_at" from "users" "users" where "users"."id" = $1 limit $2 -- params: ["bd1fdd95-f1fb-4049-a60d-4b7261095e82", 1]
Query: select "user_id", "date_of_birth", "profile_picture", "gender", "phone", "address", "family_name", "family_relationship", "family_contact", "grade_level", "lrn", "created_at", "updated_at" from "student_profiles" "studentProfiles" where "studentProfiles"."user_id" = $1 limit $2 -- params: ["bd1fdd95-f1fb-4049-a60d-4b7261095e82", 1]
Query: select "userRoles"."user_id", "userRoles"."role_id", "userRoles"."assigned_at", "userRoles"."assigned_by", "userRoles_role"."data" as "role" from "user_roles" "userRoles" left join lateral (select json_build_array("userRoles_role"."id", "userRoles_role"."name", "userRoles_role"."description", "userRoles_role"."created_at") as "data" from (select * from "roles" "userRoles_role" where "userRoles_role"."id" = "userRoles"."role_id" limit $1) "userRoles_role") "userRoles_role" on true where "userRoles"."user_id" = $2 -- params: [1, "bd1fdd95-f1fb-4049-a60d-4b7261095e82"]
Query: select "user_id", "department", "specialization", "profile_picture", "contact_number", "date_of_birth", "gender", "address", "employee_id", "created_at", "updated_at" from "teacher_profiles" "teacherProfiles" where "teacherProfiles"."user_id" = $1 limit $2 -- params: ["bd1fdd95-f1fb-4049-a60d-4b7261095e82", 1]
2026-04-24 14:44:15 [34mdebug[39m [JwtStrategy] [JWT-STRAT] User lookup for bd1fdd95-f1fb-4049-a60d-4b7261095e82: found=true
2026-04-24 14:44:15 [34mdebug[39m [JwtAuthGuard] [AUTH-GUARD] Authorization header present: true
2026-04-24 14:44:15 [34mdebug[39m [JwtStrategy] [JWT-STRAT] Validating token for userId: bd1fdd95-f1fb-4049-a60d-4b7261095e82
Query: select "id", "email", "password", "first_name", "middle_name", "last_name", "account_status", "is_email_verified", "last_login_at", "created_at", "updated_at" from "users" "users" where "users"."id" = $1 limit $2 -- params: ["bd1fdd95-f1fb-4049-a60d-4b7261095e82", 1]
Query: select "user_id", "date_of_birth", "profile_picture", "gender", "phone", "address", "family_name", "family_relationship", "family_contact", "grade_level", "lrn", "created_at", "updated_at" from "student_profiles" "studentProfiles" where "studentProfiles"."user_id" = $1 limit $2 -- params: ["bd1fdd95-f1fb-4049-a60d-4b7261095e82", 1]
Query: select "userRoles"."user_id", "userRoles"."role_id", "userRoles"."assigned_at", "userRoles"."assigned_by", "userRoles_role"."data" as "role" from "user_roles" "userRoles" left join lateral (select json_build_array("userRoles_role"."id", "userRoles_role"."name", "userRoles_role"."description", "userRoles_role"."created_at") as "data" from (select * from "roles" "userRoles_role" where "userRoles_role"."id" = "userRoles"."role_id" limit $1) "userRoles_role") "userRoles_role" on true where "userRoles"."user_id" = $2 -- params: [1, "bd1fdd95-f1fb-4049-a60d-4b7261095e82"]
2026-04-24 14:44:15 [34mdebug[39m [JwtAuthGuard] [AUTH-GUARD] Authorization header present: true
2026-04-24 14:44:15 [34mdebug[39m [JwtStrategy] [JWT-STRAT] Validating token for userId: bd1fdd95-f1fb-4049-a60d-4b7261095e82
Query: select "id", "email", "password", "first_name", "middle_name", "last_name", "account_status", "is_email_verified", "last_login_at", "created_at", "updated_at" from "users" "users" where "users"."id" = $1 limit $2 -- params: ["bd1fdd95-f1fb-4049-a60d-4b7261095e82", 1]
2026-04-24 14:44:15 [34mdebug[39m [JwtAuthGuard] [AUTH-GUARD] Authorization header present: true
2026-04-24 14:44:15 [34mdebug[39m [JwtStrategy] [JWT-STRAT] Validating token for userId: bd1fdd95-f1fb-4049-a60d-4b7261095e82
Query: select "id", "email", "password", "first_name", "middle_name", "last_name", "account_status", "is_email_verified", "last_login_at", "created_at", "updated_at" from "users" "users" where "users"."id" = $1 limit $2 -- params: ["bd1fdd95-f1fb-4049-a60d-4b7261095e82", 1]
Query: select "user_id", "department", "specialization", "profile_picture", "contact_number", "date_of_birth", "gender", "address", "employee_id", "created_at", "updated_at" from "teacher_profiles" "teacherProfiles" where "teacherProfiles"."user_id" = $1 limit $2 -- params: ["bd1fdd95-f1fb-4049-a60d-4b7261095e82", 1]
2026-04-24 14:44:15 [32minfo[39m [NotificationsGateway] [WS] Connected: 0kgkK3RIHUo2SGvGAAAH → user:bd1fdd95-f1fb-4049-a60d-4b7261095e82
Query: select "user_id", "date_of_birth", "profile_picture", "gender", "phone", "address", "family_name", "family_relationship", "family_contact", "grade_level", "lrn", "created_at", "updated_at" from "student_profiles" "studentProfiles" where "studentProfiles"."user_id" = $1 limit $2 -- params: ["bd1fdd95-f1fb-4049-a60d-4b7261095e82", 1]
Query: select "userRoles"."user_id", "userRoles"."role_id", "userRoles"."assigned_at", "userRoles"."assigned_by", "userRoles_role"."data" as "role" from "user_roles" "userRoles" left join lateral (select json_build_array("userRoles_role"."id", "userRoles_role"."name", "userRoles_role"."description", "userRoles_role"."created_at") as "data" from (select * from "roles" "userRoles_role" where "userRoles_role"."id" = "userRoles"."role_id" limit $1) "userRoles_role") "userRoles_role" on true where "userRoles"."user_id" = $2 -- params: [1, "bd1fdd95-f1fb-4049-a60d-4b7261095e82"]
Query: select "user_id", "date_of_birth", "profile_picture", "gender", "phone", "address", "family_name", "family_relationship", "family_contact", "grade_level", "lrn", "created_at", "updated_at" from "student_profiles" "studentProfiles" where "studentProfiles"."user_id" = $1 limit $2 -- params: ["bd1fdd95-f1fb-4049-a60d-4b7261095e82", 1]
Query: select "userRoles"."user_id", "userRoles"."role_id", "userRoles"."assigned_at", "userRoles"."assigned_by", "userRoles_role"."data" as "role" from "user_roles" "userRoles" left join lateral (select json_build_array("userRoles_role"."id", "userRoles_role"."name", "userRoles_role"."description", "userRoles_role"."created_at") as "data" from (select * from "roles" "userRoles_role" where "userRoles_role"."id" = "userRoles"."role_id" limit $1) "userRoles_role") "userRoles_role" on true where "userRoles"."user_id" = $2 -- params: [1, "bd1fdd95-f1fb-4049-a60d-4b7261095e82"]
2026-04-24 14:44:15 [34mdebug[39m [JwtStrategy] [JWT-STRAT] User lookup for bd1fdd95-f1fb-4049-a60d-4b7261095e82: found=true
2026-04-24 14:44:15 [34mdebug[39m [RolesGuard] [ROLES] Required: ["teacher","admin"] | User roles: ["teacher"] | Path: /api/lxp/teacher/interventions/pending-count
Query: select "id", "subject_name", "subject_code" from "classes" "classes" where "classes"."teacher_id" = $1 -- params: ["bd1fdd95-f1fb-4049-a60d-4b7261095e82"]
Query: select "user_id", "department", "specialization", "profile_picture", "contact_number", "date_of_birth", "gender", "address", "employee_id", "created_at", "updated_at" from "teacher_profiles" "teacherProfiles" where "teacherProfiles"."user_id" = $1 limit $2 -- params: ["bd1fdd95-f1fb-4049-a60d-4b7261095e82", 1]
Query: select "user_id", "department", "specialization", "profile_picture", "contact_number", "date_of_birth", "gender", "address", "employee_id", "created_at", "updated_at" from "teacher_profiles" "teacherProfiles" where "teacherProfiles"."user_id" = $1 limit $2 -- params: ["bd1fdd95-f1fb-4049-a60d-4b7261095e82", 1]
Query: select "id", "class_id" from "intervention_cases" "interventionCases" where ("interventionCases"."class_id" in ($1, $2, $3, $4) and "interventionCases"."status" = $5) -- params: ["f71bebea-e122-4cd4-9d01-10d543ff1bf1", "c8939737-f7c6-4609-97be-e5e8bbaa0edc", "b154d6f7-ec2e-46b1-b6e3-e790039cb14d", "a1482efb-4f1c-4d11-baf1-e4e61a894595", "pending"]
2026-04-24 14:44:15 [34mdebug[39m [JwtStrategy] [JWT-STRAT] User lookup for bd1fdd95-f1fb-4049-a60d-4b7261095e82: found=true
2026-04-24 14:44:15 [34mdebug[39m [JwtAuthGuard] [AUTH-GUARD] Authorization header present: true
2026-04-24 14:44:15 [34mdebug[39m [JwtStrategy] [JWT-STRAT] Validating token for userId: bd1fdd95-f1fb-4049-a60d-4b7261095e82
Query: select "id", "email", "password", "first_name", "middle_name", "last_name", "account_status", "is_email_verified", "last_login_at", "created_at", "updated_at" from "users" "users" where "users"."id" = $1 limit $2 -- params: ["bd1fdd95-f1fb-4049-a60d-4b7261095e82", 1]
2026-04-24 14:44:15 [34mdebug[39m [JwtStrategy] [JWT-STRAT] User lookup for bd1fdd95-f1fb-4049-a60d-4b7261095e82: found=true
2026-04-24 14:44:15 [34mdebug[39m [JwtAuthGuard] [AUTH-GUARD] Authorization header present: true
2026-04-24 14:44:15 [34mdebug[39m [JwtStrategy] [JWT-STRAT] Validating token for userId: bd1fdd95-f1fb-4049-a60d-4b7261095e82
Query: select "id", "email", "password", "first_name", "middle_name", "last_name", "account_status", "is_email_verified", "last_login_at", "created_at", "updated_at" from "users" "users" where "users"."id" = $1 limit $2 -- params: ["bd1fdd95-f1fb-4049-a60d-4b7261095e82", 1]
Query: select "user_id", "date_of_birth", "profile_picture", "gender", "phone", "address", "family_name", "family_relationship", "family_contact", "grade_level", "lrn", "created_at", "updated_at" from "student_profiles" "studentProfiles" where "studentProfiles"."user_id" = $1 limit $2 -- params: ["bd1fdd95-f1fb-4049-a60d-4b7261095e82", 1]
Query: select "userRoles"."user_id", "userRoles"."role_id", "userRoles"."assigned_at", "userRoles"."assigned_by", "userRoles_role"."data" as "role" from "user_roles" "userRoles" left join lateral (select json_build_array("userRoles_role"."id", "userRoles_role"."name", "userRoles_role"."description", "userRoles_role"."created_at") as "data" from (select * from "roles" "userRoles_role" where "userRoles_role"."id" = "userRoles"."role_id" limit $1) "userRoles_role") "userRoles_role" on true where "userRoles"."user_id" = $2 -- params: [1, "bd1fdd95-f1fb-4049-a60d-4b7261095e82"]
Query: select "user_id", "date_of_birth", "profile_picture", "gender", "phone", "address", "family_name", "family_relationship", "family_contact", "grade_level", "lrn", "created_at", "updated_at" from "student_profiles" "studentProfiles" where "studentProfiles"."user_id" = $1 limit $2 -- params: ["bd1fdd95-f1fb-4049-a60d-4b7261095e82", 1]
Query: select "userRoles"."user_id", "userRoles"."role_id", "userRoles"."assigned_at", "userRoles"."assigned_by", "userRoles_role"."data" as "role" from "user_roles" "userRoles" left join lateral (select json_build_array("userRoles_role"."id", "userRoles_role"."name", "userRoles_role"."description", "userRoles_role"."created_at") as "data" from (select * from "roles" "userRoles_role" where "userRoles_role"."id" = "userRoles"."role_id" limit $1) "userRoles_role") "userRoles_role" on true where "userRoles"."user_id" = $2 -- params: [1, "bd1fdd95-f1fb-4049-a60d-4b7261095e82"]
Query: select "user_id", "department", "specialization", "profile_picture", "contact_number", "date_of_birth", "gender", "address", "employee_id", "created_at", "updated_at" from "teacher_profiles" "teacherProfiles" where "teacherProfiles"."user_id" = $1 limit $2 -- params: ["bd1fdd95-f1fb-4049-a60d-4b7261095e82", 1]
Query: select "user_id", "department", "specialization", "profile_picture", "contact_number", "date_of_birth", "gender", "address", "employee_id", "created_at", "updated_at" from "teacher_profiles" "teacherProfiles" where "teacherProfiles"."user_id" = $1 limit $2 -- params: ["bd1fdd95-f1fb-4049-a60d-4b7261095e82", 1]
2026-04-24 14:44:15 [34mdebug[39m [JwtStrategy] [JWT-STRAT] User lookup for bd1fdd95-f1fb-4049-a60d-4b7261095e82: found=true
2026-04-24 14:44:15 [34mdebug[39m [RolesGuard] [ROLES] Required: ["teacher","student","admin"] | User roles: ["teacher"] | Path: /api/notifications?limit=50
Query: select "id", "user_id", "type", "reference_id", "title", "body", "is_read", "read_at", "created_at" from "notifications" "notifications" where "notifications"."user_id" = $1 order by "notifications"."created_at" desc limit $2 -- params: ["bd1fdd95-f1fb-4049-a60d-4b7261095e82", 50]
Query: select count(*) from "notifications" where "notifications"."user_id" = $1 -- params: ["bd1fdd95-f1fb-4049-a60d-4b7261095e82"]
2026-04-24 14:44:15 [34mdebug[39m [JwtStrategy] [JWT-STRAT] User lookup for bd1fdd95-f1fb-4049-a60d-4b7261095e82: found=true
2026-04-24 14:44:15 [34mdebug[39m [RolesGuard] [ROLES] Required: ["teacher","student","admin"] | User roles: ["teacher"] | Path: /api/notifications/unread-count
Query: select count(*) from "notifications" where ("notifications"."user_id" = $1 and "notifications"."is_read" = $2) -- params: ["bd1fdd95-f1fb-4049-a60d-4b7261095e82", false]
2026-04-24 14:44:15 [34mdebug[39m [JwtAuthGuard] [AUTH-GUARD] Authorization header present: true
2026-04-24 14:44:15 [34mdebug[39m [JwtStrategy] [JWT-STRAT] Validating token for userId: bd1fdd95-f1fb-4049-a60d-4b7261095e82
Query: select "id", "email", "password", "first_name", "middle_name", "last_name", "account_status", "is_email_verified", "last_login_at", "created_at", "updated_at" from "users" "users" where "users"."id" = $1 limit $2 -- params: ["bd1fdd95-f1fb-4049-a60d-4b7261095e82", 1]
2026-04-24 14:44:15 [34mdebug[39m [JwtAuthGuard] [AUTH-GUARD] Authorization header present: true
2026-04-24 14:44:15 [34mdebug[39m [JwtStrategy] [JWT-STRAT] Validating token for userId: bd1fdd95-f1fb-4049-a60d-4b7261095e82
Query: select "id", "email", "password", "first_name", "middle_name", "last_name", "account_status", "is_email_verified", "last_login_at", "created_at", "updated_at" from "users" "users" where "users"."id" = $1 limit $2 -- params: ["bd1fdd95-f1fb-4049-a60d-4b7261095e82", 1]
2026-04-24 14:44:15 [34mdebug[39m [JwtAuthGuard] [AUTH-GUARD] Authorization header present: true
2026-04-24 14:44:15 [34mdebug[39m [JwtStrategy] [JWT-STRAT] Validating token for userId: bd1fdd95-f1fb-4049-a60d-4b7261095e82
Query: select "id", "email", "password", "first_name", "middle_name", "last_name", "account_status", "is_email_verified", "last_login_at", "created_at", "updated_at" from "users" "users" where "users"."id" = $1 limit $2 -- params: ["bd1fdd95-f1fb-4049-a60d-4b7261095e82", 1]
Query: select "user_id", "date_of_birth", "profile_picture", "gender", "phone", "address", "family_name", "family_relationship", "family_contact", "grade_level", "lrn", "created_at", "updated_at" from "student_profiles" "studentProfiles" where "studentProfiles"."user_id" = $1 limit $2 -- params: ["bd1fdd95-f1fb-4049-a60d-4b7261095e82", 1]
Query: select "userRoles"."user_id", "userRoles"."role_id", "userRoles"."assigned_at", "userRoles"."assigned_by", "userRoles_role"."data" as "role" from "user_roles" "userRoles" left join lateral (select json_build_array("userRoles_role"."id", "userRoles_role"."name", "userRoles_role"."description", "userRoles_role"."created_at") as "data" from (select * from "roles" "userRoles_role" where "userRoles_role"."id" = "userRoles"."role_id" limit $1) "userRoles_role") "userRoles_role" on true where "userRoles"."user_id" = $2 -- params: [1, "bd1fdd95-f1fb-4049-a60d-4b7261095e82"]
Query: select "user_id", "date_of_birth", "profile_picture", "gender", "phone", "address", "family_name", "family_relationship", "family_contact", "grade_level", "lrn", "created_at", "updated_at" from "student_profiles" "studentProfiles" where "studentProfiles"."user_id" = $1 limit $2 -- params: ["bd1fdd95-f1fb-4049-a60d-4b7261095e82", 1]
Query: select "userRoles"."user_id", "userRoles"."role_id", "userRoles"."assigned_at", "userRoles"."assigned_by", "userRoles_role"."data" as "role" from "user_roles" "userRoles" left join lateral (select json_build_array("userRoles_role"."id", "userRoles_role"."name", "userRoles_role"."description", "userRoles_role"."created_at") as "data" from (select * from "roles" "userRoles_role" where "userRoles_role"."id" = "userRoles"."role_id" limit $1) "userRoles_role") "userRoles_role" on true where "userRoles"."user_id" = $2 -- params: [1, "bd1fdd95-f1fb-4049-a60d-4b7261095e82"]
Query: select "user_id", "date_of_birth", "profile_picture", "gender", "phone", "address", "family_name", "family_relationship", "family_contact", "grade_level", "lrn", "created_at", "updated_at" from "student_profiles" "studentProfiles" where "studentProfiles"."user_id" = $1 limit $2 -- params: ["bd1fdd95-f1fb-4049-a60d-4b7261095e82", 1]
Query: select "userRoles"."user_id", "userRoles"."role_id", "userRoles"."assigned_at", "userRoles"."assigned_by", "userRoles_role"."data" as "role" from "user_roles" "userRoles" left join lateral (select json_build_array("userRoles_role"."id", "userRoles_role"."name", "userRoles_role"."description", "userRoles_role"."created_at") as "data" from (select * from "roles" "userRoles_role" where "userRoles_role"."id" = "userRoles"."role_id" limit $1) "userRoles_role") "userRoles_role" on true where "userRoles"."user_id" = $2 -- params: [1, "bd1fdd95-f1fb-4049-a60d-4b7261095e82"]
Query: select "user_id", "department", "specialization", "profile_picture", "contact_number", "date_of_birth", "gender", "address", "employee_id", "created_at", "updated_at" from "teacher_profiles" "teacherProfiles" where "teacherProfiles"."user_id" = $1 limit $2 -- params: ["bd1fdd95-f1fb-4049-a60d-4b7261095e82", 1]
2026-04-24 14:44:15 [34mdebug[39m [JwtAuthGuard] [AUTH-GUARD] Authorization header present: true
2026-04-24 14:44:15 [34mdebug[39m [JwtStrategy] [JWT-STRAT] Validating token for userId: bd1fdd95-f1fb-4049-a60d-4b7261095e82
Query: select "id", "email", "password", "first_name", "middle_name", "last_name", "account_status", "is_email_verified", "last_login_at", "created_at", "updated_at" from "users" "users" where "users"."id" = $1 limit $2 -- params: ["bd1fdd95-f1fb-4049-a60d-4b7261095e82", 1]
2026-04-24 14:44:15 [34mdebug[39m [JwtAuthGuard] [AUTH-GUARD] Authorization header present: true
2026-04-24 14:44:15 [34mdebug[39m [JwtStrategy] [JWT-STRAT] Validating token for userId: bd1fdd95-f1fb-4049-a60d-4b7261095e82
Query: select "id", "email", "password", "first_name", "middle_name", "last_name", "account_status", "is_email_verified", "last_login_at", "created_at", "updated_at" from "users" "users" where "users"."id" = $1 limit $2 -- params: ["bd1fdd95-f1fb-4049-a60d-4b7261095e82", 1]
Query: select "user_id", "department", "specialization", "profile_picture", "contact_number", "date_of_birth", "gender", "address", "employee_id", "created_at", "updated_at" from "teacher_profiles" "teacherProfiles" where "teacherProfiles"."user_id" = $1 limit $2 -- params: ["bd1fdd95-f1fb-4049-a60d-4b7261095e82", 1]
Query: select "user_id", "department", "specialization", "profile_picture", "contact_number", "date_of_birth", "gender", "address", "employee_id", "created_at", "updated_at" from "teacher_profiles" "teacherProfiles" where "teacherProfiles"."user_id" = $1 limit $2 -- params: ["bd1fdd95-f1fb-4049-a60d-4b7261095e82", 1]
2026-04-24 14:44:15 [34mdebug[39m [JwtStrategy] [JWT-STRAT] User lookup for bd1fdd95-f1fb-4049-a60d-4b7261095e82: found=true
2026-04-24 14:44:15 [34mdebug[39m [RolesGuard] [ROLES] Required: ["teacher","admin"] | User roles: ["teacher"] | Path: /api/lxp/teacher/interventions/pending-count
Query: select "id", "subject_name", "subject_code" from "classes" "classes" where "classes"."teacher_id" = $1 -- params: ["bd1fdd95-f1fb-4049-a60d-4b7261095e82"]
Query: select "user_id", "date_of_birth", "profile_picture", "gender", "phone", "address", "family_name", "family_relationship", "family_contact", "grade_level", "lrn", "created_at", "updated_at" from "student_profiles" "studentProfiles" where "studentProfiles"."user_id" = $1 limit $2 -- params: ["bd1fdd95-f1fb-4049-a60d-4b7261095e82", 1]
Query: select "userRoles"."user_id", "userRoles"."role_id", "userRoles"."assigned_at", "userRoles"."assigned_by", "userRoles_role"."data" as "role" from "user_roles" "userRoles" left join lateral (select json_build_array("userRoles_role"."id", "userRoles_role"."name", "userRoles_role"."description", "userRoles_role"."created_at") as "data" from (select * from "roles" "userRoles_role" where "userRoles_role"."id" = "userRoles"."role_id" limit $1) "userRoles_role") "userRoles_role" on true where "userRoles"."user_id" = $2 -- params: [1, "bd1fdd95-f1fb-4049-a60d-4b7261095e82"]
Query: select "user_id", "date_of_birth", "profile_picture", "gender", "phone", "address", "family_name", "family_relationship", "family_contact", "grade_level", "lrn", "created_at", "updated_at" from "student_profiles" "studentProfiles" where "studentProfiles"."user_id" = $1 limit $2 -- params: ["bd1fdd95-f1fb-4049-a60d-4b7261095e82", 1]
Query: select "userRoles"."user_id", "userRoles"."role_id", "userRoles"."assigned_at", "userRoles"."assigned_by", "userRoles_role"."data" as "role" from "user_roles" "userRoles" left join lateral (select json_build_array("userRoles_role"."id", "userRoles_role"."name", "userRoles_role"."description", "userRoles_role"."created_at") as "data" from (select * from "roles" "userRoles_role" where "userRoles_role"."id" = "userRoles"."role_id" limit $1) "userRoles_role") "userRoles_role" on true where "userRoles"."user_id" = $2 -- params: [1, "bd1fdd95-f1fb-4049-a60d-4b7261095e82"]
2026-04-24 14:44:15 [34mdebug[39m [JwtStrategy] [JWT-STRAT] User lookup for bd1fdd95-f1fb-4049-a60d-4b7261095e82: found=true
2026-04-24 14:44:15 [34mdebug[39m [JwtAuthGuard] [AUTH-GUARD] Authorization header present: true
2026-04-24 14:44:15 [34mdebug[39m [JwtStrategy] [JWT-STRAT] Validating token for userId: bd1fdd95-f1fb-4049-a60d-4b7261095e82
Query: select "id", "email", "password", "first_name", "middle_name", "last_name", "account_status", "is_email_verified", "last_login_at", "created_at", "updated_at" from "users" "users" where "users"."id" = $1 limit $2 -- params: ["bd1fdd95-f1fb-4049-a60d-4b7261095e82", 1]
2026-04-24 14:44:15 [34mdebug[39m [JwtStrategy] [JWT-STRAT] User lookup for bd1fdd95-f1fb-4049-a60d-4b7261095e82: found=true
2026-04-24 14:44:15 [34mdebug[39m [JwtAuthGuard] [AUTH-GUARD] Authorization header present: true
2026-04-24 14:44:15 [34mdebug[39m [JwtStrategy] [JWT-STRAT] Validating token for userId: bd1fdd95-f1fb-4049-a60d-4b7261095e82
Query: select "id", "email", "password", "first_name", "middle_name", "last_name", "account_status", "is_email_verified", "last_login_at", "created_at", "updated_at" from "users" "users" where "users"."id" = $1 limit $2 -- params: ["bd1fdd95-f1fb-4049-a60d-4b7261095e82", 1]
Query: select "user_id", "department", "specialization", "profile_picture", "contact_number", "date_of_birth", "gender", "address", "employee_id", "created_at", "updated_at" from "teacher_profiles" "teacherProfiles" where "teacherProfiles"."user_id" = $1 limit $2 -- params: ["bd1fdd95-f1fb-4049-a60d-4b7261095e82", 1]
Query: select "id", "class_id" from "intervention_cases" "interventionCases" where ("interventionCases"."class_id" in ($1, $2, $3, $4) and "interventionCases"."status" = $5) -- params: ["f71bebea-e122-4cd4-9d01-10d543ff1bf1", "c8939737-f7c6-4609-97be-e5e8bbaa0edc", "b154d6f7-ec2e-46b1-b6e3-e790039cb14d", "a1482efb-4f1c-4d11-baf1-e4e61a894595", "pending"]
Query: select "user_id", "department", "specialization", "profile_picture", "contact_number", "date_of_birth", "gender", "address", "employee_id", "created_at", "updated_at" from "teacher_profiles" "teacherProfiles" where "teacherProfiles"."user_id" = $1 limit $2 -- params: ["bd1fdd95-f1fb-4049-a60d-4b7261095e82", 1]
Query: select "user_id", "date_of_birth", "profile_picture", "gender", "phone", "address", "family_name", "family_relationship", "family_contact", "grade_level", "lrn", "created_at", "updated_at" from "student_profiles" "studentProfiles" where "studentProfiles"."user_id" = $1 limit $2 -- params: ["bd1fdd95-f1fb-4049-a60d-4b7261095e82", 1]
Query: select "userRoles"."user_id", "userRoles"."role_id", "userRoles"."assigned_at", "userRoles"."assigned_by", "userRoles_role"."data" as "role" from "user_roles" "userRoles" left join lateral (select json_build_array("userRoles_role"."id", "userRoles_role"."name", "userRoles_role"."description", "userRoles_role"."created_at") as "data" from (select * from "roles" "userRoles_role" where "userRoles_role"."id" = "userRoles"."role_id" limit $1) "userRoles_role") "userRoles_role" on true where "userRoles"."user_id" = $2 -- params: [1, "bd1fdd95-f1fb-4049-a60d-4b7261095e82"]
Query: select "user_id", "date_of_birth", "profile_picture", "gender", "phone", "address", "family_name", "family_relationship", "family_contact", "grade_level", "lrn", "created_at", "updated_at" from "student_profiles" "studentProfiles" where "studentProfiles"."user_id" = $1 limit $2 -- params: ["bd1fdd95-f1fb-4049-a60d-4b7261095e82", 1]
Query: select "userRoles"."user_id", "userRoles"."role_id", "userRoles"."assigned_at", "userRoles"."assigned_by", "userRoles_role"."data" as "role" from "user_roles" "userRoles" left join lateral (select json_build_array("userRoles_role"."id", "userRoles_role"."name", "userRoles_role"."description", "userRoles_role"."created_at") as "data" from (select * from "roles" "userRoles_role" where "userRoles_role"."id" = "userRoles"."role_id" limit $1) "userRoles_role") "userRoles_role" on true where "userRoles"."user_id" = $2 -- params: [1, "bd1fdd95-f1fb-4049-a60d-4b7261095e82"]
2026-04-24 14:44:15 [34mdebug[39m [JwtStrategy] [JWT-STRAT] User lookup for bd1fdd95-f1fb-4049-a60d-4b7261095e82: found=true
2026-04-24 14:44:15 [34mdebug[39m [JwtAuthGuard] [AUTH-GUARD] Authorization header present: true
2026-04-24 14:44:15 [34mdebug[39m [JwtStrategy] [JWT-STRAT] Validating token for userId: bd1fdd95-f1fb-4049-a60d-4b7261095e82
Query: select "id", "email", "password", "first_name", "middle_name", "last_name", "account_status", "is_email_verified", "last_login_at", "created_at", "updated_at" from "users" "users" where "users"."id" = $1 limit $2 -- params: ["bd1fdd95-f1fb-4049-a60d-4b7261095e82", 1]
2026-04-24 14:44:15 [34mdebug[39m [JwtStrategy] [JWT-STRAT] User lookup for bd1fdd95-f1fb-4049-a60d-4b7261095e82: found=true
2026-04-24 14:44:15 [34mdebug[39m [JwtAuthGuard] [AUTH-GUARD] Authorization header present: true
2026-04-24 14:44:15 [34mdebug[39m [JwtStrategy] [JWT-STRAT] Validating token for userId: bd1fdd95-f1fb-4049-a60d-4b7261095e82
Query: select "id", "email", "password", "first_name", "middle_name", "last_name", "account_status", "is_email_verified", "last_login_at", "created_at", "updated_at" from "users" "users" where "users"."id" = $1 limit $2 -- params: ["bd1fdd95-f1fb-4049-a60d-4b7261095e82", 1]
Query: select "user_id", "department", "specialization", "profile_picture", "contact_number", "date_of_birth", "gender", "address", "employee_id", "created_at", "updated_at" from "teacher_profiles" "teacherProfiles" where "teacherProfiles"."user_id" = $1 limit $2 -- params: ["bd1fdd95-f1fb-4049-a60d-4b7261095e82", 1]
Query: select "user_id", "department", "specialization", "profile_picture", "contact_number", "date_of_birth", "gender", "address", "employee_id", "created_at", "updated_at" from "teacher_profiles" "teacherProfiles" where "teacherProfiles"."user_id" = $1 limit $2 -- params: ["bd1fdd95-f1fb-4049-a60d-4b7261095e82", 1]
Query: select "user_id", "date_of_birth", "profile_picture", "gender", "phone", "address", "family_name", "family_relationship", "family_contact", "grade_level", "lrn", "created_at", "updated_at" from "student_profiles" "studentProfiles" where "studentProfiles"."user_id" = $1 limit $2 -- params: ["bd1fdd95-f1fb-4049-a60d-4b7261095e82", 1]
Query: select "userRoles"."user_id", "userRoles"."role_id", "userRoles"."assigned_at", "userRoles"."assigned_by", "userRoles_role"."data" as "role" from "user_roles" "userRoles" left join lateral (select json_build_array("userRoles_role"."id", "userRoles_role"."name", "userRoles_role"."description", "userRoles_role"."created_at") as "data" from (select * from "roles" "userRoles_role" where "userRoles_role"."id" = "userRoles"."role_id" limit $1) "userRoles_role") "userRoles_role" on true where "userRoles"."user_id" = $2 -- params: [1, "bd1fdd95-f1fb-4049-a60d-4b7261095e82"]
Query: select "user_id", "date_of_birth", "profile_picture", "gender", "phone", "address", "family_name", "family_relationship", "family_contact", "grade_level", "lrn", "created_at", "updated_at" from "student_profiles" "studentProfiles" where "studentProfiles"."user_id" = $1 limit $2 -- params: ["bd1fdd95-f1fb-4049-a60d-4b7261095e82", 1]
Query: select "userRoles"."user_id", "userRoles"."role_id", "userRoles"."assigned_at", "userRoles"."assigned_by", "userRoles_role"."data" as "role" from "user_roles" "userRoles" left join lateral (select json_build_array("userRoles_role"."id", "userRoles_role"."name", "userRoles_role"."description", "userRoles_role"."created_at") as "data" from (select * from "roles" "userRoles_role" where "userRoles_role"."id" = "userRoles"."role_id" limit $1) "userRoles_role") "userRoles_role" on true where "userRoles"."user_id" = $2 -- params: [1, "bd1fdd95-f1fb-4049-a60d-4b7261095e82"]
2026-04-24 14:44:15 [34mdebug[39m [JwtStrategy] [JWT-STRAT] User lookup for bd1fdd95-f1fb-4049-a60d-4b7261095e82: found=true
2026-04-24 14:44:15 [34mdebug[39m [RolesGuard] [ROLES] Required: ["admin","teacher","student"] | User roles: ["teacher"] | Path: /api/classes/a1482efb-4f1c-4d11-baf1-e4e61a894595
Query: select "classes"."id", "classes"."subject_name", "classes"."subject_code", "classes"."subject_grade_level", "classes"."section_id", "classes"."teacher_id", "classes"."room", "classes"."card_preset", "classes"."card_banner_url", "classes"."school_year", "classes"."is_active", "classes"."created_at", "classes"."updated_at", "classes_section"."data" as "section", "classes_schedules"."data" as "schedules", "classes_teacher"."data" as "teacher", "classes_enrollments"."data" as "enrollments" from "classes" "classes" left join lateral (select json_build_array("classes_section"."id", "classes_section"."name", "classes_section"."grade_level", "classes_section"."school_year", "classes_section"."capacity", "classes_section"."room_number", "classes_section"."card_banner_url", "classes_section"."adviser_id", "classes_section"."is_active", "classes_section"."created_at", "classes_section"."updated_at") as "data" from (select * from "sections" "classes_section" where "classes_section"."id" = "classes"."section_id" limit $1) "classes_section") "classes_section" on true left join lateral (select coalesce(json_agg(json_build_array("classes_schedules"."id", "classes_schedules"."class_id", "classes_schedules"."days", "classes_schedules"."start_time", "classes_schedules"."end_time", "classes_schedules"."created_at", "classes_schedules"."updated_at")), '[]'::json) as "data" from "class_schedules" "classes_schedules" where "classes_schedules"."class_id" = "classes"."id") "classes_schedules" on true left join lateral (select json_build_array("classes_teacher"."id", "classes_teacher"."first_name", "classes_teacher"."last_name", "classes_teacher"."email") as "data" from (select * from "users" "classes_teacher" where "classes_teacher"."id" = "classes"."teacher_id" limit $2) "classes_teacher") "classes_teacher" on true left join lateral (select coalesce(json_agg(json_build_array("classes_enrollments"."id", "classes_enrollments"."student_id", "classes_enrollments"."class_id", "classes_enrollments"."section_id", "classes_enrollments_student"."data")), '[]'::json) as "data" from "enrollments" "classes_enrollments" left join lateral (select json_build_array("classes_enrollments_student"."id", "classes_enrollments_student"."first_name", "classes_enrollments_student"."last_name", "classes_enrollments_student"."email", "classes_enrollments_student_profile"."data") as "data" from (select * from "users" "classes_enrollments_student" where "classes_enrollments_student"."id" = "classes_enrollments"."student_id" limit $3) "classes_enrollments_student" left join lateral (select json_build_array("classes_enrollments_student_profile"."grade_level", "classes_enrollments_student_profile"."lrn", "classes_enrollments_student_profile"."profile_picture") as "data" from (select * from "student_profiles" "classes_enrollments_student_profile" where "classes_enrollments_student_profile"."user_id" = "classes_enrollments_student"."id" limit $4) "classes_enrollments_student_profile") "classes_enrollments_student_profile" on true) "classes_enrollments_student" on true where ("classes_enrollments"."class_id" = "classes"."id" and "classes_enrollments"."status" = $5)) "classes_enrollments" on true where "classes"."id" = $6 limit $7 -- params: [1, 1, 1, 1, "enrolled", "a1482efb-4f1c-4d11-baf1-e4e61a894595", 1]
2026-04-24 14:44:15 [34mdebug[39m [JwtStrategy] [JWT-STRAT] User lookup for bd1fdd95-f1fb-4049-a60d-4b7261095e82: found=true
2026-04-24 14:44:15 [34mdebug[39m [RolesGuard] [ROLES] Required: ["admin","teacher","student"] | User roles: ["teacher"] | Path: /api/lessons/class/a1482efb-4f1c-4d11-baf1-e4e61a894595?status=all&pageSize=100
Query: select "lessons"."id", "lessons"."title", "lessons"."description", "lessons"."class_id", "lessons"."order", "lessons"."is_draft", "lessons"."source_extraction_id", "lessons"."is_core_template_asset", "lessons"."template_id", "lessons"."template_source_id", "lessons"."created_at", "lessons"."updated_at", "lessons_contentBlocks"."data" as "contentBlocks" from "lessons" "lessons" left join lateral (select coalesce(json_agg(json_build_array("lessons_contentBlocks"."id", "lessons_contentBlocks"."lesson_id", "lessons_contentBlocks"."type", "lessons_contentBlocks"."order", "lessons_contentBlocks"."content", "lessons_contentBlocks"."metadata", "lessons_contentBlocks"."created_at", "lessons_contentBlocks"."updated_at") order by "lessons_contentBlocks"."order" asc), '[]'::json) as "data" from (select * from "lesson_content_blocks" "lessons_contentBlocks" where "lessons_contentBlocks"."lesson_id" = "lessons"."id" order by "lessons_contentBlocks"."order" asc) "lessons_contentBlocks") "lessons_contentBlocks" on true where "lessons"."class_id" = $1 order by "lessons"."order" asc -- params: ["a1482efb-4f1c-4d11-baf1-e4e61a894595"]
Query: select count(*) from "lessons" where "lessons"."class_id" = $1 -- params: ["a1482efb-4f1c-4d11-baf1-e4e61a894595"]
Query: select "user_id", "department", "specialization", "profile_picture", "contact_number", "date_of_birth", "gender", "address", "employee_id", "created_at", "updated_at" from "teacher_profiles" "teacherProfiles" where "teacherProfiles"."user_id" = $1 limit $2 -- params: ["bd1fdd95-f1fb-4049-a60d-4b7261095e82", 1]
Query: select "user_id", "department", "specialization", "profile_picture", "contact_number", "date_of_birth", "gender", "address", "employee_id", "created_at", "updated_at" from "teacher_profiles" "teacherProfiles" where "teacherProfiles"."user_id" = $1 limit $2 -- params: ["bd1fdd95-f1fb-4049-a60d-4b7261095e82", 1]
2026-04-24 14:44:15 [34mdebug[39m [JwtStrategy] [JWT-STRAT] User lookup for bd1fdd95-f1fb-4049-a60d-4b7261095e82: found=true
2026-04-24 14:44:15 [34mdebug[39m [RolesGuard] [ROLES] Required: ["teacher","student","admin"] | User roles: ["teacher"] | Path: /api/notifications?limit=50
Query: select "id", "user_id", "type", "reference_id", "title", "body", "is_read", "read_at", "created_at" from "notifications" "notifications" where "notifications"."user_id" = $1 order by "notifications"."created_at" desc limit $2 -- params: ["bd1fdd95-f1fb-4049-a60d-4b7261095e82", 50]
Query: select count(*) from "notifications" where "notifications"."user_id" = $1 -- params: ["bd1fdd95-f1fb-4049-a60d-4b7261095e82"]
2026-04-24 14:44:15 [34mdebug[39m [JwtStrategy] [JWT-STRAT] User lookup for bd1fdd95-f1fb-4049-a60d-4b7261095e82: found=true
2026-04-24 14:44:15 [34mdebug[39m [RolesGuard] [ROLES] Required: ["teacher","student","admin"] | User roles: ["teacher"] | Path: /api/notifications/unread-count
Query: select count(*) from "notifications" where ("notifications"."user_id" = $1 and "notifications"."is_read" = $2) -- params: ["bd1fdd95-f1fb-4049-a60d-4b7261095e82", false]
2026-04-24 14:44:15 [34mdebug[39m [JwtAuthGuard] [AUTH-GUARD] Authorization header present: true
2026-04-24 14:44:15 [34mdebug[39m [JwtStrategy] [JWT-STRAT] Validating token for userId: bd1fdd95-f1fb-4049-a60d-4b7261095e82
Query: select "id", "email", "password", "first_name", "middle_name", "last_name", "account_status", "is_email_verified", "last_login_at", "created_at", "updated_at" from "users" "users" where "users"."id" = $1 limit $2 -- params: ["bd1fdd95-f1fb-4049-a60d-4b7261095e82", 1]
Query: select "user_id", "date_of_birth", "profile_picture", "gender", "phone", "address", "family_name", "family_relationship", "family_contact", "grade_level", "lrn", "created_at", "updated_at" from "student_profiles" "studentProfiles" where "studentProfiles"."user_id" = $1 limit $2 -- params: ["bd1fdd95-f1fb-4049-a60d-4b7261095e82", 1]
Query: select "userRoles"."user_id", "userRoles"."role_id", "userRoles"."assigned_at", "userRoles"."assigned_by", "userRoles_role"."data" as "role" from "user_roles" "userRoles" left join lateral (select json_build_array("userRoles_role"."id", "userRoles_role"."name", "userRoles_role"."description", "userRoles_role"."created_at") as "data" from (select * from "roles" "userRoles_role" where "userRoles_role"."id" = "userRoles"."role_id" limit $1) "userRoles_role") "userRoles_role" on true where "userRoles"."user_id" = $2 -- params: [1, "bd1fdd95-f1fb-4049-a60d-4b7261095e82"]
2026-04-24 14:44:16 [34mdebug[39m [JwtAuthGuard] [AUTH-GUARD] Authorization header present: true
2026-04-24 14:44:16 [34mdebug[39m [JwtStrategy] [JWT-STRAT] Validating token for userId: bd1fdd95-f1fb-4049-a60d-4b7261095e82
Query: select "id", "email", "password", "first_name", "middle_name", "last_name", "account_status", "is_email_verified", "last_login_at", "created_at", "updated_at" from "users" "users" where "users"."id" = $1 limit $2 -- params: ["bd1fdd95-f1fb-4049-a60d-4b7261095e82", 1]
Query: select "user_id", "department", "specialization", "profile_picture", "contact_number", "date_of_birth", "gender", "address", "employee_id", "created_at", "updated_at" from "teacher_profiles" "teacherProfiles" where "teacherProfiles"."user_id" = $1 limit $2 -- params: ["bd1fdd95-f1fb-4049-a60d-4b7261095e82", 1]
2026-04-24 14:44:16 [34mdebug[39m [JwtAuthGuard] [AUTH-GUARD] Authorization header present: true
2026-04-24 14:44:16 [34mdebug[39m [JwtStrategy] [JWT-STRAT] Validating token for userId: bd1fdd95-f1fb-4049-a60d-4b7261095e82
Query: select "id", "email", "password", "first_name", "middle_name", "last_name", "account_status", "is_email_verified", "last_login_at", "created_at", "updated_at" from "users" "users" where "users"."id" = $1 limit $2 -- params: ["bd1fdd95-f1fb-4049-a60d-4b7261095e82", 1]
Query: select "user_id", "date_of_birth", "profile_picture", "gender", "phone", "address", "family_name", "family_relationship", "family_contact", "grade_level", "lrn", "created_at", "updated_at" from "student_profiles" "studentProfiles" where "studentProfiles"."user_id" = $1 limit $2 -- params: ["bd1fdd95-f1fb-4049-a60d-4b7261095e82", 1]
Query: select "userRoles"."user_id", "userRoles"."role_id", "userRoles"."assigned_at", "userRoles"."assigned_by", "userRoles_role"."data" as "role" from "user_roles" "userRoles" left join lateral (select json_build_array("userRoles_role"."id", "userRoles_role"."name", "userRoles_role"."description", "userRoles_role"."created_at") as "data" from (select * from "roles" "userRoles_role" where "userRoles_role"."id" = "userRoles"."role_id" limit $1) "userRoles_role") "userRoles_role" on true where "userRoles"."user_id" = $2 -- params: [1, "bd1fdd95-f1fb-4049-a60d-4b7261095e82"]
2026-04-24 14:44:16 [34mdebug[39m [JwtStrategy] [JWT-STRAT] User lookup for bd1fdd95-f1fb-4049-a60d-4b7261095e82: found=true
2026-04-24 14:44:16 [34mdebug[39m [JwtAuthGuard] [AUTH-GUARD] Authorization header present: true
2026-04-24 14:44:16 [34mdebug[39m [JwtStrategy] [JWT-STRAT] Validating token for userId: bd1fdd95-f1fb-4049-a60d-4b7261095e82
Query: select "id", "email", "password", "first_name", "middle_name", "last_name", "account_status", "is_email_verified", "last_login_at", "created_at", "updated_at" from "users" "users" where "users"."id" = $1 limit $2 -- params: ["bd1fdd95-f1fb-4049-a60d-4b7261095e82", 1]
Query: select "user_id", "date_of_birth", "profile_picture", "gender", "phone", "address", "family_name", "family_relationship", "family_contact", "grade_level", "lrn", "created_at", "updated_at" from "student_profiles" "studentProfiles" where "studentProfiles"."user_id" = $1 limit $2 -- params: ["bd1fdd95-f1fb-4049-a60d-4b7261095e82", 1]
Query: select "userRoles"."user_id", "userRoles"."role_id", "userRoles"."assigned_at", "userRoles"."assigned_by", "userRoles_role"."data" as "role" from "user_roles" "userRoles" left join lateral (select json_build_array("userRoles_role"."id", "userRoles_role"."name", "userRoles_role"."description", "userRoles_role"."created_at") as "data" from (select * from "roles" "userRoles_role" where "userRoles_role"."id" = "userRoles"."role_id" limit $1) "userRoles_role") "userRoles_role" on true where "userRoles"."user_id" = $2 -- params: [1, "bd1fdd95-f1fb-4049-a60d-4b7261095e82"]
Query: select "user_id", "department", "specialization", "profile_picture", "contact_number", "date_of_birth", "gender", "address", "employee_id", "created_at", "updated_at" from "teacher_profiles" "teacherProfiles" where "teacherProfiles"."user_id" = $1 limit $2 -- params: ["bd1fdd95-f1fb-4049-a60d-4b7261095e82", 1]
Query: select "user_id", "date_of_birth", "profile_picture", "gender", "phone", "address", "family_name", "family_relationship", "family_contact", "grade_level", "lrn", "created_at", "updated_at" from "student_profiles" "studentProfiles" where "studentProfiles"."user_id" = $1 limit $2 -- params: ["bd1fdd95-f1fb-4049-a60d-4b7261095e82", 1]
Query: select "userRoles"."user_id", "userRoles"."role_id", "userRoles"."assigned_at", "userRoles"."assigned_by", "userRoles_role"."data" as "role" from "user_roles" "userRoles" left join lateral (select json_build_array("userRoles_role"."id", "userRoles_role"."name", "userRoles_role"."description", "userRoles_role"."created_at") as "data" from (select * from "roles" "userRoles_role" where "userRoles_role"."id" = "userRoles"."role_id" limit $1) "userRoles_role") "userRoles_role" on true where "userRoles"."user_id" = $2 -- params: [1, "bd1fdd95-f1fb-4049-a60d-4b7261095e82"]
Query: select "user_id", "department", "specialization", "profile_picture", "contact_number", "date_of_birth", "gender", "address", "employee_id", "created_at", "updated_at" from "teacher_profiles" "teacherProfiles" where "teacherProfiles"."user_id" = $1 limit $2 -- params: ["bd1fdd95-f1fb-4049-a60d-4b7261095e82", 1]
2026-04-24 14:44:16 [34mdebug[39m [JwtStrategy] [JWT-STRAT] User lookup for bd1fdd95-f1fb-4049-a60d-4b7261095e82: found=true
2026-04-24 14:44:16 [34mdebug[39m [JwtAuthGuard] [AUTH-GUARD] Authorization header present: true
2026-04-24 14:44:16 [34mdebug[39m [JwtStrategy] [JWT-STRAT] Validating token for userId: bd1fdd95-f1fb-4049-a60d-4b7261095e82
Query: select "id", "email", "password", "first_name", "middle_name", "last_name", "account_status", "is_email_verified", "last_login_at", "created_at", "updated_at" from "users" "users" where "users"."id" = $1 limit $2 -- params: ["bd1fdd95-f1fb-4049-a60d-4b7261095e82", 1]
Query: select "user_id", "department", "specialization", "profile_picture", "contact_number", "date_of_birth", "gender", "address", "employee_id", "created_at", "updated_at" from "teacher_profiles" "teacherProfiles" where "teacherProfiles"."user_id" = $1 limit $2 -- params: ["bd1fdd95-f1fb-4049-a60d-4b7261095e82", 1]
2026-04-24 14:44:16 [34mdebug[39m [JwtStrategy] [JWT-STRAT] User lookup for bd1fdd95-f1fb-4049-a60d-4b7261095e82: found=true
2026-04-24 14:44:16 [34mdebug[39m [JwtAuthGuard] [AUTH-GUARD] Authorization header present: true
2026-04-24 14:44:16 [34mdebug[39m [JwtStrategy] [JWT-STRAT] Validating token for userId: bd1fdd95-f1fb-4049-a60d-4b7261095e82
Query: select "id", "email", "password", "first_name", "middle_name", "last_name", "account_status", "is_email_verified", "last_login_at", "created_at", "updated_at" from "users" "users" where "users"."id" = $1 limit $2 -- params: ["bd1fdd95-f1fb-4049-a60d-4b7261095e82", 1]
Query: select "user_id", "date_of_birth", "profile_picture", "gender", "phone", "address", "family_name", "family_relationship", "family_contact", "grade_level", "lrn", "created_at", "updated_at" from "student_profiles" "studentProfiles" where "studentProfiles"."user_id" = $1 limit $2 -- params: ["bd1fdd95-f1fb-4049-a60d-4b7261095e82", 1]
Query: select "userRoles"."user_id", "userRoles"."role_id", "userRoles"."assigned_at", "userRoles"."assigned_by", "userRoles_role"."data" as "role" from "user_roles" "userRoles" left join lateral (select json_build_array("userRoles_role"."id", "userRoles_role"."name", "userRoles_role"."description", "userRoles_role"."created_at") as "data" from (select * from "roles" "userRoles_role" where "userRoles_role"."id" = "userRoles"."role_id" limit $1) "userRoles_role") "userRoles_role" on true where "userRoles"."user_id" = $2 -- params: [1, "bd1fdd95-f1fb-4049-a60d-4b7261095e82"]
2026-04-24 14:44:16 [34mdebug[39m [JwtStrategy] [JWT-STRAT] User lookup for bd1fdd95-f1fb-4049-a60d-4b7261095e82: found=true
2026-04-24 14:44:16 [34mdebug[39m [RolesGuard] [ROLES] Required: ["admin","teacher","student"] | User roles: ["teacher"] | Path: /api/classes/a1482efb-4f1c-4d11-baf1-e4e61a894595
Query: select "classes"."id", "classes"."subject_name", "classes"."subject_code", "classes"."subject_grade_level", "classes"."section_id", "classes"."teacher_id", "classes"."room", "classes"."card_preset", "classes"."card_banner_url", "classes"."school_year", "classes"."is_active", "classes"."created_at", "classes"."updated_at", "classes_section"."data" as "section", "classes_schedules"."data" as "schedules", "classes_teacher"."data" as "teacher", "classes_enrollments"."data" as "enrollments" from "classes" "classes" left join lateral (select json_build_array("classes_section"."id", "classes_section"."name", "classes_section"."grade_level", "classes_section"."school_year", "classes_section"."capacity", "classes_section"."room_number", "classes_section"."card_banner_url", "classes_section"."adviser_id", "classes_section"."is_active", "classes_section"."created_at", "classes_section"."updated_at") as "data" from (select * from "sections" "classes_section" where "classes_section"."id" = "classes"."section_id" limit $1) "classes_section") "classes_section" on true left join lateral (select coalesce(json_agg(json_build_array("classes_schedules"."id", "classes_schedules"."class_id", "classes_schedules"."days", "classes_schedules"."start_time", "classes_schedules"."end_time", "classes_schedules"."created_at", "classes_schedules"."updated_at")), '[]'::json) as "data" from "class_schedules" "classes_schedules" where "classes_schedules"."class_id" = "classes"."id") "classes_schedules" on true left join lateral (select json_build_array("classes_teacher"."id", "classes_teacher"."first_name", "classes_teacher"."last_name", "classes_teacher"."email") as "data" from (select * from "users" "classes_teacher" where "classes_teacher"."id" = "classes"."teacher_id" limit $2) "classes_teacher") "classes_teacher" on true left join lateral (select coalesce(json_agg(json_build_array("classes_enrollments"."id", "classes_enrollments"."student_id", "classes_enrollments"."class_id", "classes_enrollments"."section_id", "classes_enrollments_student"."data")), '[]'::json) as "data" from "enrollments" "classes_enrollments" left join lateral (select json_build_array("classes_enrollments_student"."id", "classes_enrollments_student"."first_name", "classes_enrollments_student"."last_name", "classes_enrollments_student"."email", "classes_enrollments_student_profile"."data") as "data" from (select * from "users" "classes_enrollments_student" where "classes_enrollments_student"."id" = "classes_enrollments"."student_id" limit $3) "classes_enrollments_student" left join lateral (select json_build_array("classes_enrollments_student_profile"."grade_level", "classes_enrollments_student_profile"."lrn", "classes_enrollments_student_profile"."profile_picture") as "data" from (select * from "student_profiles" "classes_enrollments_student_profile" where "classes_enrollments_student_profile"."user_id" = "classes_enrollments_student"."id" limit $4) "classes_enrollments_student_profile") "classes_enrollments_student_profile" on true) "classes_enrollments_student" on true where ("classes_enrollments"."class_id" = "classes"."id" and "classes_enrollments"."status" = $5)) "classes_enrollments" on true where "classes"."id" = $6 limit $7 -- params: [1, 1, 1, 1, "enrolled", "a1482efb-4f1c-4d11-baf1-e4e61a894595", 1]
Query: select "user_id", "date_of_birth", "profile_picture", "gender", "phone", "address", "family_name", "family_relationship", "family_contact", "grade_level", "lrn", "created_at", "updated_at" from "student_profiles" "studentProfiles" where "studentProfiles"."user_id" = $1 limit $2 -- params: ["bd1fdd95-f1fb-4049-a60d-4b7261095e82", 1]
Query: select "userRoles"."user_id", "userRoles"."role_id", "userRoles"."assigned_at", "userRoles"."assigned_by", "userRoles_role"."data" as "role" from "user_roles" "userRoles" left join lateral (select json_build_array("userRoles_role"."id", "userRoles_role"."name", "userRoles_role"."description", "userRoles_role"."created_at") as "data" from (select * from "roles" "userRoles_role" where "userRoles_role"."id" = "userRoles"."role_id" limit $1) "userRoles_role") "userRoles_role" on true where "userRoles"."user_id" = $2 -- params: [1, "bd1fdd95-f1fb-4049-a60d-4b7261095e82"]
Query: select "user_id", "department", "specialization", "profile_picture", "contact_number", "date_of_birth", "gender", "address", "employee_id", "created_at", "updated_at" from "teacher_profiles" "teacherProfiles" where "teacherProfiles"."user_id" = $1 limit $2 -- params: ["bd1fdd95-f1fb-4049-a60d-4b7261095e82", 1]
Query: select "user_id", "department", "specialization", "profile_picture", "contact_number", "date_of_birth", "gender", "address", "employee_id", "created_at", "updated_at" from "teacher_profiles" "teacherProfiles" where "teacherProfiles"."user_id" = $1 limit $2 -- params: ["bd1fdd95-f1fb-4049-a60d-4b7261095e82", 1]
2026-04-24 14:44:16 [34mdebug[39m [JwtStrategy] [JWT-STRAT] User lookup for bd1fdd95-f1fb-4049-a60d-4b7261095e82: found=true
2026-04-24 14:44:16 [34mdebug[39m [RolesGuard] [ROLES] Required: ["admin","teacher","student"] | User roles: ["teacher"] | Path: /api/lessons/class/a1482efb-4f1c-4d11-baf1-e4e61a894595?status=all&pageSize=100
Query: select "lessons"."id", "lessons"."title", "lessons"."description", "lessons"."class_id", "lessons"."order", "lessons"."is_draft", "lessons"."source_extraction_id", "lessons"."is_core_template_asset", "lessons"."template_id", "lessons"."template_source_id", "lessons"."created_at", "lessons"."updated_at", "lessons_contentBlocks"."data" as "contentBlocks" from "lessons" "lessons" left join lateral (select coalesce(json_agg(json_build_array("lessons_contentBlocks"."id", "lessons_contentBlocks"."lesson_id", "lessons_contentBlocks"."type", "lessons_contentBlocks"."order", "lessons_contentBlocks"."content", "lessons_contentBlocks"."metadata", "lessons_contentBlocks"."created_at", "lessons_contentBlocks"."updated_at") order by "lessons_contentBlocks"."order" asc), '[]'::json) as "data" from (select * from "lesson_content_blocks" "lessons_contentBlocks" where "lessons_contentBlocks"."lesson_id" = "lessons"."id" order by "lessons_contentBlocks"."order" asc) "lessons_contentBlocks") "lessons_contentBlocks" on true where "lessons"."class_id" = $1 order by "lessons"."order" asc -- params: ["a1482efb-4f1c-4d11-baf1-e4e61a894595"]
Query: select count(*) from "lessons" where "lessons"."class_id" = $1 -- params: ["a1482efb-4f1c-4d11-baf1-e4e61a894595"]
2026-04-24 14:44:16 [34mdebug[39m [JwtStrategy] [JWT-STRAT] User lookup for bd1fdd95-f1fb-4049-a60d-4b7261095e82: found=true
2026-04-24 14:44:16 [34mdebug[39m [RolesGuard] [ROLES] Required: ["teacher","admin"] | User roles: ["teacher"] | Path: /api/ai/extractions?classId=a1482efb-4f1c-4d11-baf1-e4e61a894595
Query: select "id", "teacher_id" from "classes" "classes" where "classes"."id" = $1 limit $2 -- params: ["a1482efb-4f1c-4d11-baf1-e4e61a894595", 1]
2026-04-24 14:44:16 [34mdebug[39m [JwtAuthGuard] [AUTH-GUARD] Authorization header present: true
2026-04-24 14:44:16 [34mdebug[39m [JwtStrategy] [JWT-STRAT] Validating token for userId: bd1fdd95-f1fb-4049-a60d-4b7261095e82
Query: select "id", "email", "password", "first_name", "middle_name", "last_name", "account_status", "is_email_verified", "last_login_at", "created_at", "updated_at" from "users" "users" where "users"."id" = $1 limit $2 -- params: ["bd1fdd95-f1fb-4049-a60d-4b7261095e82", 1]
Query: select "user_id", "date_of_birth", "profile_picture", "gender", "phone", "address", "family_name", "family_relationship", "family_contact", "grade_level", "lrn", "created_at", "updated_at" from "student_profiles" "studentProfiles" where "studentProfiles"."user_id" = $1 limit $2 -- params: ["bd1fdd95-f1fb-4049-a60d-4b7261095e82", 1]
Query: select "userRoles"."user_id", "userRoles"."role_id", "userRoles"."assigned_at", "userRoles"."assigned_by", "userRoles_role"."data" as "role" from "user_roles" "userRoles" left join lateral (select json_build_array("userRoles_role"."id", "userRoles_role"."name", "userRoles_role"."description", "userRoles_role"."created_at") as "data" from (select * from "roles" "userRoles_role" where "userRoles_role"."id" = "userRoles"."role_id" limit $1) "userRoles_role") "userRoles_role" on true where "userRoles"."user_id" = $2 -- params: [1, "bd1fdd95-f1fb-4049-a60d-4b7261095e82"]
Query: select "user_id", "department", "specialization", "profile_picture", "contact_number", "date_of_birth", "gender", "address", "employee_id", "created_at", "updated_at" from "teacher_profiles" "teacherProfiles" where "teacherProfiles"."user_id" = $1 limit $2 -- params: ["bd1fdd95-f1fb-4049-a60d-4b7261095e82", 1]
2026-04-24 14:44:16 [34mdebug[39m [JwtStrategy] [JWT-STRAT] User lookup for bd1fdd95-f1fb-4049-a60d-4b7261095e82: found=true
2026-04-24 14:44:16 [34mdebug[39m [JwtAuthGuard] [AUTH-GUARD] Authorization header present: true
2026-04-24 14:44:16 [34mdebug[39m [JwtStrategy] [JWT-STRAT] Validating token for userId: bd1fdd95-f1fb-4049-a60d-4b7261095e82
Query: select "id", "email", "password", "first_name", "middle_name", "last_name", "account_status", "is_email_verified", "last_login_at", "created_at", "updated_at" from "users" "users" where "users"."id" = $1 limit $2 -- params: ["bd1fdd95-f1fb-4049-a60d-4b7261095e82", 1]
2026-04-24 14:44:16 [34mdebug[39m [JwtAuthGuard] [AUTH-GUARD] Authorization header present: true
2026-04-24 14:44:16 [34mdebug[39m [JwtStrategy] [JWT-STRAT] Validating token for userId: bd1fdd95-f1fb-4049-a60d-4b7261095e82
Query: select "id", "email", "password", "first_name", "middle_name", "last_name", "account_status", "is_email_verified", "last_login_at", "created_at", "updated_at" from "users" "users" where "users"."id" = $1 limit $2 -- params: ["bd1fdd95-f1fb-4049-a60d-4b7261095e82", 1]
Query: select "user_id", "date_of_birth", "profile_picture", "gender", "phone", "address", "family_name", "family_relationship", "family_contact", "grade_level", "lrn", "created_at", "updated_at" from "student_profiles" "studentProfiles" where "studentProfiles"."user_id" = $1 limit $2 -- params: ["bd1fdd95-f1fb-4049-a60d-4b7261095e82", 1]
Query: select "userRoles"."user_id", "userRoles"."role_id", "userRoles"."assigned_at", "userRoles"."assigned_by", "userRoles_role"."data" as "role" from "user_roles" "userRoles" left join lateral (select json_build_array("userRoles_role"."id", "userRoles_role"."name", "userRoles_role"."description", "userRoles_role"."created_at") as "data" from (select * from "roles" "userRoles_role" where "userRoles_role"."id" = "userRoles"."role_id" limit $1) "userRoles_role") "userRoles_role" on true where "userRoles"."user_id" = $2 -- params: [1, "bd1fdd95-f1fb-4049-a60d-4b7261095e82"]
Query: select "user_id", "date_of_birth", "profile_picture", "gender", "phone", "address", "family_name", "family_relationship", "family_contact", "grade_level", "lrn", "created_at", "updated_at" from "student_profiles" "studentProfiles" where "studentProfiles"."user_id" = $1 limit $2 -- params: ["bd1fdd95-f1fb-4049-a60d-4b7261095e82", 1]
Query: select "userRoles"."user_id", "userRoles"."role_id", "userRoles"."assigned_at", "userRoles"."assigned_by", "userRoles_role"."data" as "role" from "user_roles" "userRoles" left join lateral (select json_build_array("userRoles_role"."id", "userRoles_role"."name", "userRoles_role"."description", "userRoles_role"."created_at") as "data" from (select * from "roles" "userRoles_role" where "userRoles_role"."id" = "userRoles"."role_id" limit $1) "userRoles_role") "userRoles_role" on true where "userRoles"."user_id" = $2 -- params: [1, "bd1fdd95-f1fb-4049-a60d-4b7261095e82"]
Query: select "user_id", "department", "specialization", "profile_picture", "contact_number", "date_of_birth", "gender", "address", "employee_id", "created_at", "updated_at" from "teacher_profiles" "teacherProfiles" where "teacherProfiles"."user_id" = $1 limit $2 -- params: ["bd1fdd95-f1fb-4049-a60d-4b7261095e82", 1]
Query: select "user_id", "department", "specialization", "profile_picture", "contact_number", "date_of_birth", "gender", "address", "employee_id", "created_at", "updated_at" from "teacher_profiles" "teacherProfiles" where "teacherProfiles"."user_id" = $1 limit $2 -- params: ["bd1fdd95-f1fb-4049-a60d-4b7261095e82", 1]
2026-04-24 14:44:16 [34mdebug[39m [JwtStrategy] [JWT-STRAT] User lookup for bd1fdd95-f1fb-4049-a60d-4b7261095e82: found=true
2026-04-24 14:44:16 [34mdebug[39m [RolesGuard] [ROLES] Required: ["teacher","admin"] | User roles: ["teacher"] | Path: /api/ai/extractions?classId=a1482efb-4f1c-4d11-baf1-e4e61a894595
Query: select "id", "teacher_id" from "classes" "classes" where "classes"."id" = $1 limit $2 -- params: ["a1482efb-4f1c-4d11-baf1-e4e61a894595", 1]
2026-04-24 14:44:16 [34mdebug[39m [JwtStrategy] [JWT-STRAT] User lookup for bd1fdd95-f1fb-4049-a60d-4b7261095e82: found=true
2026-04-24 14:44:16 [34mdebug[39m [JwtAuthGuard] [AUTH-GUARD] Authorization header present: true
2026-04-24 14:44:16 [34mdebug[39m [JwtStrategy] [JWT-STRAT] Validating token for userId: bd1fdd95-f1fb-4049-a60d-4b7261095e82
Query: select "id", "email", "password", "first_name", "middle_name", "last_name", "account_status", "is_email_verified", "last_login_at", "created_at", "updated_at" from "users" "users" where "users"."id" = $1 limit $2 -- params: ["bd1fdd95-f1fb-4049-a60d-4b7261095e82", 1]
Query: select "user_id", "date_of_birth", "profile_picture", "gender", "phone", "address", "family_name", "family_relationship", "family_contact", "grade_level", "lrn", "created_at", "updated_at" from "student_profiles" "studentProfiles" where "studentProfiles"."user_id" = $1 limit $2 -- params: ["bd1fdd95-f1fb-4049-a60d-4b7261095e82", 1]
Query: select "userRoles"."user_id", "userRoles"."role_id", "userRoles"."assigned_at", "userRoles"."assigned_by", "userRoles_role"."data" as "role" from "user_roles" "userRoles" left join lateral (select json_build_array("userRoles_role"."id", "userRoles_role"."name", "userRoles_role"."description", "userRoles_role"."created_at") as "data" from (select * from "roles" "userRoles_role" where "userRoles_role"."id" = "userRoles"."role_id" limit $1) "userRoles_role") "userRoles_role" on true where "userRoles"."user_id" = $2 -- params: [1, "bd1fdd95-f1fb-4049-a60d-4b7261095e82"]
Query: select "user_id", "department", "specialization", "profile_picture", "contact_number", "date_of_birth", "gender", "address", "employee_id", "created_at", "updated_at" from "teacher_profiles" "teacherProfiles" where "teacherProfiles"."user_id" = $1 limit $2 -- params: ["bd1fdd95-f1fb-4049-a60d-4b7261095e82", 1]
2026-04-24 14:44:16 [34mdebug[39m [JwtStrategy] [JWT-STRAT] User lookup for bd1fdd95-f1fb-4049-a60d-4b7261095e82: found=true
2026-04-24 14:44:16 [34mdebug[39m [RolesGuard] [ROLES] Required: ["teacher","admin"] | User roles: ["teacher"] | Path: /api/ai/index/classes/a1482efb-4f1c-4d11-baf1-e4e61a894595/status
Query: select "id", "teacher_id" from "classes" "classes" where "classes"."id" = $1 limit $2 -- params: ["a1482efb-4f1c-4d11-baf1-e4e61a894595", 1]
2026-04-24 14:44:16 [34mdebug[39m [JwtAuthGuard] [AUTH-GUARD] Authorization header present: true
2026-04-24 14:44:16 [34mdebug[39m [JwtStrategy] [JWT-STRAT] Validating token for userId: bd1fdd95-f1fb-4049-a60d-4b7261095e82
Query: select "id", "email", "password", "first_name", "middle_name", "last_name", "account_status", "is_email_verified", "last_login_at", "created_at", "updated_at" from "users" "users" where "users"."id" = $1 limit $2 -- params: ["bd1fdd95-f1fb-4049-a60d-4b7261095e82", 1]
Query: select "user_id", "date_of_birth", "profile_picture", "gender", "phone", "address", "family_name", "family_relationship", "family_contact", "grade_level", "lrn", "created_at", "updated_at" from "student_profiles" "studentProfiles" where "studentProfiles"."user_id" = $1 limit $2 -- params: ["bd1fdd95-f1fb-4049-a60d-4b7261095e82", 1]
Query: select "userRoles"."user_id", "userRoles"."role_id", "userRoles"."assigned_at", "userRoles"."assigned_by", "userRoles_role"."data" as "role" from "user_roles" "userRoles" left join lateral (select json_build_array("userRoles_role"."id", "userRoles_role"."name", "userRoles_role"."description", "userRoles_role"."created_at") as "data" from (select * from "roles" "userRoles_role" where "userRoles_role"."id" = "userRoles"."role_id" limit $1) "userRoles_role") "userRoles_role" on true where "userRoles"."user_id" = $2 -- params: [1, "bd1fdd95-f1fb-4049-a60d-4b7261095e82"]
Query: select "user_id", "department", "specialization", "profile_picture", "contact_number", "date_of_birth", "gender", "address", "employee_id", "created_at", "updated_at" from "teacher_profiles" "teacherProfiles" where "teacherProfiles"."user_id" = $1 limit $2 -- params: ["bd1fdd95-f1fb-4049-a60d-4b7261095e82", 1]
2026-04-24 14:44:16 [34mdebug[39m [JwtStrategy] [JWT-STRAT] User lookup for bd1fdd95-f1fb-4049-a60d-4b7261095e82: found=true
2026-04-24 14:44:16 [34mdebug[39m [JwtAuthGuard] [AUTH-GUARD] Authorization header present: true
2026-04-24 14:44:16 [34mdebug[39m [JwtStrategy] [JWT-STRAT] Validating token for userId: bd1fdd95-f1fb-4049-a60d-4b7261095e82
Query: select "id", "email", "password", "first_name", "middle_name", "last_name", "account_status", "is_email_verified", "last_login_at", "created_at", "updated_at" from "users" "users" where "users"."id" = $1 limit $2 -- params: ["bd1fdd95-f1fb-4049-a60d-4b7261095e82", 1]
Query: select "user_id", "date_of_birth", "profile_picture", "gender", "phone", "address", "family_name", "family_relationship", "family_contact", "grade_level", "lrn", "created_at", "updated_at" from "student_profiles" "studentProfiles" where "studentProfiles"."user_id" = $1 limit $2 -- params: ["bd1fdd95-f1fb-4049-a60d-4b7261095e82", 1]
Query: select "userRoles"."user_id", "userRoles"."role_id", "userRoles"."assigned_at", "userRoles"."assigned_by", "userRoles_role"."data" as "role" from "user_roles" "userRoles" left join lateral (select json_build_array("userRoles_role"."id", "userRoles_role"."name", "userRoles_role"."description", "userRoles_role"."created_at") as "data" from (select * from "roles" "userRoles_role" where "userRoles_role"."id" = "userRoles"."role_id" limit $1) "userRoles_role") "userRoles_role" on true where "userRoles"."user_id" = $2 -- params: [1, "bd1fdd95-f1fb-4049-a60d-4b7261095e82"]
Query: select "user_id", "department", "specialization", "profile_picture", "contact_number", "date_of_birth", "gender", "address", "employee_id", "created_at", "updated_at" from "teacher_profiles" "teacherProfiles" where "teacherProfiles"."user_id" = $1 limit $2 -- params: ["bd1fdd95-f1fb-4049-a60d-4b7261095e82", 1]
2026-04-24 14:44:16 [34mdebug[39m [JwtStrategy] [JWT-STRAT] User lookup for bd1fdd95-f1fb-4049-a60d-4b7261095e82: found=true
2026-04-24 14:44:16 [34mdebug[39m [RolesGuard] [ROLES] Required: ["teacher","admin"] | User roles: ["teacher"] | Path: /api/ai/index/classes/a1482efb-4f1c-4d11-baf1-e4e61a894595/status
Query: select "id", "teacher_id" from "classes" "classes" where "classes"."id" = $1 limit $2 -- params: ["a1482efb-4f1c-4d11-baf1-e4e61a894595", 1]
2026-04-24 14:44:16 [34mdebug[39m [JwtAuthGuard] [AUTH-GUARD] Authorization header present: true
2026-04-24 14:44:16 [34mdebug[39m [JwtStrategy] [JWT-STRAT] Validating token for userId: bd1fdd95-f1fb-4049-a60d-4b7261095e82
Query: select "id", "email", "password", "first_name", "middle_name", "last_name", "account_status", "is_email_verified", "last_login_at", "created_at", "updated_at" from "users" "users" where "users"."id" = $1 limit $2 -- params: ["bd1fdd95-f1fb-4049-a60d-4b7261095e82", 1]
Query: select "user_id", "date_of_birth", "profile_picture", "gender", "phone", "address", "family_name", "family_relationship", "family_contact", "grade_level", "lrn", "created_at", "updated_at" from "student_profiles" "studentProfiles" where "studentProfiles"."user_id" = $1 limit $2 -- params: ["bd1fdd95-f1fb-4049-a60d-4b7261095e82", 1]
Query: select "userRoles"."user_id", "userRoles"."role_id", "userRoles"."assigned_at", "userRoles"."assigned_by", "userRoles_role"."data" as "role" from "user_roles" "userRoles" left join lateral (select json_build_array("userRoles_role"."id", "userRoles_role"."name", "userRoles_role"."description", "userRoles_role"."created_at") as "data" from (select * from "roles" "userRoles_role" where "userRoles_role"."id" = "userRoles"."role_id" limit $1) "userRoles_role") "userRoles_role" on true where "userRoles"."user_id" = $2 -- params: [1, "bd1fdd95-f1fb-4049-a60d-4b7261095e82"]
Query: select "user_id", "department", "specialization", "profile_picture", "contact_number", "date_of_birth", "gender", "address", "employee_id", "created_at", "updated_at" from "teacher_profiles" "teacherProfiles" where "teacherProfiles"."user_id" = $1 limit $2 -- params: ["bd1fdd95-f1fb-4049-a60d-4b7261095e82", 1]
2026-04-24 14:44:16 [34mdebug[39m [JwtStrategy] [JWT-STRAT] User lookup for bd1fdd95-f1fb-4049-a60d-4b7261095e82: found=true
2026-04-24 14:44:16 [34mdebug[39m [JwtAuthGuard] [AUTH-GUARD] Authorization header present: true
2026-04-24 14:44:16 [34mdebug[39m [JwtStrategy] [JWT-STRAT] Validating token for userId: bd1fdd95-f1fb-4049-a60d-4b7261095e82
Query: select "id", "email", "password", "first_name", "middle_name", "last_name", "account_status", "is_email_verified", "last_login_at", "created_at", "updated_at" from "users" "users" where "users"."id" = $1 limit $2 -- params: ["bd1fdd95-f1fb-4049-a60d-4b7261095e82", 1]
Query: select "user_id", "date_of_birth", "profile_picture", "gender", "phone", "address", "family_name", "family_relationship", "family_contact", "grade_level", "lrn", "created_at", "updated_at" from "student_profiles" "studentProfiles" where "studentProfiles"."user_id" = $1 limit $2 -- params: ["bd1fdd95-f1fb-4049-a60d-4b7261095e82", 1]
Query: select "userRoles"."user_id", "userRoles"."role_id", "userRoles"."assigned_at", "userRoles"."assigned_by", "userRoles_role"."data" as "role" from "user_roles" "userRoles" left join lateral (select json_build_array("userRoles_role"."id", "userRoles_role"."name", "userRoles_role"."description", "userRoles_role"."created_at") as "data" from (select * from "roles" "userRoles_role" where "userRoles_role"."id" = "userRoles"."role_id" limit $1) "userRoles_role") "userRoles_role" on true where "userRoles"."user_id" = $2 -- params: [1, "bd1fdd95-f1fb-4049-a60d-4b7261095e82"]
Query: select "user_id", "department", "specialization", "profile_picture", "contact_number", "date_of_birth", "gender", "address", "employee_id", "created_at", "updated_at" from "teacher_profiles" "teacherProfiles" where "teacherProfiles"."user_id" = $1 limit $2 -- params: ["bd1fdd95-f1fb-4049-a60d-4b7261095e82", 1]
2026-04-24 14:44:16 [34mdebug[39m [JwtStrategy] [JWT-STRAT] User lookup for bd1fdd95-f1fb-4049-a60d-4b7261095e82: found=true
2026-04-24 14:44:16 [34mdebug[39m [RolesGuard] [ROLES] Required: ["teacher","admin"] | User roles: ["teacher"] | Path: /api/ai/index/classes/a1482efb-4f1c-4d11-baf1-e4e61a894595
Query: select "id", "teacher_id" from "classes" "classes" where "classes"."id" = $1 limit $2 -- params: ["a1482efb-4f1c-4d11-baf1-e4e61a894595", 1]
Query: insert into "audit_logs" ("id", "actor_id", "action", "target_type", "target_id", "metadata", "created_at") values (default, $1, $2, $3, $4, $5, default) returning "id", "actor_id", "action", "target_type", "target_id", "metadata", "created_at" -- params: ["bd1fdd95-f1fb-4049-a60d-4b7261095e82", "ai.class_content.reindex_queued", "class", "a1482efb-4f1c-4d11-baf1-e4e61a894595", null]
2026-04-24 14:44:21 [34mdebug[39m [JwtAuthGuard] [AUTH-GUARD] Authorization header present: true
2026-04-24 14:44:21 [34mdebug[39m [JwtStrategy] [JWT-STRAT] Validating token for userId: bd1fdd95-f1fb-4049-a60d-4b7261095e82
Query: select "id", "email", "password", "first_name", "middle_name", "last_name", "account_status", "is_email_verified", "last_login_at", "created_at", "updated_at" from "users" "users" where "users"."id" = $1 limit $2 -- params: ["bd1fdd95-f1fb-4049-a60d-4b7261095e82", 1]
Query: select "user_id", "date_of_birth", "profile_picture", "gender", "phone", "address", "family_name", "family_relationship", "family_contact", "grade_level", "lrn", "created_at", "updated_at" from "student_profiles" "studentProfiles" where "studentProfiles"."user_id" = $1 limit $2 -- params: ["bd1fdd95-f1fb-4049-a60d-4b7261095e82", 1]
Query: select "userRoles"."user_id", "userRoles"."role_id", "userRoles"."assigned_at", "userRoles"."assigned_by", "userRoles_role"."data" as "role" from "user_roles" "userRoles" left join lateral (select json_build_array("userRoles_role"."id", "userRoles_role"."name", "userRoles_role"."description", "userRoles_role"."created_at") as "data" from (select * from "roles" "userRoles_role" where "userRoles_role"."id" = "userRoles"."role_id" limit $1) "userRoles_role") "userRoles_role" on true where "userRoles"."user_id" = $2 -- params: [1, "bd1fdd95-f1fb-4049-a60d-4b7261095e82"]
Query: select "user_id", "department", "specialization", "profile_picture", "contact_number", "date_of_birth", "gender", "address", "employee_id", "created_at", "updated_at" from "teacher_profiles" "teacherProfiles" where "teacherProfiles"."user_id" = $1 limit $2 -- params: ["bd1fdd95-f1fb-4049-a60d-4b7261095e82", 1]
2026-04-24 14:44:21 [34mdebug[39m [JwtStrategy] [JWT-STRAT] User lookup for bd1fdd95-f1fb-4049-a60d-4b7261095e82: found=true
2026-04-24 14:44:21 [34mdebug[39m [JwtAuthGuard] [AUTH-GUARD] Authorization header present: true
2026-04-24 14:44:21 [34mdebug[39m [JwtStrategy] [JWT-STRAT] Validating token for userId: bd1fdd95-f1fb-4049-a60d-4b7261095e82
Query: select "id", "email", "password", "first_name", "middle_name", "last_name", "account_status", "is_email_verified", "last_login_at", "created_at", "updated_at" from "users" "users" where "users"."id" = $1 limit $2 -- params: ["bd1fdd95-f1fb-4049-a60d-4b7261095e82", 1]
Query: select "user_id", "date_of_birth", "profile_picture", "gender", "phone", "address", "family_name", "family_relationship", "family_contact", "grade_level", "lrn", "created_at", "updated_at" from "student_profiles" "studentProfiles" where "studentProfiles"."user_id" = $1 limit $2 -- params: ["bd1fdd95-f1fb-4049-a60d-4b7261095e82", 1]
Query: select "userRoles"."user_id", "userRoles"."role_id", "userRoles"."assigned_at", "userRoles"."assigned_by", "userRoles_role"."data" as "role" from "user_roles" "userRoles" left join lateral (select json_build_array("userRoles_role"."id", "userRoles_role"."name", "userRoles_role"."description", "userRoles_role"."created_at") as "data" from (select * from "roles" "userRoles_role" where "userRoles_role"."id" = "userRoles"."role_id" limit $1) "userRoles_role") "userRoles_role" on true where "userRoles"."user_id" = $2 -- params: [1, "bd1fdd95-f1fb-4049-a60d-4b7261095e82"]
Query: select "user_id", "department", "specialization", "profile_picture", "contact_number", "date_of_birth", "gender", "address", "employee_id", "created_at", "updated_at" from "teacher_profiles" "teacherProfiles" where "teacherProfiles"."user_id" = $1 limit $2 -- params: ["bd1fdd95-f1fb-4049-a60d-4b7261095e82", 1]
2026-04-24 14:44:21 [34mdebug[39m [JwtStrategy] [JWT-STRAT] User lookup for bd1fdd95-f1fb-4049-a60d-4b7261095e82: found=true
2026-04-24 14:44:21 [34mdebug[39m [RolesGuard] [ROLES] Required: ["teacher","admin"] | User roles: ["teacher"] | Path: /api/ai/index/classes/a1482efb-4f1c-4d11-baf1-e4e61a894595/status
Query: select "id", "teacher_id" from "classes" "classes" where "classes"."id" = $1 limit $2 -- params: ["a1482efb-4f1c-4d11-baf1-e4e61a894595", 1]
2026-04-24 14:44:21 [32minfo[39m [NotificationsGateway] [WS] Disconnected: 0kgkK3RIHUo2SGvGAAAH (user:bd1fdd95-f1fb-4049-a60d-4b7261095e82)
2026-04-24 14:45:00 [34mdebug[39m [AnnouncementsScheduler] Checking for due scheduled announcements...
Query: select "id", "class_id", "author_id", "title", "content", "is_pinned", "is_visible", "is_core_template_asset", "template_id", "template_source_id", "scheduled_at", "published_at", "archived_at", "created_at", "updated_at" from "announcements" "announcements" where ("announcements"."published_at" is null and "announcements"."archived_at" is null and "announcements"."scheduled_at" <= $1) -- params: ["2026-04-24T06:45:00.014Z"]
2026-04-24 14:45:00 [34mdebug[39m [DatabaseService] New database connection established
2026-04-24 14:45:36 [34mdebug[39m [JwtAuthGuard] [AUTH-GUARD] Authorization header present: true
2026-04-24 14:45:36 [34mdebug[39m [JwtAuthGuard] [AUTH-GUARD] Auth failed: jwt expired
2026-04-24 14:45:36 [34mdebug[39m [DatabaseService] New database connection established
Query: begin
Query: update "refresh_tokens" set "revoked" = $1 where ("refresh_tokens"."token_hash" = $2 and "refresh_tokens"."revoked" = $3 and "refresh_tokens"."expires_at" > $4) returning "id", "user_id", "token_hash", "user_agent", "ip", "revoked", "expires_at", "created_at" -- params: [true, "636cac87a1aaf828d724d6b64d376adb059ae2d1612fd01ef9076cb017b529c2", false, "2026-04-24T06:45:36.616Z"]
Query: insert into "refresh_tokens" ("id", "user_id", "token_hash", "user_agent", "ip", "revoked", "expires_at", "created_at") values (default, $1, $2, $3, $4, $5, $6, default) -- params: ["bd1fdd95-f1fb-4049-a60d-4b7261095e82", "5364d34a9873de0b15eceaf10551e6f5479cc746b57ee8205a32fa0ae7b53b3a", "Mozilla/5.0 (Windows NT 10.0; Win64; x64) AppleWebKit/537.36 (KHTML, like Gecko) Chrome/147.0.0.0 Safari/537.36", "127.0.0.1", false, "2026-05-01T06:45:36.669Z"]
Query: commit
Query: select "id", "email", "password", "first_name", "middle_name", "last_name", "account_status", "is_email_verified", "last_login_at", "created_at", "updated_at" from "users" "users" where "users"."id" = $1 limit $2 -- params: ["bd1fdd95-f1fb-4049-a60d-4b7261095e82", 1]
Query: select "user_id", "date_of_birth", "profile_picture", "gender", "phone", "address", "family_name", "family_relationship", "family_contact", "grade_level", "lrn", "created_at", "updated_at" from "student_profiles" "studentProfiles" where "studentProfiles"."user_id" = $1 limit $2 -- params: ["bd1fdd95-f1fb-4049-a60d-4b7261095e82", 1]
Query: select "userRoles"."user_id", "userRoles"."role_id", "userRoles"."assigned_at", "userRoles"."assigned_by", "userRoles_role"."data" as "role" from "user_roles" "userRoles" left join lateral (select json_build_array("userRoles_role"."id", "userRoles_role"."name", "userRoles_role"."description", "userRoles_role"."created_at") as "data" from (select * from "roles" "userRoles_role" where "userRoles_role"."id" = "userRoles"."role_id" limit $1) "userRoles_role") "userRoles_role" on true where "userRoles"."user_id" = $2 -- params: [1, "bd1fdd95-f1fb-4049-a60d-4b7261095e82"]
2026-04-24 14:45:36 [34mdebug[39m [DatabaseService] New database connection established
Query: select "user_id", "department", "specialization", "profile_picture", "contact_number", "date_of_birth", "gender", "address", "employee_id", "created_at", "updated_at" from "teacher_profiles" "teacherProfiles" where "teacherProfiles"."user_id" = $1 limit $2 -- params: ["bd1fdd95-f1fb-4049-a60d-4b7261095e82", 1]
2026-04-24 14:45:36 [34mdebug[39m [JwtAuthGuard] [AUTH-GUARD] Authorization header present: true
2026-04-24 14:45:36 [34mdebug[39m [JwtStrategy] [JWT-STRAT] Validating token for userId: bd1fdd95-f1fb-4049-a60d-4b7261095e82
Query: select "id", "email", "password", "first_name", "middle_name", "last_name", "account_status", "is_email_verified", "last_login_at", "created_at", "updated_at" from "users" "users" where "users"."id" = $1 limit $2 -- params: ["bd1fdd95-f1fb-4049-a60d-4b7261095e82", 1]
Query: select "user_id", "date_of_birth", "profile_picture", "gender", "phone", "address", "family_name", "family_relationship", "family_contact", "grade_level", "lrn", "created_at", "updated_at" from "student_profiles" "studentProfiles" where "studentProfiles"."user_id" = $1 limit $2 -- params: ["bd1fdd95-f1fb-4049-a60d-4b7261095e82", 1]
Query: select "userRoles"."user_id", "userRoles"."role_id", "userRoles"."assigned_at", "userRoles"."assigned_by", "userRoles_role"."data" as "role" from "user_roles" "userRoles" left join lateral (select json_build_array("userRoles_role"."id", "userRoles_role"."name", "userRoles_role"."description", "userRoles_role"."created_at") as "data" from (select * from "roles" "userRoles_role" where "userRoles_role"."id" = "userRoles"."role_id" limit $1) "userRoles_role") "userRoles_role" on true where "userRoles"."user_id" = $2 -- params: [1, "bd1fdd95-f1fb-4049-a60d-4b7261095e82"]
Query: select "user_id", "department", "specialization", "profile_picture", "contact_number", "date_of_birth", "gender", "address", "employee_id", "created_at", "updated_at" from "teacher_profiles" "teacherProfiles" where "teacherProfiles"."user_id" = $1 limit $2 -- params: ["bd1fdd95-f1fb-4049-a60d-4b7261095e82", 1]
2026-04-24 14:45:36 [34mdebug[39m [JwtStrategy] [JWT-STRAT] User lookup for bd1fdd95-f1fb-4049-a60d-4b7261095e82: found=true
2026-04-24 14:45:36 [34mdebug[39m [JwtAuthGuard] [AUTH-GUARD] Authorization header present: true
2026-04-24 14:45:36 [34mdebug[39m [JwtStrategy] [JWT-STRAT] Validating token for userId: bd1fdd95-f1fb-4049-a60d-4b7261095e82
Query: select "id", "email", "password", "first_name", "middle_name", "last_name", "account_status", "is_email_verified", "last_login_at", "created_at", "updated_at" from "users" "users" where "users"."id" = $1 limit $2 -- params: ["bd1fdd95-f1fb-4049-a60d-4b7261095e82", 1]
Query: select "user_id", "date_of_birth", "profile_picture", "gender", "phone", "address", "family_name", "family_relationship", "family_contact", "grade_level", "lrn", "created_at", "updated_at" from "student_profiles" "studentProfiles" where "studentProfiles"."user_id" = $1 limit $2 -- params: ["bd1fdd95-f1fb-4049-a60d-4b7261095e82", 1]
Query: select "userRoles"."user_id", "userRoles"."role_id", "userRoles"."assigned_at", "userRoles"."assigned_by", "userRoles_role"."data" as "role" from "user_roles" "userRoles" left join lateral (select json_build_array("userRoles_role"."id", "userRoles_role"."name", "userRoles_role"."description", "userRoles_role"."created_at") as "data" from (select * from "roles" "userRoles_role" where "userRoles_role"."id" = "userRoles"."role_id" limit $1) "userRoles_role") "userRoles_role" on true where "userRoles"."user_id" = $2 -- params: [1, "bd1fdd95-f1fb-4049-a60d-4b7261095e82"]
Query: select "user_id", "department", "specialization", "profile_picture", "contact_number", "date_of_birth", "gender", "address", "employee_id", "created_at", "updated_at" from "teacher_profiles" "teacherProfiles" where "teacherProfiles"."user_id" = $1 limit $2 -- params: ["bd1fdd95-f1fb-4049-a60d-4b7261095e82", 1]
2026-04-24 14:45:36 [34mdebug[39m [JwtStrategy] [JWT-STRAT] User lookup for bd1fdd95-f1fb-4049-a60d-4b7261095e82: found=true
2026-04-24 14:45:36 [34mdebug[39m [RolesGuard] [ROLES] Required: ["teacher","admin"] | User roles: ["teacher"] | Path: /api/ai/index/classes/a1482efb-4f1c-4d11-baf1-e4e61a894595
Query: select "id", "teacher_id" from "classes" "classes" where "classes"."id" = $1 limit $2 -- params: ["a1482efb-4f1c-4d11-baf1-e4e61a894595", 1]
Query: insert into "audit_logs" ("id", "actor_id", "action", "target_type", "target_id", "metadata", "created_at") values (default, $1, $2, $3, $4, $5, default) returning "id", "actor_id", "action", "target_type", "target_id", "metadata", "created_at" -- params: ["bd1fdd95-f1fb-4049-a60d-4b7261095e82", "ai.class_content.reindex_queued", "class", "a1482efb-4f1c-4d11-baf1-e4e61a894595", null]
2026-04-24 14:45:39 [34mdebug[39m [JwtAuthGuard] [AUTH-GUARD] Authorization header present: true
2026-04-24 14:45:39 [34mdebug[39m [JwtStrategy] [JWT-STRAT] Validating token for userId: bd1fdd95-f1fb-4049-a60d-4b7261095e82
Query: select "id", "email", "password", "first_name", "middle_name", "last_name", "account_status", "is_email_verified", "last_login_at", "created_at", "updated_at" from "users" "users" where "users"."id" = $1 limit $2 -- params: ["bd1fdd95-f1fb-4049-a60d-4b7261095e82", 1]
Query: select "user_id", "date_of_birth", "profile_picture", "gender", "phone", "address", "family_name", "family_relationship", "family_contact", "grade_level", "lrn", "created_at", "updated_at" from "student_profiles" "studentProfiles" where "studentProfiles"."user_id" = $1 limit $2 -- params: ["bd1fdd95-f1fb-4049-a60d-4b7261095e82", 1]
Query: select "userRoles"."user_id", "userRoles"."role_id", "userRoles"."assigned_at", "userRoles"."assigned_by", "userRoles_role"."data" as "role" from "user_roles" "userRoles" left join lateral (select json_build_array("userRoles_role"."id", "userRoles_role"."name", "userRoles_role"."description", "userRoles_role"."created_at") as "data" from (select * from "roles" "userRoles_role" where "userRoles_role"."id" = "userRoles"."role_id" limit $1) "userRoles_role") "userRoles_role" on true where "userRoles"."user_id" = $2 -- params: [1, "bd1fdd95-f1fb-4049-a60d-4b7261095e82"]
Query: select "user_id", "department", "specialization", "profile_picture", "contact_number", "date_of_birth", "gender", "address", "employee_id", "created_at", "updated_at" from "teacher_profiles" "teacherProfiles" where "teacherProfiles"."user_id" = $1 limit $2 -- params: ["bd1fdd95-f1fb-4049-a60d-4b7261095e82", 1]
2026-04-24 14:45:39 [34mdebug[39m [JwtStrategy] [JWT-STRAT] User lookup for bd1fdd95-f1fb-4049-a60d-4b7261095e82: found=true
2026-04-24 14:45:39 [34mdebug[39m [JwtAuthGuard] [AUTH-GUARD] Authorization header present: true
2026-04-24 14:45:39 [34mdebug[39m [JwtStrategy] [JWT-STRAT] Validating token for userId: bd1fdd95-f1fb-4049-a60d-4b7261095e82
Query: select "id", "email", "password", "first_name", "middle_name", "last_name", "account_status", "is_email_verified", "last_login_at", "created_at", "updated_at" from "users" "users" where "users"."id" = $1 limit $2 -- params: ["bd1fdd95-f1fb-4049-a60d-4b7261095e82", 1]
Query: select "user_id", "date_of_birth", "profile_picture", "gender", "phone", "address", "family_name", "family_relationship", "family_contact", "grade_level", "lrn", "created_at", "updated_at" from "student_profiles" "studentProfiles" where "studentProfiles"."user_id" = $1 limit $2 -- params: ["bd1fdd95-f1fb-4049-a60d-4b7261095e82", 1]
Query: select "userRoles"."user_id", "userRoles"."role_id", "userRoles"."assigned_at", "userRoles"."assigned_by", "userRoles_role"."data" as "role" from "user_roles" "userRoles" left join lateral (select json_build_array("userRoles_role"."id", "userRoles_role"."name", "userRoles_role"."description", "userRoles_role"."created_at") as "data" from (select * from "roles" "userRoles_role" where "userRoles_role"."id" = "userRoles"."role_id" limit $1) "userRoles_role") "userRoles_role" on true where "userRoles"."user_id" = $2 -- params: [1, "bd1fdd95-f1fb-4049-a60d-4b7261095e82"]
Query: select "user_id", "department", "specialization", "profile_picture", "contact_number", "date_of_birth", "gender", "address", "employee_id", "created_at", "updated_at" from "teacher_profiles" "teacherProfiles" where "teacherProfiles"."user_id" = $1 limit $2 -- params: ["bd1fdd95-f1fb-4049-a60d-4b7261095e82", 1]
2026-04-24 14:45:39 [34mdebug[39m [JwtStrategy] [JWT-STRAT] User lookup for bd1fdd95-f1fb-4049-a60d-4b7261095e82: found=true
2026-04-24 14:45:39 [34mdebug[39m [RolesGuard] [ROLES] Required: ["teacher","admin"] | User roles: ["teacher"] | Path: /api/ai/index/classes/a1482efb-4f1c-4d11-baf1-e4e61a894595/status
Query: select "id", "teacher_id" from "classes" "classes" where "classes"."id" = $1 limit $2 -- params: ["a1482efb-4f1c-4d11-baf1-e4e61a894595", 1]
2026-04-24 14:46:00 [34mdebug[39m [AnnouncementsScheduler] Checking for due scheduled announcements...
Query: select "id", "class_id", "author_id", "title", "content", "is_pinned", "is_visible", "is_core_template_asset", "template_id", "template_source_id", "scheduled_at", "published_at", "archived_at", "created_at", "updated_at" from "announcements" "announcements" where ("announcements"."published_at" is null and "announcements"."archived_at" is null and "announcements"."scheduled_at" <= $1) -- params: ["2026-04-24T06:46:00.013Z"]
2026-04-24 14:46:00 [34mdebug[39m [JwtAuthGuard] [AUTH-GUARD] Authorization header present: true
2026-04-24 14:46:00 [34mdebug[39m [JwtStrategy] [JWT-STRAT] Validating token for userId: bd1fdd95-f1fb-4049-a60d-4b7261095e82
Query: select "id", "email", "password", "first_name", "middle_name", "last_name", "account_status", "is_email_verified", "last_login_at", "created_at", "updated_at" from "users" "users" where "users"."id" = $1 limit $2 -- params: ["bd1fdd95-f1fb-4049-a60d-4b7261095e82", 1]
Query: select "user_id", "date_of_birth", "profile_picture", "gender", "phone", "address", "family_name", "family_relationship", "family_contact", "grade_level", "lrn", "created_at", "updated_at" from "student_profiles" "studentProfiles" where "studentProfiles"."user_id" = $1 limit $2 -- params: ["bd1fdd95-f1fb-4049-a60d-4b7261095e82", 1]
Query: select "userRoles"."user_id", "userRoles"."role_id", "userRoles"."assigned_at", "userRoles"."assigned_by", "userRoles_role"."data" as "role" from "user_roles" "userRoles" left join lateral (select json_build_array("userRoles_role"."id", "userRoles_role"."name", "userRoles_role"."description", "userRoles_role"."created_at") as "data" from (select * from "roles" "userRoles_role" where "userRoles_role"."id" = "userRoles"."role_id" limit $1) "userRoles_role") "userRoles_role" on true where "userRoles"."user_id" = $2 -- params: [1, "bd1fdd95-f1fb-4049-a60d-4b7261095e82"]
Query: select "user_id", "department", "specialization", "profile_picture", "contact_number", "date_of_birth", "gender", "address", "employee_id", "created_at", "updated_at" from "teacher_profiles" "teacherProfiles" where "teacherProfiles"."user_id" = $1 limit $2 -- params: ["bd1fdd95-f1fb-4049-a60d-4b7261095e82", 1]
2026-04-24 14:46:00 [34mdebug[39m [JwtStrategy] [JWT-STRAT] User lookup for bd1fdd95-f1fb-4049-a60d-4b7261095e82: found=true
2026-04-24 14:46:00 [34mdebug[39m [JwtAuthGuard] [AUTH-GUARD] Authorization header present: true
2026-04-24 14:46:00 [34mdebug[39m [JwtStrategy] [JWT-STRAT] Validating token for userId: bd1fdd95-f1fb-4049-a60d-4b7261095e82
Query: select "id", "email", "password", "first_name", "middle_name", "last_name", "account_status", "is_email_verified", "last_login_at", "created_at", "updated_at" from "users" "users" where "users"."id" = $1 limit $2 -- params: ["bd1fdd95-f1fb-4049-a60d-4b7261095e82", 1]
Query: select "user_id", "date_of_birth", "profile_picture", "gender", "phone", "address", "family_name", "family_relationship", "family_contact", "grade_level", "lrn", "created_at", "updated_at" from "student_profiles" "studentProfiles" where "studentProfiles"."user_id" = $1 limit $2 -- params: ["bd1fdd95-f1fb-4049-a60d-4b7261095e82", 1]
Query: select "userRoles"."user_id", "userRoles"."role_id", "userRoles"."assigned_at", "userRoles"."assigned_by", "userRoles_role"."data" as "role" from "user_roles" "userRoles" left join lateral (select json_build_array("userRoles_role"."id", "userRoles_role"."name", "userRoles_role"."description", "userRoles_role"."created_at") as "data" from (select * from "roles" "userRoles_role" where "userRoles_role"."id" = "userRoles"."role_id" limit $1) "userRoles_role") "userRoles_role" on true where "userRoles"."user_id" = $2 -- params: [1, "bd1fdd95-f1fb-4049-a60d-4b7261095e82"]
Query: select "user_id", "department", "specialization", "profile_picture", "contact_number", "date_of_birth", "gender", "address", "employee_id", "created_at", "updated_at" from "teacher_profiles" "teacherProfiles" where "teacherProfiles"."user_id" = $1 limit $2 -- params: ["bd1fdd95-f1fb-4049-a60d-4b7261095e82", 1]
2026-04-24 14:46:00 [34mdebug[39m [JwtStrategy] [JWT-STRAT] User lookup for bd1fdd95-f1fb-4049-a60d-4b7261095e82: found=true
2026-04-24 14:46:00 [34mdebug[39m [RolesGuard] [ROLES] Required: ["teacher","admin"] | User roles: ["teacher"] | Path: /api/ai/teacher/quizzes/jobs
Query: select "id", "teacher_id" from "classes" "classes" where "classes"."id" = $1 limit $2 -- params: ["a1482efb-4f1c-4d11-baf1-e4e61a894595", 1]
Query: insert into "audit_logs" ("id", "actor_id", "action", "target_type", "target_id", "metadata", "created_at") values (default, $1, $2, $3, $4, $5, default) returning "id", "actor_id", "action", "target_type", "target_id", "metadata", "created_at" -- params: ["bd1fdd95-f1fb-4049-a60d-4b7261095e82", "ai.quiz_draft.queued", "class", "a1482efb-4f1c-4d11-baf1-e4e61a894595", "{\"jobId\":\"551795f4-0831-4ef4-974a-962cd3c596da\",\"questionCount\":5,\"questionType\":\"multiple_choice\",\"assessmentType\":\"quiz\"}"]
2026-04-24 14:46:00 [34mdebug[39m [JwtAuthGuard] [AUTH-GUARD] Authorization header present: true
2026-04-24 14:46:00 [34mdebug[39m [JwtStrategy] [JWT-STRAT] Validating token for userId: bd1fdd95-f1fb-4049-a60d-4b7261095e82
Query: select "id", "email", "password", "first_name", "middle_name", "last_name", "account_status", "is_email_verified", "last_login_at", "created_at", "updated_at" from "users" "users" where "users"."id" = $1 limit $2 -- params: ["bd1fdd95-f1fb-4049-a60d-4b7261095e82", 1]
Query: select "user_id", "date_of_birth", "profile_picture", "gender", "phone", "address", "family_name", "family_relationship", "family_contact", "grade_level", "lrn", "created_at", "updated_at" from "student_profiles" "studentProfiles" where "studentProfiles"."user_id" = $1 limit $2 -- params: ["bd1fdd95-f1fb-4049-a60d-4b7261095e82", 1]
Query: select "userRoles"."user_id", "userRoles"."role_id", "userRoles"."assigned_at", "userRoles"."assigned_by", "userRoles_role"."data" as "role" from "user_roles" "userRoles" left join lateral (select json_build_array("userRoles_role"."id", "userRoles_role"."name", "userRoles_role"."description", "userRoles_role"."created_at") as "data" from (select * from "roles" "userRoles_role" where "userRoles_role"."id" = "userRoles"."role_id" limit $1) "userRoles_role") "userRoles_role" on true where "userRoles"."user_id" = $2 -- params: [1, "bd1fdd95-f1fb-4049-a60d-4b7261095e82"]
Query: select "user_id", "department", "specialization", "profile_picture", "contact_number", "date_of_birth", "gender", "address", "employee_id", "created_at", "updated_at" from "teacher_profiles" "teacherProfiles" where "teacherProfiles"."user_id" = $1 limit $2 -- params: ["bd1fdd95-f1fb-4049-a60d-4b7261095e82", 1]
2026-04-24 14:46:00 [34mdebug[39m [JwtStrategy] [JWT-STRAT] User lookup for bd1fdd95-f1fb-4049-a60d-4b7261095e82: found=true
2026-04-24 14:46:00 [34mdebug[39m [JwtAuthGuard] [AUTH-GUARD] Authorization header present: true
2026-04-24 14:46:00 [34mdebug[39m [JwtStrategy] [JWT-STRAT] Validating token for userId: bd1fdd95-f1fb-4049-a60d-4b7261095e82
Query: select "id", "email", "password", "first_name", "middle_name", "last_name", "account_status", "is_email_verified", "last_login_at", "created_at", "updated_at" from "users" "users" where "users"."id" = $1 limit $2 -- params: ["bd1fdd95-f1fb-4049-a60d-4b7261095e82", 1]
Query: select "user_id", "date_of_birth", "profile_picture", "gender", "phone", "address", "family_name", "family_relationship", "family_contact", "grade_level", "lrn", "created_at", "updated_at" from "student_profiles" "studentProfiles" where "studentProfiles"."user_id" = $1 limit $2 -- params: ["bd1fdd95-f1fb-4049-a60d-4b7261095e82", 1]
Query: select "userRoles"."user_id", "userRoles"."role_id", "userRoles"."assigned_at", "userRoles"."assigned_by", "userRoles_role"."data" as "role" from "user_roles" "userRoles" left join lateral (select json_build_array("userRoles_role"."id", "userRoles_role"."name", "userRoles_role"."description", "userRoles_role"."created_at") as "data" from (select * from "roles" "userRoles_role" where "userRoles_role"."id" = "userRoles"."role_id" limit $1) "userRoles_role") "userRoles_role" on true where "userRoles"."user_id" = $2 -- params: [1, "bd1fdd95-f1fb-4049-a60d-4b7261095e82"]
Query: select "user_id", "department", "specialization", "profile_picture", "contact_number", "date_of_birth", "gender", "address", "employee_id", "created_at", "updated_at" from "teacher_profiles" "teacherProfiles" where "teacherProfiles"."user_id" = $1 limit $2 -- params: ["bd1fdd95-f1fb-4049-a60d-4b7261095e82", 1]
2026-04-24 14:46:00 [34mdebug[39m [JwtStrategy] [JWT-STRAT] User lookup for bd1fdd95-f1fb-4049-a60d-4b7261095e82: found=true
2026-04-24 14:46:00 [34mdebug[39m [RolesGuard] [ROLES] Required: ["teacher","admin"] | User roles: ["teacher"] | Path: /api/ai/teacher/jobs/551795f4-0831-4ef4-974a-962cd3c596da
Query: select "id", "teacher_id" from "ai_generation_jobs" "aiGenerationJobs" where "aiGenerationJobs"."id" = $1 limit $2 -- params: ["551795f4-0831-4ef4-974a-962cd3c596da", 1]
2026-04-24 14:46:03 [34mdebug[39m [JwtAuthGuard] [AUTH-GUARD] Authorization header present: true
2026-04-24 14:46:03 [34mdebug[39m [JwtStrategy] [JWT-STRAT] Validating token for userId: bd1fdd95-f1fb-4049-a60d-4b7261095e82
Query: select "id", "email", "password", "first_name", "middle_name", "last_name", "account_status", "is_email_verified", "last_login_at", "created_at", "updated_at" from "users" "users" where "users"."id" = $1 limit $2 -- params: ["bd1fdd95-f1fb-4049-a60d-4b7261095e82", 1]
Query: select "user_id", "date_of_birth", "profile_picture", "gender", "phone", "address", "family_name", "family_relationship", "family_contact", "grade_level", "lrn", "created_at", "updated_at" from "student_profiles" "studentProfiles" where "studentProfiles"."user_id" = $1 limit $2 -- params: ["bd1fdd95-f1fb-4049-a60d-4b7261095e82", 1]
Query: select "userRoles"."user_id", "userRoles"."role_id", "userRoles"."assigned_at", "userRoles"."assigned_by", "userRoles_role"."data" as "role" from "user_roles" "userRoles" left join lateral (select json_build_array("userRoles_role"."id", "userRoles_role"."name", "userRoles_role"."description", "userRoles_role"."created_at") as "data" from (select * from "roles" "userRoles_role" where "userRoles_role"."id" = "userRoles"."role_id" limit $1) "userRoles_role") "userRoles_role" on true where "userRoles"."user_id" = $2 -- params: [1, "bd1fdd95-f1fb-4049-a60d-4b7261095e82"]
Query: select "user_id", "department", "specialization", "profile_picture", "contact_number", "date_of_birth", "gender", "address", "employee_id", "created_at", "updated_at" from "teacher_profiles" "teacherProfiles" where "teacherProfiles"."user_id" = $1 limit $2 -- params: ["bd1fdd95-f1fb-4049-a60d-4b7261095e82", 1]
2026-04-24 14:46:03 [34mdebug[39m [JwtStrategy] [JWT-STRAT] User lookup for bd1fdd95-f1fb-4049-a60d-4b7261095e82: found=true
2026-04-24 14:46:03 [34mdebug[39m [JwtAuthGuard] [AUTH-GUARD] Authorization header present: true
2026-04-24 14:46:03 [34mdebug[39m [JwtStrategy] [JWT-STRAT] Validating token for userId: bd1fdd95-f1fb-4049-a60d-4b7261095e82
Query: select "id", "email", "password", "first_name", "middle_name", "last_name", "account_status", "is_email_verified", "last_login_at", "created_at", "updated_at" from "users" "users" where "users"."id" = $1 limit $2 -- params: ["bd1fdd95-f1fb-4049-a60d-4b7261095e82", 1]
Query: select "user_id", "date_of_birth", "profile_picture", "gender", "phone", "address", "family_name", "family_relationship", "family_contact", "grade_level", "lrn", "created_at", "updated_at" from "student_profiles" "studentProfiles" where "studentProfiles"."user_id" = $1 limit $2 -- params: ["bd1fdd95-f1fb-4049-a60d-4b7261095e82", 1]
Query: select "userRoles"."user_id", "userRoles"."role_id", "userRoles"."assigned_at", "userRoles"."assigned_by", "userRoles_role"."data" as "role" from "user_roles" "userRoles" left join lateral (select json_build_array("userRoles_role"."id", "userRoles_role"."name", "userRoles_role"."description", "userRoles_role"."created_at") as "data" from (select * from "roles" "userRoles_role" where "userRoles_role"."id" = "userRoles"."role_id" limit $1) "userRoles_role") "userRoles_role" on true where "userRoles"."user_id" = $2 -- params: [1, "bd1fdd95-f1fb-4049-a60d-4b7261095e82"]
Query: select "user_id", "department", "specialization", "profile_picture", "contact_number", "date_of_birth", "gender", "address", "employee_id", "created_at", "updated_at" from "teacher_profiles" "teacherProfiles" where "teacherProfiles"."user_id" = $1 limit $2 -- params: ["bd1fdd95-f1fb-4049-a60d-4b7261095e82", 1]
2026-04-24 14:46:03 [34mdebug[39m [JwtStrategy] [JWT-STRAT] User lookup for bd1fdd95-f1fb-4049-a60d-4b7261095e82: found=true
2026-04-24 14:46:03 [34mdebug[39m [RolesGuard] [ROLES] Required: ["teacher","admin"] | User roles: ["teacher"] | Path: /api/ai/teacher/jobs/551795f4-0831-4ef4-974a-962cd3c596da
Query: select "id", "teacher_id" from "ai_generation_jobs" "aiGenerationJobs" where "aiGenerationJobs"."id" = $1 limit $2 -- params: ["551795f4-0831-4ef4-974a-962cd3c596da", 1]
2026-04-24 14:46:05 [34mdebug[39m [JwtAuthGuard] [AUTH-GUARD] Authorization header present: true
2026-04-24 14:46:05 [34mdebug[39m [JwtStrategy] [JWT-STRAT] Validating token for userId: bd1fdd95-f1fb-4049-a60d-4b7261095e82
Query: select "id", "email", "password", "first_name", "middle_name", "last_name", "account_status", "is_email_verified", "last_login_at", "created_at", "updated_at" from "users" "users" where "users"."id" = $1 limit $2 -- params: ["bd1fdd95-f1fb-4049-a60d-4b7261095e82", 1]
Query: select "user_id", "date_of_birth", "profile_picture", "gender", "phone", "address", "family_name", "family_relationship", "family_contact", "grade_level", "lrn", "created_at", "updated_at" from "student_profiles" "studentProfiles" where "studentProfiles"."user_id" = $1 limit $2 -- params: ["bd1fdd95-f1fb-4049-a60d-4b7261095e82", 1]
Query: select "userRoles"."user_id", "userRoles"."role_id", "userRoles"."assigned_at", "userRoles"."assigned_by", "userRoles_role"."data" as "role" from "user_roles" "userRoles" left join lateral (select json_build_array("userRoles_role"."id", "userRoles_role"."name", "userRoles_role"."description", "userRoles_role"."created_at") as "data" from (select * from "roles" "userRoles_role" where "userRoles_role"."id" = "userRoles"."role_id" limit $1) "userRoles_role") "userRoles_role" on true where "userRoles"."user_id" = $2 -- params: [1, "bd1fdd95-f1fb-4049-a60d-4b7261095e82"]
Query: select "user_id", "department", "specialization", "profile_picture", "contact_number", "date_of_birth", "gender", "address", "employee_id", "created_at", "updated_at" from "teacher_profiles" "teacherProfiles" where "teacherProfiles"."user_id" = $1 limit $2 -- params: ["bd1fdd95-f1fb-4049-a60d-4b7261095e82", 1]
2026-04-24 14:46:05 [34mdebug[39m [JwtStrategy] [JWT-STRAT] User lookup for bd1fdd95-f1fb-4049-a60d-4b7261095e82: found=true
2026-04-24 14:46:05 [34mdebug[39m [JwtAuthGuard] [AUTH-GUARD] Authorization header present: true
2026-04-24 14:46:05 [34mdebug[39m [JwtStrategy] [JWT-STRAT] Validating token for userId: bd1fdd95-f1fb-4049-a60d-4b7261095e82
Query: select "id", "email", "password", "first_name", "middle_name", "last_name", "account_status", "is_email_verified", "last_login_at", "created_at", "updated_at" from "users" "users" where "users"."id" = $1 limit $2 -- params: ["bd1fdd95-f1fb-4049-a60d-4b7261095e82", 1]
Query: select "user_id", "date_of_birth", "profile_picture", "gender", "phone", "address", "family_name", "family_relationship", "family_contact", "grade_level", "lrn", "created_at", "updated_at" from "student_profiles" "studentProfiles" where "studentProfiles"."user_id" = $1 limit $2 -- params: ["bd1fdd95-f1fb-4049-a60d-4b7261095e82", 1]
Query: select "userRoles"."user_id", "userRoles"."role_id", "userRoles"."assigned_at", "userRoles"."assigned_by", "userRoles_role"."data" as "role" from "user_roles" "userRoles" left join lateral (select json_build_array("userRoles_role"."id", "userRoles_role"."name", "userRoles_role"."description", "userRoles_role"."created_at") as "data" from (select * from "roles" "userRoles_role" where "userRoles_role"."id" = "userRoles"."role_id" limit $1) "userRoles_role") "userRoles_role" on true where "userRoles"."user_id" = $2 -- params: [1, "bd1fdd95-f1fb-4049-a60d-4b7261095e82"]
Query: select "user_id", "department", "specialization", "profile_picture", "contact_number", "date_of_birth", "gender", "address", "employee_id", "created_at", "updated_at" from "teacher_profiles" "teacherProfiles" where "teacherProfiles"."user_id" = $1 limit $2 -- params: ["bd1fdd95-f1fb-4049-a60d-4b7261095e82", 1]
2026-04-24 14:46:05 [34mdebug[39m [JwtStrategy] [JWT-STRAT] User lookup for bd1fdd95-f1fb-4049-a60d-4b7261095e82: found=true
2026-04-24 14:46:05 [34mdebug[39m [RolesGuard] [ROLES] Required: ["teacher","admin"] | User roles: ["teacher"] | Path: /api/ai/teacher/jobs/551795f4-0831-4ef4-974a-962cd3c596da
Query: select "id", "teacher_id" from "ai_generation_jobs" "aiGenerationJobs" where "aiGenerationJobs"."id" = $1 limit $2 -- params: ["551795f4-0831-4ef4-974a-962cd3c596da", 1]
2026-04-24 14:46:08 [34mdebug[39m [JwtAuthGuard] [AUTH-GUARD] Authorization header present: true
2026-04-24 14:46:08 [34mdebug[39m [JwtStrategy] [JWT-STRAT] Validating token for userId: bd1fdd95-f1fb-4049-a60d-4b7261095e82
Query: select "id", "email", "password", "first_name", "middle_name", "last_name", "account_status", "is_email_verified", "last_login_at", "created_at", "updated_at" from "users" "users" where "users"."id" = $1 limit $2 -- params: ["bd1fdd95-f1fb-4049-a60d-4b7261095e82", 1]
Query: select "user_id", "date_of_birth", "profile_picture", "gender", "phone", "address", "family_name", "family_relationship", "family_contact", "grade_level", "lrn", "created_at", "updated_at" from "student_profiles" "studentProfiles" where "studentProfiles"."user_id" = $1 limit $2 -- params: ["bd1fdd95-f1fb-4049-a60d-4b7261095e82", 1]
Query: select "userRoles"."user_id", "userRoles"."role_id", "userRoles"."assigned_at", "userRoles"."assigned_by", "userRoles_role"."data" as "role" from "user_roles" "userRoles" left join lateral (select json_build_array("userRoles_role"."id", "userRoles_role"."name", "userRoles_role"."description", "userRoles_role"."created_at") as "data" from (select * from "roles" "userRoles_role" where "userRoles_role"."id" = "userRoles"."role_id" limit $1) "userRoles_role") "userRoles_role" on true where "userRoles"."user_id" = $2 -- params: [1, "bd1fdd95-f1fb-4049-a60d-4b7261095e82"]
Query: select "user_id", "department", "specialization", "profile_picture", "contact_number", "date_of_birth", "gender", "address", "employee_id", "created_at", "updated_at" from "teacher_profiles" "teacherProfiles" where "teacherProfiles"."user_id" = $1 limit $2 -- params: ["bd1fdd95-f1fb-4049-a60d-4b7261095e82", 1]
2026-04-24 14:46:08 [34mdebug[39m [JwtStrategy] [JWT-STRAT] User lookup for bd1fdd95-f1fb-4049-a60d-4b7261095e82: found=true
2026-04-24 14:46:08 [34mdebug[39m [JwtAuthGuard] [AUTH-GUARD] Authorization header present: true
2026-04-24 14:46:08 [34mdebug[39m [JwtStrategy] [JWT-STRAT] Validating token for userId: bd1fdd95-f1fb-4049-a60d-4b7261095e82
Query: select "id", "email", "password", "first_name", "middle_name", "last_name", "account_status", "is_email_verified", "last_login_at", "created_at", "updated_at" from "users" "users" where "users"."id" = $1 limit $2 -- params: ["bd1fdd95-f1fb-4049-a60d-4b7261095e82", 1]
Query: select "user_id", "date_of_birth", "profile_picture", "gender", "phone", "address", "family_name", "family_relationship", "family_contact", "grade_level", "lrn", "created_at", "updated_at" from "student_profiles" "studentProfiles" where "studentProfiles"."user_id" = $1 limit $2 -- params: ["bd1fdd95-f1fb-4049-a60d-4b7261095e82", 1]
Query: select "userRoles"."user_id", "userRoles"."role_id", "userRoles"."assigned_at", "userRoles"."assigned_by", "userRoles_role"."data" as "role" from "user_roles" "userRoles" left join lateral (select json_build_array("userRoles_role"."id", "userRoles_role"."name", "userRoles_role"."description", "userRoles_role"."created_at") as "data" from (select * from "roles" "userRoles_role" where "userRoles_role"."id" = "userRoles"."role_id" limit $1) "userRoles_role") "userRoles_role" on true where "userRoles"."user_id" = $2 -- params: [1, "bd1fdd95-f1fb-4049-a60d-4b7261095e82"]
Query: select "user_id", "department", "specialization", "profile_picture", "contact_number", "date_of_birth", "gender", "address", "employee_id", "created_at", "updated_at" from "teacher_profiles" "teacherProfiles" where "teacherProfiles"."user_id" = $1 limit $2 -- params: ["bd1fdd95-f1fb-4049-a60d-4b7261095e82", 1]
2026-04-24 14:46:08 [34mdebug[39m [JwtStrategy] [JWT-STRAT] User lookup for bd1fdd95-f1fb-4049-a60d-4b7261095e82: found=true
2026-04-24 14:46:08 [34mdebug[39m [RolesGuard] [ROLES] Required: ["teacher","admin"] | User roles: ["teacher"] | Path: /api/ai/teacher/jobs/551795f4-0831-4ef4-974a-962cd3c596da
Query: select "id", "teacher_id" from "ai_generation_jobs" "aiGenerationJobs" where "aiGenerationJobs"."id" = $1 limit $2 -- params: ["551795f4-0831-4ef4-974a-962cd3c596da", 1]
2026-04-24 14:46:10 [34mdebug[39m [JwtAuthGuard] [AUTH-GUARD] Authorization header present: true
2026-04-24 14:46:10 [34mdebug[39m [JwtStrategy] [JWT-STRAT] Validating token for userId: bd1fdd95-f1fb-4049-a60d-4b7261095e82
Query: select "id", "email", "password", "first_name", "middle_name", "last_name", "account_status", "is_email_verified", "last_login_at", "created_at", "updated_at" from "users" "users" where "users"."id" = $1 limit $2 -- params: ["bd1fdd95-f1fb-4049-a60d-4b7261095e82", 1]
Query: select "user_id", "date_of_birth", "profile_picture", "gender", "phone", "address", "family_name", "family_relationship", "family_contact", "grade_level", "lrn", "created_at", "updated_at" from "student_profiles" "studentProfiles" where "studentProfiles"."user_id" = $1 limit $2 -- params: ["bd1fdd95-f1fb-4049-a60d-4b7261095e82", 1]
Query: select "userRoles"."user_id", "userRoles"."role_id", "userRoles"."assigned_at", "userRoles"."assigned_by", "userRoles_role"."data" as "role" from "user_roles" "userRoles" left join lateral (select json_build_array("userRoles_role"."id", "userRoles_role"."name", "userRoles_role"."description", "userRoles_role"."created_at") as "data" from (select * from "roles" "userRoles_role" where "userRoles_role"."id" = "userRoles"."role_id" limit $1) "userRoles_role") "userRoles_role" on true where "userRoles"."user_id" = $2 -- params: [1, "bd1fdd95-f1fb-4049-a60d-4b7261095e82"]
Query: select "user_id", "department", "specialization", "profile_picture", "contact_number", "date_of_birth", "gender", "address", "employee_id", "created_at", "updated_at" from "teacher_profiles" "teacherProfiles" where "teacherProfiles"."user_id" = $1 limit $2 -- params: ["bd1fdd95-f1fb-4049-a60d-4b7261095e82", 1]
2026-04-24 14:46:10 [34mdebug[39m [JwtStrategy] [JWT-STRAT] User lookup for bd1fdd95-f1fb-4049-a60d-4b7261095e82: found=true
2026-04-24 14:46:10 [34mdebug[39m [JwtAuthGuard] [AUTH-GUARD] Authorization header present: true
2026-04-24 14:46:10 [34mdebug[39m [JwtStrategy] [JWT-STRAT] Validating token for userId: bd1fdd95-f1fb-4049-a60d-4b7261095e82
Query: select "id", "email", "password", "first_name", "middle_name", "last_name", "account_status", "is_email_verified", "last_login_at", "created_at", "updated_at" from "users" "users" where "users"."id" = $1 limit $2 -- params: ["bd1fdd95-f1fb-4049-a60d-4b7261095e82", 1]
Query: select "user_id", "date_of_birth", "profile_picture", "gender", "phone", "address", "family_name", "family_relationship", "family_contact", "grade_level", "lrn", "created_at", "updated_at" from "student_profiles" "studentProfiles" where "studentProfiles"."user_id" = $1 limit $2 -- params: ["bd1fdd95-f1fb-4049-a60d-4b7261095e82", 1]
Query: select "userRoles"."user_id", "userRoles"."role_id", "userRoles"."assigned_at", "userRoles"."assigned_by", "userRoles_role"."data" as "role" from "user_roles" "userRoles" left join lateral (select json_build_array("userRoles_role"."id", "userRoles_role"."name", "userRoles_role"."description", "userRoles_role"."created_at") as "data" from (select * from "roles" "userRoles_role" where "userRoles_role"."id" = "userRoles"."role_id" limit $1) "userRoles_role") "userRoles_role" on true where "userRoles"."user_id" = $2 -- params: [1, "bd1fdd95-f1fb-4049-a60d-4b7261095e82"]
Query: select "user_id", "department", "specialization", "profile_picture", "contact_number", "date_of_birth", "gender", "address", "employee_id", "created_at", "updated_at" from "teacher_profiles" "teacherProfiles" where "teacherProfiles"."user_id" = $1 limit $2 -- params: ["bd1fdd95-f1fb-4049-a60d-4b7261095e82", 1]
2026-04-24 14:46:10 [34mdebug[39m [JwtStrategy] [JWT-STRAT] User lookup for bd1fdd95-f1fb-4049-a60d-4b7261095e82: found=true
2026-04-24 14:46:10 [34mdebug[39m [RolesGuard] [ROLES] Required: ["teacher","admin"] | User roles: ["teacher"] | Path: /api/ai/teacher/jobs/551795f4-0831-4ef4-974a-962cd3c596da
Query: select "id", "teacher_id" from "ai_generation_jobs" "aiGenerationJobs" where "aiGenerationJobs"."id" = $1 limit $2 -- params: ["551795f4-0831-4ef4-974a-962cd3c596da", 1]
2026-04-24 14:46:13 [34mdebug[39m [JwtAuthGuard] [AUTH-GUARD] Authorization header present: true
2026-04-24 14:46:13 [34mdebug[39m [JwtStrategy] [JWT-STRAT] Validating token for userId: bd1fdd95-f1fb-4049-a60d-4b7261095e82
Query: select "id", "email", "password", "first_name", "middle_name", "last_name", "account_status", "is_email_verified", "last_login_at", "created_at", "updated_at" from "users" "users" where "users"."id" = $1 limit $2 -- params: ["bd1fdd95-f1fb-4049-a60d-4b7261095e82", 1]
Query: select "user_id", "date_of_birth", "profile_picture", "gender", "phone", "address", "family_name", "family_relationship", "family_contact", "grade_level", "lrn", "created_at", "updated_at" from "student_profiles" "studentProfiles" where "studentProfiles"."user_id" = $1 limit $2 -- params: ["bd1fdd95-f1fb-4049-a60d-4b7261095e82", 1]
Query: select "userRoles"."user_id", "userRoles"."role_id", "userRoles"."assigned_at", "userRoles"."assigned_by", "userRoles_role"."data" as "role" from "user_roles" "userRoles" left join lateral (select json_build_array("userRoles_role"."id", "userRoles_role"."name", "userRoles_role"."description", "userRoles_role"."created_at") as "data" from (select * from "roles" "userRoles_role" where "userRoles_role"."id" = "userRoles"."role_id" limit $1) "userRoles_role") "userRoles_role" on true where "userRoles"."user_id" = $2 -- params: [1, "bd1fdd95-f1fb-4049-a60d-4b7261095e82"]
Query: select "user_id", "department", "specialization", "profile_picture", "contact_number", "date_of_birth", "gender", "address", "employee_id", "created_at", "updated_at" from "teacher_profiles" "teacherProfiles" where "teacherProfiles"."user_id" = $1 limit $2 -- params: ["bd1fdd95-f1fb-4049-a60d-4b7261095e82", 1]
2026-04-24 14:46:13 [34mdebug[39m [JwtStrategy] [JWT-STRAT] User lookup for bd1fdd95-f1fb-4049-a60d-4b7261095e82: found=true
2026-04-24 14:46:13 [34mdebug[39m [JwtAuthGuard] [AUTH-GUARD] Authorization header present: true
2026-04-24 14:46:13 [34mdebug[39m [JwtStrategy] [JWT-STRAT] Validating token for userId: bd1fdd95-f1fb-4049-a60d-4b7261095e82
Query: select "id", "email", "password", "first_name", "middle_name", "last_name", "account_status", "is_email_verified", "last_login_at", "created_at", "updated_at" from "users" "users" where "users"."id" = $1 limit $2 -- params: ["bd1fdd95-f1fb-4049-a60d-4b7261095e82", 1]
Query: select "user_id", "date_of_birth", "profile_picture", "gender", "phone", "address", "family_name", "family_relationship", "family_contact", "grade_level", "lrn", "created_at", "updated_at" from "student_profiles" "studentProfiles" where "studentProfiles"."user_id" = $1 limit $2 -- params: ["bd1fdd95-f1fb-4049-a60d-4b7261095e82", 1]
Query: select "userRoles"."user_id", "userRoles"."role_id", "userRoles"."assigned_at", "userRoles"."assigned_by", "userRoles_role"."data" as "role" from "user_roles" "userRoles" left join lateral (select json_build_array("userRoles_role"."id", "userRoles_role"."name", "userRoles_role"."description", "userRoles_role"."created_at") as "data" from (select * from "roles" "userRoles_role" where "userRoles_role"."id" = "userRoles"."role_id" limit $1) "userRoles_role") "userRoles_role" on true where "userRoles"."user_id" = $2 -- params: [1, "bd1fdd95-f1fb-4049-a60d-4b7261095e82"]
Query: select "user_id", "department", "specialization", "profile_picture", "contact_number", "date_of_birth", "gender", "address", "employee_id", "created_at", "updated_at" from "teacher_profiles" "teacherProfiles" where "teacherProfiles"."user_id" = $1 limit $2 -- params: ["bd1fdd95-f1fb-4049-a60d-4b7261095e82", 1]
2026-04-24 14:46:13 [34mdebug[39m [JwtStrategy] [JWT-STRAT] User lookup for bd1fdd95-f1fb-4049-a60d-4b7261095e82: found=true
2026-04-24 14:46:13 [34mdebug[39m [RolesGuard] [ROLES] Required: ["teacher","admin"] | User roles: ["teacher"] | Path: /api/ai/teacher/jobs/551795f4-0831-4ef4-974a-962cd3c596da
Query: select "id", "teacher_id" from "ai_generation_jobs" "aiGenerationJobs" where "aiGenerationJobs"."id" = $1 limit $2 -- params: ["551795f4-0831-4ef4-974a-962cd3c596da", 1]
2026-04-24 14:46:15 [34mdebug[39m [JwtAuthGuard] [AUTH-GUARD] Authorization header present: true
2026-04-24 14:46:15 [34mdebug[39m [JwtStrategy] [JWT-STRAT] Validating token for userId: bd1fdd95-f1fb-4049-a60d-4b7261095e82
Query: select "id", "email", "password", "first_name", "middle_name", "last_name", "account_status", "is_email_verified", "last_login_at", "created_at", "updated_at" from "users" "users" where "users"."id" = $1 limit $2 -- params: ["bd1fdd95-f1fb-4049-a60d-4b7261095e82", 1]
Query: select "user_id", "date_of_birth", "profile_picture", "gender", "phone", "address", "family_name", "family_relationship", "family_contact", "grade_level", "lrn", "created_at", "updated_at" from "student_profiles" "studentProfiles" where "studentProfiles"."user_id" = $1 limit $2 -- params: ["bd1fdd95-f1fb-4049-a60d-4b7261095e82", 1]
Query: select "userRoles"."user_id", "userRoles"."role_id", "userRoles"."assigned_at", "userRoles"."assigned_by", "userRoles_role"."data" as "role" from "user_roles" "userRoles" left join lateral (select json_build_array("userRoles_role"."id", "userRoles_role"."name", "userRoles_role"."description", "userRoles_role"."created_at") as "data" from (select * from "roles" "userRoles_role" where "userRoles_role"."id" = "userRoles"."role_id" limit $1) "userRoles_role") "userRoles_role" on true where "userRoles"."user_id" = $2 -- params: [1, "bd1fdd95-f1fb-4049-a60d-4b7261095e82"]
Query: select "user_id", "department", "specialization", "profile_picture", "contact_number", "date_of_birth", "gender", "address", "employee_id", "created_at", "updated_at" from "teacher_profiles" "teacherProfiles" where "teacherProfiles"."user_id" = $1 limit $2 -- params: ["bd1fdd95-f1fb-4049-a60d-4b7261095e82", 1]
2026-04-24 14:46:15 [34mdebug[39m [JwtStrategy] [JWT-STRAT] User lookup for bd1fdd95-f1fb-4049-a60d-4b7261095e82: found=true
2026-04-24 14:46:15 [34mdebug[39m [JwtAuthGuard] [AUTH-GUARD] Authorization header present: true
2026-04-24 14:46:15 [34mdebug[39m [JwtStrategy] [JWT-STRAT] Validating token for userId: bd1fdd95-f1fb-4049-a60d-4b7261095e82
Query: select "id", "email", "password", "first_name", "middle_name", "last_name", "account_status", "is_email_verified", "last_login_at", "created_at", "updated_at" from "users" "users" where "users"."id" = $1 limit $2 -- params: ["bd1fdd95-f1fb-4049-a60d-4b7261095e82", 1]
Query: select "user_id", "date_of_birth", "profile_picture", "gender", "phone", "address", "family_name", "family_relationship", "family_contact", "grade_level", "lrn", "created_at", "updated_at" from "student_profiles" "studentProfiles" where "studentProfiles"."user_id" = $1 limit $2 -- params: ["bd1fdd95-f1fb-4049-a60d-4b7261095e82", 1]
Query: select "userRoles"."user_id", "userRoles"."role_id", "userRoles"."assigned_at", "userRoles"."assigned_by", "userRoles_role"."data" as "role" from "user_roles" "userRoles" left join lateral (select json_build_array("userRoles_role"."id", "userRoles_role"."name", "userRoles_role"."description", "userRoles_role"."created_at") as "data" from (select * from "roles" "userRoles_role" where "userRoles_role"."id" = "userRoles"."role_id" limit $1) "userRoles_role") "userRoles_role" on true where "userRoles"."user_id" = $2 -- params: [1, "bd1fdd95-f1fb-4049-a60d-4b7261095e82"]
Query: select "user_id", "department", "specialization", "profile_picture", "contact_number", "date_of_birth", "gender", "address", "employee_id", "created_at", "updated_at" from "teacher_profiles" "teacherProfiles" where "teacherProfiles"."user_id" = $1 limit $2 -- params: ["bd1fdd95-f1fb-4049-a60d-4b7261095e82", 1]
2026-04-24 14:46:15 [34mdebug[39m [JwtStrategy] [JWT-STRAT] User lookup for bd1fdd95-f1fb-4049-a60d-4b7261095e82: found=true
2026-04-24 14:46:15 [34mdebug[39m [RolesGuard] [ROLES] Required: ["teacher","admin"] | User roles: ["teacher"] | Path: /api/ai/teacher/jobs/551795f4-0831-4ef4-974a-962cd3c596da
Query: select "id", "teacher_id" from "ai_generation_jobs" "aiGenerationJobs" where "aiGenerationJobs"."id" = $1 limit $2 -- params: ["551795f4-0831-4ef4-974a-962cd3c596da", 1]
2026-04-24 14:46:18 [34mdebug[39m [JwtAuthGuard] [AUTH-GUARD] Authorization header present: true
2026-04-24 14:46:18 [34mdebug[39m [JwtStrategy] [JWT-STRAT] Validating token for userId: bd1fdd95-f1fb-4049-a60d-4b7261095e82
Query: select "id", "email", "password", "first_name", "middle_name", "last_name", "account_status", "is_email_verified", "last_login_at", "created_at", "updated_at" from "users" "users" where "users"."id" = $1 limit $2 -- params: ["bd1fdd95-f1fb-4049-a60d-4b7261095e82", 1]
Query: select "user_id", "date_of_birth", "profile_picture", "gender", "phone", "address", "family_name", "family_relationship", "family_contact", "grade_level", "lrn", "created_at", "updated_at" from "student_profiles" "studentProfiles" where "studentProfiles"."user_id" = $1 limit $2 -- params: ["bd1fdd95-f1fb-4049-a60d-4b7261095e82", 1]
Query: select "userRoles"."user_id", "userRoles"."role_id", "userRoles"."assigned_at", "userRoles"."assigned_by", "userRoles_role"."data" as "role" from "user_roles" "userRoles" left join lateral (select json_build_array("userRoles_role"."id", "userRoles_role"."name", "userRoles_role"."description", "userRoles_role"."created_at") as "data" from (select * from "roles" "userRoles_role" where "userRoles_role"."id" = "userRoles"."role_id" limit $1) "userRoles_role") "userRoles_role" on true where "userRoles"."user_id" = $2 -- params: [1, "bd1fdd95-f1fb-4049-a60d-4b7261095e82"]
Query: select "user_id", "department", "specialization", "profile_picture", "contact_number", "date_of_birth", "gender", "address", "employee_id", "created_at", "updated_at" from "teacher_profiles" "teacherProfiles" where "teacherProfiles"."user_id" = $1 limit $2 -- params: ["bd1fdd95-f1fb-4049-a60d-4b7261095e82", 1]
2026-04-24 14:46:18 [34mdebug[39m [JwtStrategy] [JWT-STRAT] User lookup for bd1fdd95-f1fb-4049-a60d-4b7261095e82: found=true
2026-04-24 14:46:18 [34mdebug[39m [JwtAuthGuard] [AUTH-GUARD] Authorization header present: true
2026-04-24 14:46:18 [34mdebug[39m [JwtStrategy] [JWT-STRAT] Validating token for userId: bd1fdd95-f1fb-4049-a60d-4b7261095e82
Query: select "id", "email", "password", "first_name", "middle_name", "last_name", "account_status", "is_email_verified", "last_login_at", "created_at", "updated_at" from "users" "users" where "users"."id" = $1 limit $2 -- params: ["bd1fdd95-f1fb-4049-a60d-4b7261095e82", 1]
Query: select "user_id", "date_of_birth", "profile_picture", "gender", "phone", "address", "family_name", "family_relationship", "family_contact", "grade_level", "lrn", "created_at", "updated_at" from "student_profiles" "studentProfiles" where "studentProfiles"."user_id" = $1 limit $2 -- params: ["bd1fdd95-f1fb-4049-a60d-4b7261095e82", 1]
Query: select "userRoles"."user_id", "userRoles"."role_id", "userRoles"."assigned_at", "userRoles"."assigned_by", "userRoles_role"."data" as "role" from "user_roles" "userRoles" left join lateral (select json_build_array("userRoles_role"."id", "userRoles_role"."name", "userRoles_role"."description", "userRoles_role"."created_at") as "data" from (select * from "roles" "userRoles_role" where "userRoles_role"."id" = "userRoles"."role_id" limit $1) "userRoles_role") "userRoles_role" on true where "userRoles"."user_id" = $2 -- params: [1, "bd1fdd95-f1fb-4049-a60d-4b7261095e82"]
Query: select "user_id", "department", "specialization", "profile_picture", "contact_number", "date_of_birth", "gender", "address", "employee_id", "created_at", "updated_at" from "teacher_profiles" "teacherProfiles" where "teacherProfiles"."user_id" = $1 limit $2 -- params: ["bd1fdd95-f1fb-4049-a60d-4b7261095e82", 1]
2026-04-24 14:46:18 [34mdebug[39m [JwtStrategy] [JWT-STRAT] User lookup for bd1fdd95-f1fb-4049-a60d-4b7261095e82: found=true
2026-04-24 14:46:18 [34mdebug[39m [RolesGuard] [ROLES] Required: ["teacher","admin"] | User roles: ["teacher"] | Path: /api/ai/teacher/jobs/551795f4-0831-4ef4-974a-962cd3c596da
Query: select "id", "teacher_id" from "ai_generation_jobs" "aiGenerationJobs" where "aiGenerationJobs"."id" = $1 limit $2 -- params: ["551795f4-0831-4ef4-974a-962cd3c596da", 1]
2026-04-24 14:46:20 [34mdebug[39m [JwtAuthGuard] [AUTH-GUARD] Authorization header present: true
2026-04-24 14:46:20 [34mdebug[39m [JwtStrategy] [JWT-STRAT] Validating token for userId: bd1fdd95-f1fb-4049-a60d-4b7261095e82
Query: select "id", "email", "password", "first_name", "middle_name", "last_name", "account_status", "is_email_verified", "last_login_at", "created_at", "updated_at" from "users" "users" where "users"."id" = $1 limit $2 -- params: ["bd1fdd95-f1fb-4049-a60d-4b7261095e82", 1]
Query: select "user_id", "date_of_birth", "profile_picture", "gender", "phone", "address", "family_name", "family_relationship", "family_contact", "grade_level", "lrn", "created_at", "updated_at" from "student_profiles" "studentProfiles" where "studentProfiles"."user_id" = $1 limit $2 -- params: ["bd1fdd95-f1fb-4049-a60d-4b7261095e82", 1]
Query: select "userRoles"."user_id", "userRoles"."role_id", "userRoles"."assigned_at", "userRoles"."assigned_by", "userRoles_role"."data" as "role" from "user_roles" "userRoles" left join lateral (select json_build_array("userRoles_role"."id", "userRoles_role"."name", "userRoles_role"."description", "userRoles_role"."created_at") as "data" from (select * from "roles" "userRoles_role" where "userRoles_role"."id" = "userRoles"."role_id" limit $1) "userRoles_role") "userRoles_role" on true where "userRoles"."user_id" = $2 -- params: [1, "bd1fdd95-f1fb-4049-a60d-4b7261095e82"]
Query: select "user_id", "department", "specialization", "profile_picture", "contact_number", "date_of_birth", "gender", "address", "employee_id", "created_at", "updated_at" from "teacher_profiles" "teacherProfiles" where "teacherProfiles"."user_id" = $1 limit $2 -- params: ["bd1fdd95-f1fb-4049-a60d-4b7261095e82", 1]
2026-04-24 14:46:20 [34mdebug[39m [JwtStrategy] [JWT-STRAT] User lookup for bd1fdd95-f1fb-4049-a60d-4b7261095e82: found=true
2026-04-24 14:46:20 [34mdebug[39m [JwtAuthGuard] [AUTH-GUARD] Authorization header present: true
2026-04-24 14:46:20 [34mdebug[39m [JwtStrategy] [JWT-STRAT] Validating token for userId: bd1fdd95-f1fb-4049-a60d-4b7261095e82
Query: select "id", "email", "password", "first_name", "middle_name", "last_name", "account_status", "is_email_verified", "last_login_at", "created_at", "updated_at" from "users" "users" where "users"."id" = $1 limit $2 -- params: ["bd1fdd95-f1fb-4049-a60d-4b7261095e82", 1]
Query: select "user_id", "date_of_birth", "profile_picture", "gender", "phone", "address", "family_name", "family_relationship", "family_contact", "grade_level", "lrn", "created_at", "updated_at" from "student_profiles" "studentProfiles" where "studentProfiles"."user_id" = $1 limit $2 -- params: ["bd1fdd95-f1fb-4049-a60d-4b7261095e82", 1]
Query: select "userRoles"."user_id", "userRoles"."role_id", "userRoles"."assigned_at", "userRoles"."assigned_by", "userRoles_role"."data" as "role" from "user_roles" "userRoles" left join lateral (select json_build_array("userRoles_role"."id", "userRoles_role"."name", "userRoles_role"."description", "userRoles_role"."created_at") as "data" from (select * from "roles" "userRoles_role" where "userRoles_role"."id" = "userRoles"."role_id" limit $1) "userRoles_role") "userRoles_role" on true where "userRoles"."user_id" = $2 -- params: [1, "bd1fdd95-f1fb-4049-a60d-4b7261095e82"]
Query: select "user_id", "department", "specialization", "profile_picture", "contact_number", "date_of_birth", "gender", "address", "employee_id", "created_at", "updated_at" from "teacher_profiles" "teacherProfiles" where "teacherProfiles"."user_id" = $1 limit $2 -- params: ["bd1fdd95-f1fb-4049-a60d-4b7261095e82", 1]
2026-04-24 14:46:20 [34mdebug[39m [JwtStrategy] [JWT-STRAT] User lookup for bd1fdd95-f1fb-4049-a60d-4b7261095e82: found=true
2026-04-24 14:46:20 [34mdebug[39m [RolesGuard] [ROLES] Required: ["teacher","admin"] | User roles: ["teacher"] | Path: /api/ai/teacher/jobs/551795f4-0831-4ef4-974a-962cd3c596da
Query: select "id", "teacher_id" from "ai_generation_jobs" "aiGenerationJobs" where "aiGenerationJobs"."id" = $1 limit $2 -- params: ["551795f4-0831-4ef4-974a-962cd3c596da", 1]
2026-04-24 14:46:23 [34mdebug[39m [JwtAuthGuard] [AUTH-GUARD] Authorization header present: true
2026-04-24 14:46:23 [34mdebug[39m [JwtStrategy] [JWT-STRAT] Validating token for userId: bd1fdd95-f1fb-4049-a60d-4b7261095e82
Query: select "id", "email", "password", "first_name", "middle_name", "last_name", "account_status", "is_email_verified", "last_login_at", "created_at", "updated_at" from "users" "users" where "users"."id" = $1 limit $2 -- params: ["bd1fdd95-f1fb-4049-a60d-4b7261095e82", 1]
Query: select "user_id", "date_of_birth", "profile_picture", "gender", "phone", "address", "family_name", "family_relationship", "family_contact", "grade_level", "lrn", "created_at", "updated_at" from "student_profiles" "studentProfiles" where "studentProfiles"."user_id" = $1 limit $2 -- params: ["bd1fdd95-f1fb-4049-a60d-4b7261095e82", 1]
Query: select "userRoles"."user_id", "userRoles"."role_id", "userRoles"."assigned_at", "userRoles"."assigned_by", "userRoles_role"."data" as "role" from "user_roles" "userRoles" left join lateral (select json_build_array("userRoles_role"."id", "userRoles_role"."name", "userRoles_role"."description", "userRoles_role"."created_at") as "data" from (select * from "roles" "userRoles_role" where "userRoles_role"."id" = "userRoles"."role_id" limit $1) "userRoles_role") "userRoles_role" on true where "userRoles"."user_id" = $2 -- params: [1, "bd1fdd95-f1fb-4049-a60d-4b7261095e82"]
Query: select "user_id", "department", "specialization", "profile_picture", "contact_number", "date_of_birth", "gender", "address", "employee_id", "created_at", "updated_at" from "teacher_profiles" "teacherProfiles" where "teacherProfiles"."user_id" = $1 limit $2 -- params: ["bd1fdd95-f1fb-4049-a60d-4b7261095e82", 1]
2026-04-24 14:46:23 [34mdebug[39m [JwtStrategy] [JWT-STRAT] User lookup for bd1fdd95-f1fb-4049-a60d-4b7261095e82: found=true
2026-04-24 14:46:23 [34mdebug[39m [JwtAuthGuard] [AUTH-GUARD] Authorization header present: true
2026-04-24 14:46:23 [34mdebug[39m [JwtStrategy] [JWT-STRAT] Validating token for userId: bd1fdd95-f1fb-4049-a60d-4b7261095e82
Query: select "id", "email", "password", "first_name", "middle_name", "last_name", "account_status", "is_email_verified", "last_login_at", "created_at", "updated_at" from "users" "users" where "users"."id" = $1 limit $2 -- params: ["bd1fdd95-f1fb-4049-a60d-4b7261095e82", 1]
Query: select "user_id", "date_of_birth", "profile_picture", "gender", "phone", "address", "family_name", "family_relationship", "family_contact", "grade_level", "lrn", "created_at", "updated_at" from "student_profiles" "studentProfiles" where "studentProfiles"."user_id" = $1 limit $2 -- params: ["bd1fdd95-f1fb-4049-a60d-4b7261095e82", 1]
Query: select "userRoles"."user_id", "userRoles"."role_id", "userRoles"."assigned_at", "userRoles"."assigned_by", "userRoles_role"."data" as "role" from "user_roles" "userRoles" left join lateral (select json_build_array("userRoles_role"."id", "userRoles_role"."name", "userRoles_role"."description", "userRoles_role"."created_at") as "data" from (select * from "roles" "userRoles_role" where "userRoles_role"."id" = "userRoles"."role_id" limit $1) "userRoles_role") "userRoles_role" on true where "userRoles"."user_id" = $2 -- params: [1, "bd1fdd95-f1fb-4049-a60d-4b7261095e82"]
Query: select "user_id", "department", "specialization", "profile_picture", "contact_number", "date_of_birth", "gender", "address", "employee_id", "created_at", "updated_at" from "teacher_profiles" "teacherProfiles" where "teacherProfiles"."user_id" = $1 limit $2 -- params: ["bd1fdd95-f1fb-4049-a60d-4b7261095e82", 1]
2026-04-24 14:46:23 [34mdebug[39m [JwtStrategy] [JWT-STRAT] User lookup for bd1fdd95-f1fb-4049-a60d-4b7261095e82: found=true
2026-04-24 14:46:23 [34mdebug[39m [RolesGuard] [ROLES] Required: ["teacher","admin"] | User roles: ["teacher"] | Path: /api/ai/teacher/jobs/551795f4-0831-4ef4-974a-962cd3c596da
Query: select "id", "teacher_id" from "ai_generation_jobs" "aiGenerationJobs" where "aiGenerationJobs"."id" = $1 limit $2 -- params: ["551795f4-0831-4ef4-974a-962cd3c596da", 1]
2026-04-24 14:46:25 [34mdebug[39m [JwtAuthGuard] [AUTH-GUARD] Authorization header present: true
2026-04-24 14:46:25 [34mdebug[39m [JwtStrategy] [JWT-STRAT] Validating token for userId: bd1fdd95-f1fb-4049-a60d-4b7261095e82
Query: select "id", "email", "password", "first_name", "middle_name", "last_name", "account_status", "is_email_verified", "last_login_at", "created_at", "updated_at" from "users" "users" where "users"."id" = $1 limit $2 -- params: ["bd1fdd95-f1fb-4049-a60d-4b7261095e82", 1]
Query: select "user_id", "date_of_birth", "profile_picture", "gender", "phone", "address", "family_name", "family_relationship", "family_contact", "grade_level", "lrn", "created_at", "updated_at" from "student_profiles" "studentProfiles" where "studentProfiles"."user_id" = $1 limit $2 -- params: ["bd1fdd95-f1fb-4049-a60d-4b7261095e82", 1]
Query: select "userRoles"."user_id", "userRoles"."role_id", "userRoles"."assigned_at", "userRoles"."assigned_by", "userRoles_role"."data" as "role" from "user_roles" "userRoles" left join lateral (select json_build_array("userRoles_role"."id", "userRoles_role"."name", "userRoles_role"."description", "userRoles_role"."created_at") as "data" from (select * from "roles" "userRoles_role" where "userRoles_role"."id" = "userRoles"."role_id" limit $1) "userRoles_role") "userRoles_role" on true where "userRoles"."user_id" = $2 -- params: [1, "bd1fdd95-f1fb-4049-a60d-4b7261095e82"]
Query: select "user_id", "department", "specialization", "profile_picture", "contact_number", "date_of_birth", "gender", "address", "employee_id", "created_at", "updated_at" from "teacher_profiles" "teacherProfiles" where "teacherProfiles"."user_id" = $1 limit $2 -- params: ["bd1fdd95-f1fb-4049-a60d-4b7261095e82", 1]
2026-04-24 14:46:25 [34mdebug[39m [JwtStrategy] [JWT-STRAT] User lookup for bd1fdd95-f1fb-4049-a60d-4b7261095e82: found=true
2026-04-24 14:46:25 [34mdebug[39m [JwtAuthGuard] [AUTH-GUARD] Authorization header present: true
2026-04-24 14:46:25 [34mdebug[39m [JwtStrategy] [JWT-STRAT] Validating token for userId: bd1fdd95-f1fb-4049-a60d-4b7261095e82
Query: select "id", "email", "password", "first_name", "middle_name", "last_name", "account_status", "is_email_verified", "last_login_at", "created_at", "updated_at" from "users" "users" where "users"."id" = $1 limit $2 -- params: ["bd1fdd95-f1fb-4049-a60d-4b7261095e82", 1]
Query: select "user_id", "date_of_birth", "profile_picture", "gender", "phone", "address", "family_name", "family_relationship", "family_contact", "grade_level", "lrn", "created_at", "updated_at" from "student_profiles" "studentProfiles" where "studentProfiles"."user_id" = $1 limit $2 -- params: ["bd1fdd95-f1fb-4049-a60d-4b7261095e82", 1]
Query: select "userRoles"."user_id", "userRoles"."role_id", "userRoles"."assigned_at", "userRoles"."assigned_by", "userRoles_role"."data" as "role" from "user_roles" "userRoles" left join lateral (select json_build_array("userRoles_role"."id", "userRoles_role"."name", "userRoles_role"."description", "userRoles_role"."created_at") as "data" from (select * from "roles" "userRoles_role" where "userRoles_role"."id" = "userRoles"."role_id" limit $1) "userRoles_role") "userRoles_role" on true where "userRoles"."user_id" = $2 -- params: [1, "bd1fdd95-f1fb-4049-a60d-4b7261095e82"]
Query: select "user_id", "department", "specialization", "profile_picture", "contact_number", "date_of_birth", "gender", "address", "employee_id", "created_at", "updated_at" from "teacher_profiles" "teacherProfiles" where "teacherProfiles"."user_id" = $1 limit $2 -- params: ["bd1fdd95-f1fb-4049-a60d-4b7261095e82", 1]
2026-04-24 14:46:25 [34mdebug[39m [JwtStrategy] [JWT-STRAT] User lookup for bd1fdd95-f1fb-4049-a60d-4b7261095e82: found=true
2026-04-24 14:46:25 [34mdebug[39m [RolesGuard] [ROLES] Required: ["teacher","admin"] | User roles: ["teacher"] | Path: /api/ai/teacher/jobs/551795f4-0831-4ef4-974a-962cd3c596da
Query: select "id", "teacher_id" from "ai_generation_jobs" "aiGenerationJobs" where "aiGenerationJobs"."id" = $1 limit $2 -- params: ["551795f4-0831-4ef4-974a-962cd3c596da", 1]
2026-04-24 14:46:28 [34mdebug[39m [JwtAuthGuard] [AUTH-GUARD] Authorization header present: true
2026-04-24 14:46:28 [34mdebug[39m [JwtStrategy] [JWT-STRAT] Validating token for userId: bd1fdd95-f1fb-4049-a60d-4b7261095e82
Query: select "id", "email", "password", "first_name", "middle_name", "last_name", "account_status", "is_email_verified", "last_login_at", "created_at", "updated_at" from "users" "users" where "users"."id" = $1 limit $2 -- params: ["bd1fdd95-f1fb-4049-a60d-4b7261095e82", 1]
Query: select "user_id", "date_of_birth", "profile_picture", "gender", "phone", "address", "family_name", "family_relationship", "family_contact", "grade_level", "lrn", "created_at", "updated_at" from "student_profiles" "studentProfiles" where "studentProfiles"."user_id" = $1 limit $2 -- params: ["bd1fdd95-f1fb-4049-a60d-4b7261095e82", 1]
Query: select "userRoles"."user_id", "userRoles"."role_id", "userRoles"."assigned_at", "userRoles"."assigned_by", "userRoles_role"."data" as "role" from "user_roles" "userRoles" left join lateral (select json_build_array("userRoles_role"."id", "userRoles_role"."name", "userRoles_role"."description", "userRoles_role"."created_at") as "data" from (select * from "roles" "userRoles_role" where "userRoles_role"."id" = "userRoles"."role_id" limit $1) "userRoles_role") "userRoles_role" on true where "userRoles"."user_id" = $2 -- params: [1, "bd1fdd95-f1fb-4049-a60d-4b7261095e82"]
Query: select "user_id", "department", "specialization", "profile_picture", "contact_number", "date_of_birth", "gender", "address", "employee_id", "created_at", "updated_at" from "teacher_profiles" "teacherProfiles" where "teacherProfiles"."user_id" = $1 limit $2 -- params: ["bd1fdd95-f1fb-4049-a60d-4b7261095e82", 1]
2026-04-24 14:46:28 [34mdebug[39m [JwtStrategy] [JWT-STRAT] User lookup for bd1fdd95-f1fb-4049-a60d-4b7261095e82: found=true
2026-04-24 14:46:28 [34mdebug[39m [JwtAuthGuard] [AUTH-GUARD] Authorization header present: true
2026-04-24 14:46:28 [34mdebug[39m [JwtStrategy] [JWT-STRAT] Validating token for userId: bd1fdd95-f1fb-4049-a60d-4b7261095e82
Query: select "id", "email", "password", "first_name", "middle_name", "last_name", "account_status", "is_email_verified", "last_login_at", "created_at", "updated_at" from "users" "users" where "users"."id" = $1 limit $2 -- params: ["bd1fdd95-f1fb-4049-a60d-4b7261095e82", 1]
Query: select "user_id", "date_of_birth", "profile_picture", "gender", "phone", "address", "family_name", "family_relationship", "family_contact", "grade_level", "lrn", "created_at", "updated_at" from "student_profiles" "studentProfiles" where "studentProfiles"."user_id" = $1 limit $2 -- params: ["bd1fdd95-f1fb-4049-a60d-4b7261095e82", 1]
Query: select "userRoles"."user_id", "userRoles"."role_id", "userRoles"."assigned_at", "userRoles"."assigned_by", "userRoles_role"."data" as "role" from "user_roles" "userRoles" left join lateral (select json_build_array("userRoles_role"."id", "userRoles_role"."name", "userRoles_role"."description", "userRoles_role"."created_at") as "data" from (select * from "roles" "userRoles_role" where "userRoles_role"."id" = "userRoles"."role_id" limit $1) "userRoles_role") "userRoles_role" on true where "userRoles"."user_id" = $2 -- params: [1, "bd1fdd95-f1fb-4049-a60d-4b7261095e82"]
Query: select "user_id", "department", "specialization", "profile_picture", "contact_number", "date_of_birth", "gender", "address", "employee_id", "created_at", "updated_at" from "teacher_profiles" "teacherProfiles" where "teacherProfiles"."user_id" = $1 limit $2 -- params: ["bd1fdd95-f1fb-4049-a60d-4b7261095e82", 1]
2026-04-24 14:46:28 [34mdebug[39m [JwtStrategy] [JWT-STRAT] User lookup for bd1fdd95-f1fb-4049-a60d-4b7261095e82: found=true
2026-04-24 14:46:28 [34mdebug[39m [RolesGuard] [ROLES] Required: ["teacher","admin"] | User roles: ["teacher"] | Path: /api/ai/teacher/jobs/551795f4-0831-4ef4-974a-962cd3c596da
Query: select "id", "teacher_id" from "ai_generation_jobs" "aiGenerationJobs" where "aiGenerationJobs"."id" = $1 limit $2 -- params: ["551795f4-0831-4ef4-974a-962cd3c596da", 1]
2026-04-24 14:46:30 [34mdebug[39m [JwtAuthGuard] [AUTH-GUARD] Authorization header present: true
2026-04-24 14:46:30 [34mdebug[39m [JwtStrategy] [JWT-STRAT] Validating token for userId: bd1fdd95-f1fb-4049-a60d-4b7261095e82
Query: select "id", "email", "password", "first_name", "middle_name", "last_name", "account_status", "is_email_verified", "last_login_at", "created_at", "updated_at" from "users" "users" where "users"."id" = $1 limit $2 -- params: ["bd1fdd95-f1fb-4049-a60d-4b7261095e82", 1]
Query: select "user_id", "date_of_birth", "profile_picture", "gender", "phone", "address", "family_name", "family_relationship", "family_contact", "grade_level", "lrn", "created_at", "updated_at" from "student_profiles" "studentProfiles" where "studentProfiles"."user_id" = $1 limit $2 -- params: ["bd1fdd95-f1fb-4049-a60d-4b7261095e82", 1]
Query: select "userRoles"."user_id", "userRoles"."role_id", "userRoles"."assigned_at", "userRoles"."assigned_by", "userRoles_role"."data" as "role" from "user_roles" "userRoles" left join lateral (select json_build_array("userRoles_role"."id", "userRoles_role"."name", "userRoles_role"."description", "userRoles_role"."created_at") as "data" from (select * from "roles" "userRoles_role" where "userRoles_role"."id" = "userRoles"."role_id" limit $1) "userRoles_role") "userRoles_role" on true where "userRoles"."user_id" = $2 -- params: [1, "bd1fdd95-f1fb-4049-a60d-4b7261095e82"]
Query: select "user_id", "department", "specialization", "profile_picture", "contact_number", "date_of_birth", "gender", "address", "employee_id", "created_at", "updated_at" from "teacher_profiles" "teacherProfiles" where "teacherProfiles"."user_id" = $1 limit $2 -- params: ["bd1fdd95-f1fb-4049-a60d-4b7261095e82", 1]
2026-04-24 14:46:30 [34mdebug[39m [JwtStrategy] [JWT-STRAT] User lookup for bd1fdd95-f1fb-4049-a60d-4b7261095e82: found=true
2026-04-24 14:46:30 [34mdebug[39m [JwtAuthGuard] [AUTH-GUARD] Authorization header present: true
2026-04-24 14:46:30 [34mdebug[39m [JwtStrategy] [JWT-STRAT] Validating token for userId: bd1fdd95-f1fb-4049-a60d-4b7261095e82
Query: select "id", "email", "password", "first_name", "middle_name", "last_name", "account_status", "is_email_verified", "last_login_at", "created_at", "updated_at" from "users" "users" where "users"."id" = $1 limit $2 -- params: ["bd1fdd95-f1fb-4049-a60d-4b7261095e82", 1]
Query: select "user_id", "date_of_birth", "profile_picture", "gender", "phone", "address", "family_name", "family_relationship", "family_contact", "grade_level", "lrn", "created_at", "updated_at" from "student_profiles" "studentProfiles" where "studentProfiles"."user_id" = $1 limit $2 -- params: ["bd1fdd95-f1fb-4049-a60d-4b7261095e82", 1]
Query: select "userRoles"."user_id", "userRoles"."role_id", "userRoles"."assigned_at", "userRoles"."assigned_by", "userRoles_role"."data" as "role" from "user_roles" "userRoles" left join lateral (select json_build_array("userRoles_role"."id", "userRoles_role"."name", "userRoles_role"."description", "userRoles_role"."created_at") as "data" from (select * from "roles" "userRoles_role" where "userRoles_role"."id" = "userRoles"."role_id" limit $1) "userRoles_role") "userRoles_role" on true where "userRoles"."user_id" = $2 -- params: [1, "bd1fdd95-f1fb-4049-a60d-4b7261095e82"]
Query: select "user_id", "department", "specialization", "profile_picture", "contact_number", "date_of_birth", "gender", "address", "employee_id", "created_at", "updated_at" from "teacher_profiles" "teacherProfiles" where "teacherProfiles"."user_id" = $1 limit $2 -- params: ["bd1fdd95-f1fb-4049-a60d-4b7261095e82", 1]
2026-04-24 14:46:30 [34mdebug[39m [JwtStrategy] [JWT-STRAT] User lookup for bd1fdd95-f1fb-4049-a60d-4b7261095e82: found=true
2026-04-24 14:46:30 [34mdebug[39m [RolesGuard] [ROLES] Required: ["teacher","admin"] | User roles: ["teacher"] | Path: /api/ai/teacher/jobs/551795f4-0831-4ef4-974a-962cd3c596da
Query: select "id", "teacher_id" from "ai_generation_jobs" "aiGenerationJobs" where "aiGenerationJobs"."id" = $1 limit $2 -- params: ["551795f4-0831-4ef4-974a-962cd3c596da", 1]
2026-04-24 14:46:33 [34mdebug[39m [JwtAuthGuard] [AUTH-GUARD] Authorization header present: true
2026-04-24 14:46:33 [34mdebug[39m [JwtStrategy] [JWT-STRAT] Validating token for userId: bd1fdd95-f1fb-4049-a60d-4b7261095e82
Query: select "id", "email", "password", "first_name", "middle_name", "last_name", "account_status", "is_email_verified", "last_login_at", "created_at", "updated_at" from "users" "users" where "users"."id" = $1 limit $2 -- params: ["bd1fdd95-f1fb-4049-a60d-4b7261095e82", 1]
Query: select "user_id", "date_of_birth", "profile_picture", "gender", "phone", "address", "family_name", "family_relationship", "family_contact", "grade_level", "lrn", "created_at", "updated_at" from "student_profiles" "studentProfiles" where "studentProfiles"."user_id" = $1 limit $2 -- params: ["bd1fdd95-f1fb-4049-a60d-4b7261095e82", 1]
Query: select "userRoles"."user_id", "userRoles"."role_id", "userRoles"."assigned_at", "userRoles"."assigned_by", "userRoles_role"."data" as "role" from "user_roles" "userRoles" left join lateral (select json_build_array("userRoles_role"."id", "userRoles_role"."name", "userRoles_role"."description", "userRoles_role"."created_at") as "data" from (select * from "roles" "userRoles_role" where "userRoles_role"."id" = "userRoles"."role_id" limit $1) "userRoles_role") "userRoles_role" on true where "userRoles"."user_id" = $2 -- params: [1, "bd1fdd95-f1fb-4049-a60d-4b7261095e82"]
Query: select "user_id", "department", "specialization", "profile_picture", "contact_number", "date_of_birth", "gender", "address", "employee_id", "created_at", "updated_at" from "teacher_profiles" "teacherProfiles" where "teacherProfiles"."user_id" = $1 limit $2 -- params: ["bd1fdd95-f1fb-4049-a60d-4b7261095e82", 1]
2026-04-24 14:46:33 [34mdebug[39m [JwtStrategy] [JWT-STRAT] User lookup for bd1fdd95-f1fb-4049-a60d-4b7261095e82: found=true
2026-04-24 14:46:33 [34mdebug[39m [JwtAuthGuard] [AUTH-GUARD] Authorization header present: true
2026-04-24 14:46:33 [34mdebug[39m [JwtStrategy] [JWT-STRAT] Validating token for userId: bd1fdd95-f1fb-4049-a60d-4b7261095e82
Query: select "id", "email", "password", "first_name", "middle_name", "last_name", "account_status", "is_email_verified", "last_login_at", "created_at", "updated_at" from "users" "users" where "users"."id" = $1 limit $2 -- params: ["bd1fdd95-f1fb-4049-a60d-4b7261095e82", 1]
Query: select "user_id", "date_of_birth", "profile_picture", "gender", "phone", "address", "family_name", "family_relationship", "family_contact", "grade_level", "lrn", "created_at", "updated_at" from "student_profiles" "studentProfiles" where "studentProfiles"."user_id" = $1 limit $2 -- params: ["bd1fdd95-f1fb-4049-a60d-4b7261095e82", 1]
Query: select "userRoles"."user_id", "userRoles"."role_id", "userRoles"."assigned_at", "userRoles"."assigned_by", "userRoles_role"."data" as "role" from "user_roles" "userRoles" left join lateral (select json_build_array("userRoles_role"."id", "userRoles_role"."name", "userRoles_role"."description", "userRoles_role"."created_at") as "data" from (select * from "roles" "userRoles_role" where "userRoles_role"."id" = "userRoles"."role_id" limit $1) "userRoles_role") "userRoles_role" on true where "userRoles"."user_id" = $2 -- params: [1, "bd1fdd95-f1fb-4049-a60d-4b7261095e82"]
Query: select "user_id", "department", "specialization", "profile_picture", "contact_number", "date_of_birth", "gender", "address", "employee_id", "created_at", "updated_at" from "teacher_profiles" "teacherProfiles" where "teacherProfiles"."user_id" = $1 limit $2 -- params: ["bd1fdd95-f1fb-4049-a60d-4b7261095e82", 1]
2026-04-24 14:46:33 [34mdebug[39m [JwtStrategy] [JWT-STRAT] User lookup for bd1fdd95-f1fb-4049-a60d-4b7261095e82: found=true
2026-04-24 14:46:33 [34mdebug[39m [RolesGuard] [ROLES] Required: ["teacher","admin"] | User roles: ["teacher"] | Path: /api/ai/teacher/jobs/551795f4-0831-4ef4-974a-962cd3c596da
Query: select "id", "teacher_id" from "ai_generation_jobs" "aiGenerationJobs" where "aiGenerationJobs"."id" = $1 limit $2 -- params: ["551795f4-0831-4ef4-974a-962cd3c596da", 1]
2026-04-24 14:46:35 [34mdebug[39m [JwtAuthGuard] [AUTH-GUARD] Authorization header present: true
2026-04-24 14:46:35 [34mdebug[39m [JwtStrategy] [JWT-STRAT] Validating token for userId: bd1fdd95-f1fb-4049-a60d-4b7261095e82
Query: select "id", "email", "password", "first_name", "middle_name", "last_name", "account_status", "is_email_verified", "last_login_at", "created_at", "updated_at" from "users" "users" where "users"."id" = $1 limit $2 -- params: ["bd1fdd95-f1fb-4049-a60d-4b7261095e82", 1]
Query: select "user_id", "date_of_birth", "profile_picture", "gender", "phone", "address", "family_name", "family_relationship", "family_contact", "grade_level", "lrn", "created_at", "updated_at" from "student_profiles" "studentProfiles" where "studentProfiles"."user_id" = $1 limit $2 -- params: ["bd1fdd95-f1fb-4049-a60d-4b7261095e82", 1]
Query: select "userRoles"."user_id", "userRoles"."role_id", "userRoles"."assigned_at", "userRoles"."assigned_by", "userRoles_role"."data" as "role" from "user_roles" "userRoles" left join lateral (select json_build_array("userRoles_role"."id", "userRoles_role"."name", "userRoles_role"."description", "userRoles_role"."created_at") as "data" from (select * from "roles" "userRoles_role" where "userRoles_role"."id" = "userRoles"."role_id" limit $1) "userRoles_role") "userRoles_role" on true where "userRoles"."user_id" = $2 -- params: [1, "bd1fdd95-f1fb-4049-a60d-4b7261095e82"]
Query: select "user_id", "department", "specialization", "profile_picture", "contact_number", "date_of_birth", "gender", "address", "employee_id", "created_at", "updated_at" from "teacher_profiles" "teacherProfiles" where "teacherProfiles"."user_id" = $1 limit $2 -- params: ["bd1fdd95-f1fb-4049-a60d-4b7261095e82", 1]
2026-04-24 14:46:35 [34mdebug[39m [JwtStrategy] [JWT-STRAT] User lookup for bd1fdd95-f1fb-4049-a60d-4b7261095e82: found=true
2026-04-24 14:46:35 [34mdebug[39m [JwtAuthGuard] [AUTH-GUARD] Authorization header present: true
2026-04-24 14:46:35 [34mdebug[39m [JwtStrategy] [JWT-STRAT] Validating token for userId: bd1fdd95-f1fb-4049-a60d-4b7261095e82
Query: select "id", "email", "password", "first_name", "middle_name", "last_name", "account_status", "is_email_verified", "last_login_at", "created_at", "updated_at" from "users" "users" where "users"."id" = $1 limit $2 -- params: ["bd1fdd95-f1fb-4049-a60d-4b7261095e82", 1]
Query: select "user_id", "date_of_birth", "profile_picture", "gender", "phone", "address", "family_name", "family_relationship", "family_contact", "grade_level", "lrn", "created_at", "updated_at" from "student_profiles" "studentProfiles" where "studentProfiles"."user_id" = $1 limit $2 -- params: ["bd1fdd95-f1fb-4049-a60d-4b7261095e82", 1]
Query: select "userRoles"."user_id", "userRoles"."role_id", "userRoles"."assigned_at", "userRoles"."assigned_by", "userRoles_role"."data" as "role" from "user_roles" "userRoles" left join lateral (select json_build_array("userRoles_role"."id", "userRoles_role"."name", "userRoles_role"."description", "userRoles_role"."created_at") as "data" from (select * from "roles" "userRoles_role" where "userRoles_role"."id" = "userRoles"."role_id" limit $1) "userRoles_role") "userRoles_role" on true where "userRoles"."user_id" = $2 -- params: [1, "bd1fdd95-f1fb-4049-a60d-4b7261095e82"]
Query: select "user_id", "department", "specialization", "profile_picture", "contact_number", "date_of_birth", "gender", "address", "employee_id", "created_at", "updated_at" from "teacher_profiles" "teacherProfiles" where "teacherProfiles"."user_id" = $1 limit $2 -- params: ["bd1fdd95-f1fb-4049-a60d-4b7261095e82", 1]
2026-04-24 14:46:35 [34mdebug[39m [JwtStrategy] [JWT-STRAT] User lookup for bd1fdd95-f1fb-4049-a60d-4b7261095e82: found=true
2026-04-24 14:46:35 [34mdebug[39m [RolesGuard] [ROLES] Required: ["teacher","admin"] | User roles: ["teacher"] | Path: /api/ai/teacher/jobs/551795f4-0831-4ef4-974a-962cd3c596da
Query: select "id", "teacher_id" from "ai_generation_jobs" "aiGenerationJobs" where "aiGenerationJobs"."id" = $1 limit $2 -- params: ["551795f4-0831-4ef4-974a-962cd3c596da", 1]
2026-04-24 14:46:38 [34mdebug[39m [JwtAuthGuard] [AUTH-GUARD] Authorization header present: true
2026-04-24 14:46:38 [34mdebug[39m [JwtStrategy] [JWT-STRAT] Validating token for userId: bd1fdd95-f1fb-4049-a60d-4b7261095e82
Query: select "id", "email", "password", "first_name", "middle_name", "last_name", "account_status", "is_email_verified", "last_login_at", "created_at", "updated_at" from "users" "users" where "users"."id" = $1 limit $2 -- params: ["bd1fdd95-f1fb-4049-a60d-4b7261095e82", 1]
Query: select "user_id", "date_of_birth", "profile_picture", "gender", "phone", "address", "family_name", "family_relationship", "family_contact", "grade_level", "lrn", "created_at", "updated_at" from "student_profiles" "studentProfiles" where "studentProfiles"."user_id" = $1 limit $2 -- params: ["bd1fdd95-f1fb-4049-a60d-4b7261095e82", 1]
Query: select "userRoles"."user_id", "userRoles"."role_id", "userRoles"."assigned_at", "userRoles"."assigned_by", "userRoles_role"."data" as "role" from "user_roles" "userRoles" left join lateral (select json_build_array("userRoles_role"."id", "userRoles_role"."name", "userRoles_role"."description", "userRoles_role"."created_at") as "data" from (select * from "roles" "userRoles_role" where "userRoles_role"."id" = "userRoles"."role_id" limit $1) "userRoles_role") "userRoles_role" on true where "userRoles"."user_id" = $2 -- params: [1, "bd1fdd95-f1fb-4049-a60d-4b7261095e82"]
Query: select "user_id", "department", "specialization", "profile_picture", "contact_number", "date_of_birth", "gender", "address", "employee_id", "created_at", "updated_at" from "teacher_profiles" "teacherProfiles" where "teacherProfiles"."user_id" = $1 limit $2 -- params: ["bd1fdd95-f1fb-4049-a60d-4b7261095e82", 1]
2026-04-24 14:46:38 [34mdebug[39m [JwtStrategy] [JWT-STRAT] User lookup for bd1fdd95-f1fb-4049-a60d-4b7261095e82: found=true
2026-04-24 14:46:38 [34mdebug[39m [JwtAuthGuard] [AUTH-GUARD] Authorization header present: true
2026-04-24 14:46:38 [34mdebug[39m [JwtStrategy] [JWT-STRAT] Validating token for userId: bd1fdd95-f1fb-4049-a60d-4b7261095e82
Query: select "id", "email", "password", "first_name", "middle_name", "last_name", "account_status", "is_email_verified", "last_login_at", "created_at", "updated_at" from "users" "users" where "users"."id" = $1 limit $2 -- params: ["bd1fdd95-f1fb-4049-a60d-4b7261095e82", 1]
Query: select "user_id", "date_of_birth", "profile_picture", "gender", "phone", "address", "family_name", "family_relationship", "family_contact", "grade_level", "lrn", "created_at", "updated_at" from "student_profiles" "studentProfiles" where "studentProfiles"."user_id" = $1 limit $2 -- params: ["bd1fdd95-f1fb-4049-a60d-4b7261095e82", 1]
Query: select "userRoles"."user_id", "userRoles"."role_id", "userRoles"."assigned_at", "userRoles"."assigned_by", "userRoles_role"."data" as "role" from "user_roles" "userRoles" left join lateral (select json_build_array("userRoles_role"."id", "userRoles_role"."name", "userRoles_role"."description", "userRoles_role"."created_at") as "data" from (select * from "roles" "userRoles_role" where "userRoles_role"."id" = "userRoles"."role_id" limit $1) "userRoles_role") "userRoles_role" on true where "userRoles"."user_id" = $2 -- params: [1, "bd1fdd95-f1fb-4049-a60d-4b7261095e82"]
Query: select "user_id", "department", "specialization", "profile_picture", "contact_number", "date_of_birth", "gender", "address", "employee_id", "created_at", "updated_at" from "teacher_profiles" "teacherProfiles" where "teacherProfiles"."user_id" = $1 limit $2 -- params: ["bd1fdd95-f1fb-4049-a60d-4b7261095e82", 1]
2026-04-24 14:46:38 [34mdebug[39m [JwtStrategy] [JWT-STRAT] User lookup for bd1fdd95-f1fb-4049-a60d-4b7261095e82: found=true
2026-04-24 14:46:38 [34mdebug[39m [RolesGuard] [ROLES] Required: ["teacher","admin"] | User roles: ["teacher"] | Path: /api/ai/teacher/jobs/551795f4-0831-4ef4-974a-962cd3c596da
Query: select "id", "teacher_id" from "ai_generation_jobs" "aiGenerationJobs" where "aiGenerationJobs"."id" = $1 limit $2 -- params: ["551795f4-0831-4ef4-974a-962cd3c596da", 1]
2026-04-24 14:46:40 [34mdebug[39m [JwtAuthGuard] [AUTH-GUARD] Authorization header present: true
2026-04-24 14:46:40 [34mdebug[39m [JwtStrategy] [JWT-STRAT] Validating token for userId: bd1fdd95-f1fb-4049-a60d-4b7261095e82
Query: select "id", "email", "password", "first_name", "middle_name", "last_name", "account_status", "is_email_verified", "last_login_at", "created_at", "updated_at" from "users" "users" where "users"."id" = $1 limit $2 -- params: ["bd1fdd95-f1fb-4049-a60d-4b7261095e82", 1]
Query: select "user_id", "date_of_birth", "profile_picture", "gender", "phone", "address", "family_name", "family_relationship", "family_contact", "grade_level", "lrn", "created_at", "updated_at" from "student_profiles" "studentProfiles" where "studentProfiles"."user_id" = $1 limit $2 -- params: ["bd1fdd95-f1fb-4049-a60d-4b7261095e82", 1]
Query: select "userRoles"."user_id", "userRoles"."role_id", "userRoles"."assigned_at", "userRoles"."assigned_by", "userRoles_role"."data" as "role" from "user_roles" "userRoles" left join lateral (select json_build_array("userRoles_role"."id", "userRoles_role"."name", "userRoles_role"."description", "userRoles_role"."created_at") as "data" from (select * from "roles" "userRoles_role" where "userRoles_role"."id" = "userRoles"."role_id" limit $1) "userRoles_role") "userRoles_role" on true where "userRoles"."user_id" = $2 -- params: [1, "bd1fdd95-f1fb-4049-a60d-4b7261095e82"]
Query: select "user_id", "department", "specialization", "profile_picture", "contact_number", "date_of_birth", "gender", "address", "employee_id", "created_at", "updated_at" from "teacher_profiles" "teacherProfiles" where "teacherProfiles"."user_id" = $1 limit $2 -- params: ["bd1fdd95-f1fb-4049-a60d-4b7261095e82", 1]
2026-04-24 14:46:40 [34mdebug[39m [JwtStrategy] [JWT-STRAT] User lookup for bd1fdd95-f1fb-4049-a60d-4b7261095e82: found=true
2026-04-24 14:46:40 [34mdebug[39m [JwtAuthGuard] [AUTH-GUARD] Authorization header present: true
2026-04-24 14:46:40 [34mdebug[39m [JwtStrategy] [JWT-STRAT] Validating token for userId: bd1fdd95-f1fb-4049-a60d-4b7261095e82
Query: select "id", "email", "password", "first_name", "middle_name", "last_name", "account_status", "is_email_verified", "last_login_at", "created_at", "updated_at" from "users" "users" where "users"."id" = $1 limit $2 -- params: ["bd1fdd95-f1fb-4049-a60d-4b7261095e82", 1]
Query: select "user_id", "date_of_birth", "profile_picture", "gender", "phone", "address", "family_name", "family_relationship", "family_contact", "grade_level", "lrn", "created_at", "updated_at" from "student_profiles" "studentProfiles" where "studentProfiles"."user_id" = $1 limit $2 -- params: ["bd1fdd95-f1fb-4049-a60d-4b7261095e82", 1]
Query: select "userRoles"."user_id", "userRoles"."role_id", "userRoles"."assigned_at", "userRoles"."assigned_by", "userRoles_role"."data" as "role" from "user_roles" "userRoles" left join lateral (select json_build_array("userRoles_role"."id", "userRoles_role"."name", "userRoles_role"."description", "userRoles_role"."created_at") as "data" from (select * from "roles" "userRoles_role" where "userRoles_role"."id" = "userRoles"."role_id" limit $1) "userRoles_role") "userRoles_role" on true where "userRoles"."user_id" = $2 -- params: [1, "bd1fdd95-f1fb-4049-a60d-4b7261095e82"]
Query: select "user_id", "department", "specialization", "profile_picture", "contact_number", "date_of_birth", "gender", "address", "employee_id", "created_at", "updated_at" from "teacher_profiles" "teacherProfiles" where "teacherProfiles"."user_id" = $1 limit $2 -- params: ["bd1fdd95-f1fb-4049-a60d-4b7261095e82", 1]
2026-04-24 14:46:40 [34mdebug[39m [JwtStrategy] [JWT-STRAT] User lookup for bd1fdd95-f1fb-4049-a60d-4b7261095e82: found=true
2026-04-24 14:46:40 [34mdebug[39m [RolesGuard] [ROLES] Required: ["teacher","admin"] | User roles: ["teacher"] | Path: /api/ai/teacher/jobs/551795f4-0831-4ef4-974a-962cd3c596da
Query: select "id", "teacher_id" from "ai_generation_jobs" "aiGenerationJobs" where "aiGenerationJobs"."id" = $1 limit $2 -- params: ["551795f4-0831-4ef4-974a-962cd3c596da", 1]
2026-04-24 14:46:43 [34mdebug[39m [JwtAuthGuard] [AUTH-GUARD] Authorization header present: true
2026-04-24 14:46:43 [34mdebug[39m [JwtStrategy] [JWT-STRAT] Validating token for userId: bd1fdd95-f1fb-4049-a60d-4b7261095e82
Query: select "id", "email", "password", "first_name", "middle_name", "last_name", "account_status", "is_email_verified", "last_login_at", "created_at", "updated_at" from "users" "users" where "users"."id" = $1 limit $2 -- params: ["bd1fdd95-f1fb-4049-a60d-4b7261095e82", 1]
Query: select "user_id", "date_of_birth", "profile_picture", "gender", "phone", "address", "family_name", "family_relationship", "family_contact", "grade_level", "lrn", "created_at", "updated_at" from "student_profiles" "studentProfiles" where "studentProfiles"."user_id" = $1 limit $2 -- params: ["bd1fdd95-f1fb-4049-a60d-4b7261095e82", 1]
Query: select "userRoles"."user_id", "userRoles"."role_id", "userRoles"."assigned_at", "userRoles"."assigned_by", "userRoles_role"."data" as "role" from "user_roles" "userRoles" left join lateral (select json_build_array("userRoles_role"."id", "userRoles_role"."name", "userRoles_role"."description", "userRoles_role"."created_at") as "data" from (select * from "roles" "userRoles_role" where "userRoles_role"."id" = "userRoles"."role_id" limit $1) "userRoles_role") "userRoles_role" on true where "userRoles"."user_id" = $2 -- params: [1, "bd1fdd95-f1fb-4049-a60d-4b7261095e82"]
Query: select "user_id", "department", "specialization", "profile_picture", "contact_number", "date_of_birth", "gender", "address", "employee_id", "created_at", "updated_at" from "teacher_profiles" "teacherProfiles" where "teacherProfiles"."user_id" = $1 limit $2 -- params: ["bd1fdd95-f1fb-4049-a60d-4b7261095e82", 1]
2026-04-24 14:46:43 [34mdebug[39m [JwtStrategy] [JWT-STRAT] User lookup for bd1fdd95-f1fb-4049-a60d-4b7261095e82: found=true
2026-04-24 14:46:43 [34mdebug[39m [JwtAuthGuard] [AUTH-GUARD] Authorization header present: true
2026-04-24 14:46:43 [34mdebug[39m [JwtStrategy] [JWT-STRAT] Validating token for userId: bd1fdd95-f1fb-4049-a60d-4b7261095e82
Query: select "id", "email", "password", "first_name", "middle_name", "last_name", "account_status", "is_email_verified", "last_login_at", "created_at", "updated_at" from "users" "users" where "users"."id" = $1 limit $2 -- params: ["bd1fdd95-f1fb-4049-a60d-4b7261095e82", 1]
Query: select "user_id", "date_of_birth", "profile_picture", "gender", "phone", "address", "family_name", "family_relationship", "family_contact", "grade_level", "lrn", "created_at", "updated_at" from "student_profiles" "studentProfiles" where "studentProfiles"."user_id" = $1 limit $2 -- params: ["bd1fdd95-f1fb-4049-a60d-4b7261095e82", 1]
Query: select "userRoles"."user_id", "userRoles"."role_id", "userRoles"."assigned_at", "userRoles"."assigned_by", "userRoles_role"."data" as "role" from "user_roles" "userRoles" left join lateral (select json_build_array("userRoles_role"."id", "userRoles_role"."name", "userRoles_role"."description", "userRoles_role"."created_at") as "data" from (select * from "roles" "userRoles_role" where "userRoles_role"."id" = "userRoles"."role_id" limit $1) "userRoles_role") "userRoles_role" on true where "userRoles"."user_id" = $2 -- params: [1, "bd1fdd95-f1fb-4049-a60d-4b7261095e82"]
Query: select "user_id", "department", "specialization", "profile_picture", "contact_number", "date_of_birth", "gender", "address", "employee_id", "created_at", "updated_at" from "teacher_profiles" "teacherProfiles" where "teacherProfiles"."user_id" = $1 limit $2 -- params: ["bd1fdd95-f1fb-4049-a60d-4b7261095e82", 1]
2026-04-24 14:46:43 [34mdebug[39m [JwtStrategy] [JWT-STRAT] User lookup for bd1fdd95-f1fb-4049-a60d-4b7261095e82: found=true
2026-04-24 14:46:43 [34mdebug[39m [RolesGuard] [ROLES] Required: ["teacher","admin"] | User roles: ["teacher"] | Path: /api/ai/teacher/jobs/551795f4-0831-4ef4-974a-962cd3c596da
Query: select "id", "teacher_id" from "ai_generation_jobs" "aiGenerationJobs" where "aiGenerationJobs"."id" = $1 limit $2 -- params: ["551795f4-0831-4ef4-974a-962cd3c596da", 1]
2026-04-24 14:46:45 [34mdebug[39m [JwtAuthGuard] [AUTH-GUARD] Authorization header present: true
2026-04-24 14:46:45 [34mdebug[39m [JwtStrategy] [JWT-STRAT] Validating token for userId: bd1fdd95-f1fb-4049-a60d-4b7261095e82
Query: select "id", "email", "password", "first_name", "middle_name", "last_name", "account_status", "is_email_verified", "last_login_at", "created_at", "updated_at" from "users" "users" where "users"."id" = $1 limit $2 -- params: ["bd1fdd95-f1fb-4049-a60d-4b7261095e82", 1]
Query: select "user_id", "date_of_birth", "profile_picture", "gender", "phone", "address", "family_name", "family_relationship", "family_contact", "grade_level", "lrn", "created_at", "updated_at" from "student_profiles" "studentProfiles" where "studentProfiles"."user_id" = $1 limit $2 -- params: ["bd1fdd95-f1fb-4049-a60d-4b7261095e82", 1]
Query: select "userRoles"."user_id", "userRoles"."role_id", "userRoles"."assigned_at", "userRoles"."assigned_by", "userRoles_role"."data" as "role" from "user_roles" "userRoles" left join lateral (select json_build_array("userRoles_role"."id", "userRoles_role"."name", "userRoles_role"."description", "userRoles_role"."created_at") as "data" from (select * from "roles" "userRoles_role" where "userRoles_role"."id" = "userRoles"."role_id" limit $1) "userRoles_role") "userRoles_role" on true where "userRoles"."user_id" = $2 -- params: [1, "bd1fdd95-f1fb-4049-a60d-4b7261095e82"]
Query: select "user_id", "department", "specialization", "profile_picture", "contact_number", "date_of_birth", "gender", "address", "employee_id", "created_at", "updated_at" from "teacher_profiles" "teacherProfiles" where "teacherProfiles"."user_id" = $1 limit $2 -- params: ["bd1fdd95-f1fb-4049-a60d-4b7261095e82", 1]
2026-04-24 14:46:45 [34mdebug[39m [JwtStrategy] [JWT-STRAT] User lookup for bd1fdd95-f1fb-4049-a60d-4b7261095e82: found=true
2026-04-24 14:46:45 [34mdebug[39m [JwtAuthGuard] [AUTH-GUARD] Authorization header present: true
2026-04-24 14:46:45 [34mdebug[39m [JwtStrategy] [JWT-STRAT] Validating token for userId: bd1fdd95-f1fb-4049-a60d-4b7261095e82
Query: select "id", "email", "password", "first_name", "middle_name", "last_name", "account_status", "is_email_verified", "last_login_at", "created_at", "updated_at" from "users" "users" where "users"."id" = $1 limit $2 -- params: ["bd1fdd95-f1fb-4049-a60d-4b7261095e82", 1]
Query: select "user_id", "date_of_birth", "profile_picture", "gender", "phone", "address", "family_name", "family_relationship", "family_contact", "grade_level", "lrn", "created_at", "updated_at" from "student_profiles" "studentProfiles" where "studentProfiles"."user_id" = $1 limit $2 -- params: ["bd1fdd95-f1fb-4049-a60d-4b7261095e82", 1]
Query: select "userRoles"."user_id", "userRoles"."role_id", "userRoles"."assigned_at", "userRoles"."assigned_by", "userRoles_role"."data" as "role" from "user_roles" "userRoles" left join lateral (select json_build_array("userRoles_role"."id", "userRoles_role"."name", "userRoles_role"."description", "userRoles_role"."created_at") as "data" from (select * from "roles" "userRoles_role" where "userRoles_role"."id" = "userRoles"."role_id" limit $1) "userRoles_role") "userRoles_role" on true where "userRoles"."user_id" = $2 -- params: [1, "bd1fdd95-f1fb-4049-a60d-4b7261095e82"]
Query: select "user_id", "department", "specialization", "profile_picture", "contact_number", "date_of_birth", "gender", "address", "employee_id", "created_at", "updated_at" from "teacher_profiles" "teacherProfiles" where "teacherProfiles"."user_id" = $1 limit $2 -- params: ["bd1fdd95-f1fb-4049-a60d-4b7261095e82", 1]
2026-04-24 14:46:45 [34mdebug[39m [JwtStrategy] [JWT-STRAT] User lookup for bd1fdd95-f1fb-4049-a60d-4b7261095e82: found=true
2026-04-24 14:46:45 [34mdebug[39m [RolesGuard] [ROLES] Required: ["teacher","admin"] | User roles: ["teacher"] | Path: /api/ai/teacher/jobs/551795f4-0831-4ef4-974a-962cd3c596da
Query: select "id", "teacher_id" from "ai_generation_jobs" "aiGenerationJobs" where "aiGenerationJobs"."id" = $1 limit $2 -- params: ["551795f4-0831-4ef4-974a-962cd3c596da", 1]
2026-04-24 14:46:48 [34mdebug[39m [JwtAuthGuard] [AUTH-GUARD] Authorization header present: true
2026-04-24 14:46:48 [34mdebug[39m [JwtStrategy] [JWT-STRAT] Validating token for userId: bd1fdd95-f1fb-4049-a60d-4b7261095e82
Query: select "id", "email", "password", "first_name", "middle_name", "last_name", "account_status", "is_email_verified", "last_login_at", "created_at", "updated_at" from "users" "users" where "users"."id" = $1 limit $2 -- params: ["bd1fdd95-f1fb-4049-a60d-4b7261095e82", 1]
Query: select "user_id", "date_of_birth", "profile_picture", "gender", "phone", "address", "family_name", "family_relationship", "family_contact", "grade_level", "lrn", "created_at", "updated_at" from "student_profiles" "studentProfiles" where "studentProfiles"."user_id" = $1 limit $2 -- params: ["bd1fdd95-f1fb-4049-a60d-4b7261095e82", 1]
Query: select "userRoles"."user_id", "userRoles"."role_id", "userRoles"."assigned_at", "userRoles"."assigned_by", "userRoles_role"."data" as "role" from "user_roles" "userRoles" left join lateral (select json_build_array("userRoles_role"."id", "userRoles_role"."name", "userRoles_role"."description", "userRoles_role"."created_at") as "data" from (select * from "roles" "userRoles_role" where "userRoles_role"."id" = "userRoles"."role_id" limit $1) "userRoles_role") "userRoles_role" on true where "userRoles"."user_id" = $2 -- params: [1, "bd1fdd95-f1fb-4049-a60d-4b7261095e82"]
Query: select "user_id", "department", "specialization", "profile_picture", "contact_number", "date_of_birth", "gender", "address", "employee_id", "created_at", "updated_at" from "teacher_profiles" "teacherProfiles" where "teacherProfiles"."user_id" = $1 limit $2 -- params: ["bd1fdd95-f1fb-4049-a60d-4b7261095e82", 1]
2026-04-24 14:46:48 [34mdebug[39m [JwtStrategy] [JWT-STRAT] User lookup for bd1fdd95-f1fb-4049-a60d-4b7261095e82: found=true
2026-04-24 14:46:48 [34mdebug[39m [JwtAuthGuard] [AUTH-GUARD] Authorization header present: true
2026-04-24 14:46:48 [34mdebug[39m [JwtStrategy] [JWT-STRAT] Validating token for userId: bd1fdd95-f1fb-4049-a60d-4b7261095e82
Query: select "id", "email", "password", "first_name", "middle_name", "last_name", "account_status", "is_email_verified", "last_login_at", "created_at", "updated_at" from "users" "users" where "users"."id" = $1 limit $2 -- params: ["bd1fdd95-f1fb-4049-a60d-4b7261095e82", 1]
Query: select "user_id", "date_of_birth", "profile_picture", "gender", "phone", "address", "family_name", "family_relationship", "family_contact", "grade_level", "lrn", "created_at", "updated_at" from "student_profiles" "studentProfiles" where "studentProfiles"."user_id" = $1 limit $2 -- params: ["bd1fdd95-f1fb-4049-a60d-4b7261095e82", 1]
Query: select "userRoles"."user_id", "userRoles"."role_id", "userRoles"."assigned_at", "userRoles"."assigned_by", "userRoles_role"."data" as "role" from "user_roles" "userRoles" left join lateral (select json_build_array("userRoles_role"."id", "userRoles_role"."name", "userRoles_role"."description", "userRoles_role"."created_at") as "data" from (select * from "roles" "userRoles_role" where "userRoles_role"."id" = "userRoles"."role_id" limit $1) "userRoles_role") "userRoles_role" on true where "userRoles"."user_id" = $2 -- params: [1, "bd1fdd95-f1fb-4049-a60d-4b7261095e82"]
Query: select "user_id", "department", "specialization", "profile_picture", "contact_number", "date_of_birth", "gender", "address", "employee_id", "created_at", "updated_at" from "teacher_profiles" "teacherProfiles" where "teacherProfiles"."user_id" = $1 limit $2 -- params: ["bd1fdd95-f1fb-4049-a60d-4b7261095e82", 1]
2026-04-24 14:46:48 [34mdebug[39m [JwtStrategy] [JWT-STRAT] User lookup for bd1fdd95-f1fb-4049-a60d-4b7261095e82: found=true
2026-04-24 14:46:48 [34mdebug[39m [RolesGuard] [ROLES] Required: ["teacher","admin"] | User roles: ["teacher"] | Path: /api/ai/teacher/jobs/551795f4-0831-4ef4-974a-962cd3c596da
Query: select "id", "teacher_id" from "ai_generation_jobs" "aiGenerationJobs" where "aiGenerationJobs"."id" = $1 limit $2 -- params: ["551795f4-0831-4ef4-974a-962cd3c596da", 1]
2026-04-24 14:46:50 [34mdebug[39m [JwtAuthGuard] [AUTH-GUARD] Authorization header present: true
2026-04-24 14:46:50 [34mdebug[39m [JwtStrategy] [JWT-STRAT] Validating token for userId: bd1fdd95-f1fb-4049-a60d-4b7261095e82
Query: select "id", "email", "password", "first_name", "middle_name", "last_name", "account_status", "is_email_verified", "last_login_at", "created_at", "updated_at" from "users" "users" where "users"."id" = $1 limit $2 -- params: ["bd1fdd95-f1fb-4049-a60d-4b7261095e82", 1]
Query: select "user_id", "date_of_birth", "profile_picture", "gender", "phone", "address", "family_name", "family_relationship", "family_contact", "grade_level", "lrn", "created_at", "updated_at" from "student_profiles" "studentProfiles" where "studentProfiles"."user_id" = $1 limit $2 -- params: ["bd1fdd95-f1fb-4049-a60d-4b7261095e82", 1]
Query: select "userRoles"."user_id", "userRoles"."role_id", "userRoles"."assigned_at", "userRoles"."assigned_by", "userRoles_role"."data" as "role" from "user_roles" "userRoles" left join lateral (select json_build_array("userRoles_role"."id", "userRoles_role"."name", "userRoles_role"."description", "userRoles_role"."created_at") as "data" from (select * from "roles" "userRoles_role" where "userRoles_role"."id" = "userRoles"."role_id" limit $1) "userRoles_role") "userRoles_role" on true where "userRoles"."user_id" = $2 -- params: [1, "bd1fdd95-f1fb-4049-a60d-4b7261095e82"]
Query: select "user_id", "department", "specialization", "profile_picture", "contact_number", "date_of_birth", "gender", "address", "employee_id", "created_at", "updated_at" from "teacher_profiles" "teacherProfiles" where "teacherProfiles"."user_id" = $1 limit $2 -- params: ["bd1fdd95-f1fb-4049-a60d-4b7261095e82", 1]
2026-04-24 14:46:50 [34mdebug[39m [JwtStrategy] [JWT-STRAT] User lookup for bd1fdd95-f1fb-4049-a60d-4b7261095e82: found=true
2026-04-24 14:46:50 [34mdebug[39m [JwtAuthGuard] [AUTH-GUARD] Authorization header present: true
2026-04-24 14:46:50 [34mdebug[39m [JwtStrategy] [JWT-STRAT] Validating token for userId: bd1fdd95-f1fb-4049-a60d-4b7261095e82
Query: select "id", "email", "password", "first_name", "middle_name", "last_name", "account_status", "is_email_verified", "last_login_at", "created_at", "updated_at" from "users" "users" where "users"."id" = $1 limit $2 -- params: ["bd1fdd95-f1fb-4049-a60d-4b7261095e82", 1]
Query: select "user_id", "date_of_birth", "profile_picture", "gender", "phone", "address", "family_name", "family_relationship", "family_contact", "grade_level", "lrn", "created_at", "updated_at" from "student_profiles" "studentProfiles" where "studentProfiles"."user_id" = $1 limit $2 -- params: ["bd1fdd95-f1fb-4049-a60d-4b7261095e82", 1]
Query: select "userRoles"."user_id", "userRoles"."role_id", "userRoles"."assigned_at", "userRoles"."assigned_by", "userRoles_role"."data" as "role" from "user_roles" "userRoles" left join lateral (select json_build_array("userRoles_role"."id", "userRoles_role"."name", "userRoles_role"."description", "userRoles_role"."created_at") as "data" from (select * from "roles" "userRoles_role" where "userRoles_role"."id" = "userRoles"."role_id" limit $1) "userRoles_role") "userRoles_role" on true where "userRoles"."user_id" = $2 -- params: [1, "bd1fdd95-f1fb-4049-a60d-4b7261095e82"]
Query: select "user_id", "department", "specialization", "profile_picture", "contact_number", "date_of_birth", "gender", "address", "employee_id", "created_at", "updated_at" from "teacher_profiles" "teacherProfiles" where "teacherProfiles"."user_id" = $1 limit $2 -- params: ["bd1fdd95-f1fb-4049-a60d-4b7261095e82", 1]
2026-04-24 14:46:50 [34mdebug[39m [JwtStrategy] [JWT-STRAT] User lookup for bd1fdd95-f1fb-4049-a60d-4b7261095e82: found=true
2026-04-24 14:46:50 [34mdebug[39m [RolesGuard] [ROLES] Required: ["teacher","admin"] | User roles: ["teacher"] | Path: /api/ai/teacher/jobs/551795f4-0831-4ef4-974a-962cd3c596da
Query: select "id", "teacher_id" from "ai_generation_jobs" "aiGenerationJobs" where "aiGenerationJobs"."id" = $1 limit $2 -- params: ["551795f4-0831-4ef4-974a-962cd3c596da", 1]
2026-04-24 14:46:53 [34mdebug[39m [JwtAuthGuard] [AUTH-GUARD] Authorization header present: true
2026-04-24 14:46:53 [34mdebug[39m [JwtStrategy] [JWT-STRAT] Validating token for userId: bd1fdd95-f1fb-4049-a60d-4b7261095e82
Query: select "id", "email", "password", "first_name", "middle_name", "last_name", "account_status", "is_email_verified", "last_login_at", "created_at", "updated_at" from "users" "users" where "users"."id" = $1 limit $2 -- params: ["bd1fdd95-f1fb-4049-a60d-4b7261095e82", 1]
Query: select "user_id", "date_of_birth", "profile_picture", "gender", "phone", "address", "family_name", "family_relationship", "family_contact", "grade_level", "lrn", "created_at", "updated_at" from "student_profiles" "studentProfiles" where "studentProfiles"."user_id" = $1 limit $2 -- params: ["bd1fdd95-f1fb-4049-a60d-4b7261095e82", 1]
Query: select "userRoles"."user_id", "userRoles"."role_id", "userRoles"."assigned_at", "userRoles"."assigned_by", "userRoles_role"."data" as "role" from "user_roles" "userRoles" left join lateral (select json_build_array("userRoles_role"."id", "userRoles_role"."name", "userRoles_role"."description", "userRoles_role"."created_at") as "data" from (select * from "roles" "userRoles_role" where "userRoles_role"."id" = "userRoles"."role_id" limit $1) "userRoles_role") "userRoles_role" on true where "userRoles"."user_id" = $2 -- params: [1, "bd1fdd95-f1fb-4049-a60d-4b7261095e82"]
Query: select "user_id", "department", "specialization", "profile_picture", "contact_number", "date_of_birth", "gender", "address", "employee_id", "created_at", "updated_at" from "teacher_profiles" "teacherProfiles" where "teacherProfiles"."user_id" = $1 limit $2 -- params: ["bd1fdd95-f1fb-4049-a60d-4b7261095e82", 1]
2026-04-24 14:46:53 [34mdebug[39m [JwtStrategy] [JWT-STRAT] User lookup for bd1fdd95-f1fb-4049-a60d-4b7261095e82: found=true
2026-04-24 14:46:53 [34mdebug[39m [JwtAuthGuard] [AUTH-GUARD] Authorization header present: true
2026-04-24 14:46:53 [34mdebug[39m [JwtStrategy] [JWT-STRAT] Validating token for userId: bd1fdd95-f1fb-4049-a60d-4b7261095e82
Query: select "id", "email", "password", "first_name", "middle_name", "last_name", "account_status", "is_email_verified", "last_login_at", "created_at", "updated_at" from "users" "users" where "users"."id" = $1 limit $2 -- params: ["bd1fdd95-f1fb-4049-a60d-4b7261095e82", 1]
Query: select "user_id", "date_of_birth", "profile_picture", "gender", "phone", "address", "family_name", "family_relationship", "family_contact", "grade_level", "lrn", "created_at", "updated_at" from "student_profiles" "studentProfiles" where "studentProfiles"."user_id" = $1 limit $2 -- params: ["bd1fdd95-f1fb-4049-a60d-4b7261095e82", 1]
Query: select "userRoles"."user_id", "userRoles"."role_id", "userRoles"."assigned_at", "userRoles"."assigned_by", "userRoles_role"."data" as "role" from "user_roles" "userRoles" left join lateral (select json_build_array("userRoles_role"."id", "userRoles_role"."name", "userRoles_role"."description", "userRoles_role"."created_at") as "data" from (select * from "roles" "userRoles_role" where "userRoles_role"."id" = "userRoles"."role_id" limit $1) "userRoles_role") "userRoles_role" on true where "userRoles"."user_id" = $2 -- params: [1, "bd1fdd95-f1fb-4049-a60d-4b7261095e82"]
Query: select "user_id", "department", "specialization", "profile_picture", "contact_number", "date_of_birth", "gender", "address", "employee_id", "created_at", "updated_at" from "teacher_profiles" "teacherProfiles" where "teacherProfiles"."user_id" = $1 limit $2 -- params: ["bd1fdd95-f1fb-4049-a60d-4b7261095e82", 1]
2026-04-24 14:46:53 [34mdebug[39m [JwtStrategy] [JWT-STRAT] User lookup for bd1fdd95-f1fb-4049-a60d-4b7261095e82: found=true
2026-04-24 14:46:53 [34mdebug[39m [RolesGuard] [ROLES] Required: ["teacher","admin"] | User roles: ["teacher"] | Path: /api/ai/teacher/jobs/551795f4-0831-4ef4-974a-962cd3c596da
Query: select "id", "teacher_id" from "ai_generation_jobs" "aiGenerationJobs" where "aiGenerationJobs"."id" = $1 limit $2 -- params: ["551795f4-0831-4ef4-974a-962cd3c596da", 1]
2026-04-24 14:46:55 [34mdebug[39m [JwtAuthGuard] [AUTH-GUARD] Authorization header present: true
2026-04-24 14:46:55 [34mdebug[39m [JwtStrategy] [JWT-STRAT] Validating token for userId: bd1fdd95-f1fb-4049-a60d-4b7261095e82
Query: select "id", "email", "password", "first_name", "middle_name", "last_name", "account_status", "is_email_verified", "last_login_at", "created_at", "updated_at" from "users" "users" where "users"."id" = $1 limit $2 -- params: ["bd1fdd95-f1fb-4049-a60d-4b7261095e82", 1]
Query: select "user_id", "date_of_birth", "profile_picture", "gender", "phone", "address", "family_name", "family_relationship", "family_contact", "grade_level", "lrn", "created_at", "updated_at" from "student_profiles" "studentProfiles" where "studentProfiles"."user_id" = $1 limit $2 -- params: ["bd1fdd95-f1fb-4049-a60d-4b7261095e82", 1]
Query: select "userRoles"."user_id", "userRoles"."role_id", "userRoles"."assigned_at", "userRoles"."assigned_by", "userRoles_role"."data" as "role" from "user_roles" "userRoles" left join lateral (select json_build_array("userRoles_role"."id", "userRoles_role"."name", "userRoles_role"."description", "userRoles_role"."created_at") as "data" from (select * from "roles" "userRoles_role" where "userRoles_role"."id" = "userRoles"."role_id" limit $1) "userRoles_role") "userRoles_role" on true where "userRoles"."user_id" = $2 -- params: [1, "bd1fdd95-f1fb-4049-a60d-4b7261095e82"]
Query: select "user_id", "department", "specialization", "profile_picture", "contact_number", "date_of_birth", "gender", "address", "employee_id", "created_at", "updated_at" from "teacher_profiles" "teacherProfiles" where "teacherProfiles"."user_id" = $1 limit $2 -- params: ["bd1fdd95-f1fb-4049-a60d-4b7261095e82", 1]
2026-04-24 14:46:55 [34mdebug[39m [JwtStrategy] [JWT-STRAT] User lookup for bd1fdd95-f1fb-4049-a60d-4b7261095e82: found=true
2026-04-24 14:46:55 [34mdebug[39m [JwtAuthGuard] [AUTH-GUARD] Authorization header present: true
2026-04-24 14:46:55 [34mdebug[39m [JwtStrategy] [JWT-STRAT] Validating token for userId: bd1fdd95-f1fb-4049-a60d-4b7261095e82
Query: select "id", "email", "password", "first_name", "middle_name", "last_name", "account_status", "is_email_verified", "last_login_at", "created_at", "updated_at" from "users" "users" where "users"."id" = $1 limit $2 -- params: ["bd1fdd95-f1fb-4049-a60d-4b7261095e82", 1]
Query: select "user_id", "date_of_birth", "profile_picture", "gender", "phone", "address", "family_name", "family_relationship", "family_contact", "grade_level", "lrn", "created_at", "updated_at" from "student_profiles" "studentProfiles" where "studentProfiles"."user_id" = $1 limit $2 -- params: ["bd1fdd95-f1fb-4049-a60d-4b7261095e82", 1]
Query: select "userRoles"."user_id", "userRoles"."role_id", "userRoles"."assigned_at", "userRoles"."assigned_by", "userRoles_role"."data" as "role" from "user_roles" "userRoles" left join lateral (select json_build_array("userRoles_role"."id", "userRoles_role"."name", "userRoles_role"."description", "userRoles_role"."created_at") as "data" from (select * from "roles" "userRoles_role" where "userRoles_role"."id" = "userRoles"."role_id" limit $1) "userRoles_role") "userRoles_role" on true where "userRoles"."user_id" = $2 -- params: [1, "bd1fdd95-f1fb-4049-a60d-4b7261095e82"]
Query: select "user_id", "department", "specialization", "profile_picture", "contact_number", "date_of_birth", "gender", "address", "employee_id", "created_at", "updated_at" from "teacher_profiles" "teacherProfiles" where "teacherProfiles"."user_id" = $1 limit $2 -- params: ["bd1fdd95-f1fb-4049-a60d-4b7261095e82", 1]
2026-04-24 14:46:55 [34mdebug[39m [JwtStrategy] [JWT-STRAT] User lookup for bd1fdd95-f1fb-4049-a60d-4b7261095e82: found=true
2026-04-24 14:46:55 [34mdebug[39m [RolesGuard] [ROLES] Required: ["teacher","admin"] | User roles: ["teacher"] | Path: /api/ai/teacher/jobs/551795f4-0831-4ef4-974a-962cd3c596da
Query: select "id", "teacher_id" from "ai_generation_jobs" "aiGenerationJobs" where "aiGenerationJobs"."id" = $1 limit $2 -- params: ["551795f4-0831-4ef4-974a-962cd3c596da", 1]
2026-04-24 14:46:58 [34mdebug[39m [JwtAuthGuard] [AUTH-GUARD] Authorization header present: true
2026-04-24 14:46:58 [34mdebug[39m [JwtStrategy] [JWT-STRAT] Validating token for userId: bd1fdd95-f1fb-4049-a60d-4b7261095e82
Query: select "id", "email", "password", "first_name", "middle_name", "last_name", "account_status", "is_email_verified", "last_login_at", "created_at", "updated_at" from "users" "users" where "users"."id" = $1 limit $2 -- params: ["bd1fdd95-f1fb-4049-a60d-4b7261095e82", 1]
Query: select "user_id", "date_of_birth", "profile_picture", "gender", "phone", "address", "family_name", "family_relationship", "family_contact", "grade_level", "lrn", "created_at", "updated_at" from "student_profiles" "studentProfiles" where "studentProfiles"."user_id" = $1 limit $2 -- params: ["bd1fdd95-f1fb-4049-a60d-4b7261095e82", 1]
Query: select "userRoles"."user_id", "userRoles"."role_id", "userRoles"."assigned_at", "userRoles"."assigned_by", "userRoles_role"."data" as "role" from "user_roles" "userRoles" left join lateral (select json_build_array("userRoles_role"."id", "userRoles_role"."name", "userRoles_role"."description", "userRoles_role"."created_at") as "data" from (select * from "roles" "userRoles_role" where "userRoles_role"."id" = "userRoles"."role_id" limit $1) "userRoles_role") "userRoles_role" on true where "userRoles"."user_id" = $2 -- params: [1, "bd1fdd95-f1fb-4049-a60d-4b7261095e82"]
Query: select "user_id", "department", "specialization", "profile_picture", "contact_number", "date_of_birth", "gender", "address", "employee_id", "created_at", "updated_at" from "teacher_profiles" "teacherProfiles" where "teacherProfiles"."user_id" = $1 limit $2 -- params: ["bd1fdd95-f1fb-4049-a60d-4b7261095e82", 1]
2026-04-24 14:46:58 [34mdebug[39m [JwtStrategy] [JWT-STRAT] User lookup for bd1fdd95-f1fb-4049-a60d-4b7261095e82: found=true
2026-04-24 14:46:58 [34mdebug[39m [JwtAuthGuard] [AUTH-GUARD] Authorization header present: true
2026-04-24 14:46:58 [34mdebug[39m [JwtStrategy] [JWT-STRAT] Validating token for userId: bd1fdd95-f1fb-4049-a60d-4b7261095e82
Query: select "id", "email", "password", "first_name", "middle_name", "last_name", "account_status", "is_email_verified", "last_login_at", "created_at", "updated_at" from "users" "users" where "users"."id" = $1 limit $2 -- params: ["bd1fdd95-f1fb-4049-a60d-4b7261095e82", 1]
Query: select "user_id", "date_of_birth", "profile_picture", "gender", "phone", "address", "family_name", "family_relationship", "family_contact", "grade_level", "lrn", "created_at", "updated_at" from "student_profiles" "studentProfiles" where "studentProfiles"."user_id" = $1 limit $2 -- params: ["bd1fdd95-f1fb-4049-a60d-4b7261095e82", 1]
Query: select "userRoles"."user_id", "userRoles"."role_id", "userRoles"."assigned_at", "userRoles"."assigned_by", "userRoles_role"."data" as "role" from "user_roles" "userRoles" left join lateral (select json_build_array("userRoles_role"."id", "userRoles_role"."name", "userRoles_role"."description", "userRoles_role"."created_at") as "data" from (select * from "roles" "userRoles_role" where "userRoles_role"."id" = "userRoles"."role_id" limit $1) "userRoles_role") "userRoles_role" on true where "userRoles"."user_id" = $2 -- params: [1, "bd1fdd95-f1fb-4049-a60d-4b7261095e82"]
Query: select "user_id", "department", "specialization", "profile_picture", "contact_number", "date_of_birth", "gender", "address", "employee_id", "created_at", "updated_at" from "teacher_profiles" "teacherProfiles" where "teacherProfiles"."user_id" = $1 limit $2 -- params: ["bd1fdd95-f1fb-4049-a60d-4b7261095e82", 1]
2026-04-24 14:46:58 [34mdebug[39m [JwtStrategy] [JWT-STRAT] User lookup for bd1fdd95-f1fb-4049-a60d-4b7261095e82: found=true
2026-04-24 14:46:58 [34mdebug[39m [RolesGuard] [ROLES] Required: ["teacher","admin"] | User roles: ["teacher"] | Path: /api/ai/teacher/jobs/551795f4-0831-4ef4-974a-962cd3c596da
Query: select "id", "teacher_id" from "ai_generation_jobs" "aiGenerationJobs" where "aiGenerationJobs"."id" = $1 limit $2 -- params: ["551795f4-0831-4ef4-974a-962cd3c596da", 1]
2026-04-24 14:47:00 [34mdebug[39m [AnnouncementsScheduler] Checking for due scheduled announcements...
Query: select "id", "class_id", "author_id", "title", "content", "is_pinned", "is_visible", "is_core_template_asset", "template_id", "template_source_id", "scheduled_at", "published_at", "archived_at", "created_at", "updated_at" from "announcements" "announcements" where ("announcements"."published_at" is null and "announcements"."archived_at" is null and "announcements"."scheduled_at" <= $1) -- params: ["2026-04-24T06:47:00.017Z"]
2026-04-24 14:47:00 [34mdebug[39m [JwtAuthGuard] [AUTH-GUARD] Authorization header present: true
2026-04-24 14:47:00 [34mdebug[39m [JwtStrategy] [JWT-STRAT] Validating token for userId: bd1fdd95-f1fb-4049-a60d-4b7261095e82
Query: select "id", "email", "password", "first_name", "middle_name", "last_name", "account_status", "is_email_verified", "last_login_at", "created_at", "updated_at" from "users" "users" where "users"."id" = $1 limit $2 -- params: ["bd1fdd95-f1fb-4049-a60d-4b7261095e82", 1]
Query: select "user_id", "date_of_birth", "profile_picture", "gender", "phone", "address", "family_name", "family_relationship", "family_contact", "grade_level", "lrn", "created_at", "updated_at" from "student_profiles" "studentProfiles" where "studentProfiles"."user_id" = $1 limit $2 -- params: ["bd1fdd95-f1fb-4049-a60d-4b7261095e82", 1]
Query: select "userRoles"."user_id", "userRoles"."role_id", "userRoles"."assigned_at", "userRoles"."assigned_by", "userRoles_role"."data" as "role" from "user_roles" "userRoles" left join lateral (select json_build_array("userRoles_role"."id", "userRoles_role"."name", "userRoles_role"."description", "userRoles_role"."created_at") as "data" from (select * from "roles" "userRoles_role" where "userRoles_role"."id" = "userRoles"."role_id" limit $1) "userRoles_role") "userRoles_role" on true where "userRoles"."user_id" = $2 -- params: [1, "bd1fdd95-f1fb-4049-a60d-4b7261095e82"]
Query: select "user_id", "department", "specialization", "profile_picture", "contact_number", "date_of_birth", "gender", "address", "employee_id", "created_at", "updated_at" from "teacher_profiles" "teacherProfiles" where "teacherProfiles"."user_id" = $1 limit $2 -- params: ["bd1fdd95-f1fb-4049-a60d-4b7261095e82", 1]
2026-04-24 14:47:00 [34mdebug[39m [JwtStrategy] [JWT-STRAT] User lookup for bd1fdd95-f1fb-4049-a60d-4b7261095e82: found=true
2026-04-24 14:47:00 [34mdebug[39m [JwtAuthGuard] [AUTH-GUARD] Authorization header present: true
2026-04-24 14:47:00 [34mdebug[39m [JwtStrategy] [JWT-STRAT] Validating token for userId: bd1fdd95-f1fb-4049-a60d-4b7261095e82
Query: select "id", "email", "password", "first_name", "middle_name", "last_name", "account_status", "is_email_verified", "last_login_at", "created_at", "updated_at" from "users" "users" where "users"."id" = $1 limit $2 -- params: ["bd1fdd95-f1fb-4049-a60d-4b7261095e82", 1]
Query: select "user_id", "date_of_birth", "profile_picture", "gender", "phone", "address", "family_name", "family_relationship", "family_contact", "grade_level", "lrn", "created_at", "updated_at" from "student_profiles" "studentProfiles" where "studentProfiles"."user_id" = $1 limit $2 -- params: ["bd1fdd95-f1fb-4049-a60d-4b7261095e82", 1]
Query: select "userRoles"."user_id", "userRoles"."role_id", "userRoles"."assigned_at", "userRoles"."assigned_by", "userRoles_role"."data" as "role" from "user_roles" "userRoles" left join lateral (select json_build_array("userRoles_role"."id", "userRoles_role"."name", "userRoles_role"."description", "userRoles_role"."created_at") as "data" from (select * from "roles" "userRoles_role" where "userRoles_role"."id" = "userRoles"."role_id" limit $1) "userRoles_role") "userRoles_role" on true where "userRoles"."user_id" = $2 -- params: [1, "bd1fdd95-f1fb-4049-a60d-4b7261095e82"]
Query: select "user_id", "department", "specialization", "profile_picture", "contact_number", "date_of_birth", "gender", "address", "employee_id", "created_at", "updated_at" from "teacher_profiles" "teacherProfiles" where "teacherProfiles"."user_id" = $1 limit $2 -- params: ["bd1fdd95-f1fb-4049-a60d-4b7261095e82", 1]
2026-04-24 14:47:00 [34mdebug[39m [JwtStrategy] [JWT-STRAT] User lookup for bd1fdd95-f1fb-4049-a60d-4b7261095e82: found=true
2026-04-24 14:47:00 [34mdebug[39m [RolesGuard] [ROLES] Required: ["teacher","admin"] | User roles: ["teacher"] | Path: /api/ai/teacher/jobs/551795f4-0831-4ef4-974a-962cd3c596da
Query: select "id", "teacher_id" from "ai_generation_jobs" "aiGenerationJobs" where "aiGenerationJobs"."id" = $1 limit $2 -- params: ["551795f4-0831-4ef4-974a-962cd3c596da", 1]
2026-04-24 14:47:03 [34mdebug[39m [JwtAuthGuard] [AUTH-GUARD] Authorization header present: true
2026-04-24 14:47:03 [34mdebug[39m [JwtStrategy] [JWT-STRAT] Validating token for userId: bd1fdd95-f1fb-4049-a60d-4b7261095e82
Query: select "id", "email", "password", "first_name", "middle_name", "last_name", "account_status", "is_email_verified", "last_login_at", "created_at", "updated_at" from "users" "users" where "users"."id" = $1 limit $2 -- params: ["bd1fdd95-f1fb-4049-a60d-4b7261095e82", 1]
Query: select "user_id", "date_of_birth", "profile_picture", "gender", "phone", "address", "family_name", "family_relationship", "family_contact", "grade_level", "lrn", "created_at", "updated_at" from "student_profiles" "studentProfiles" where "studentProfiles"."user_id" = $1 limit $2 -- params: ["bd1fdd95-f1fb-4049-a60d-4b7261095e82", 1]
Query: select "userRoles"."user_id", "userRoles"."role_id", "userRoles"."assigned_at", "userRoles"."assigned_by", "userRoles_role"."data" as "role" from "user_roles" "userRoles" left join lateral (select json_build_array("userRoles_role"."id", "userRoles_role"."name", "userRoles_role"."description", "userRoles_role"."created_at") as "data" from (select * from "roles" "userRoles_role" where "userRoles_role"."id" = "userRoles"."role_id" limit $1) "userRoles_role") "userRoles_role" on true where "userRoles"."user_id" = $2 -- params: [1, "bd1fdd95-f1fb-4049-a60d-4b7261095e82"]
Query: select "user_id", "department", "specialization", "profile_picture", "contact_number", "date_of_birth", "gender", "address", "employee_id", "created_at", "updated_at" from "teacher_profiles" "teacherProfiles" where "teacherProfiles"."user_id" = $1 limit $2 -- params: ["bd1fdd95-f1fb-4049-a60d-4b7261095e82", 1]
2026-04-24 14:47:03 [34mdebug[39m [JwtStrategy] [JWT-STRAT] User lookup for bd1fdd95-f1fb-4049-a60d-4b7261095e82: found=true
2026-04-24 14:47:03 [34mdebug[39m [JwtAuthGuard] [AUTH-GUARD] Authorization header present: true
2026-04-24 14:47:03 [34mdebug[39m [JwtStrategy] [JWT-STRAT] Validating token for userId: bd1fdd95-f1fb-4049-a60d-4b7261095e82
Query: select "id", "email", "password", "first_name", "middle_name", "last_name", "account_status", "is_email_verified", "last_login_at", "created_at", "updated_at" from "users" "users" where "users"."id" = $1 limit $2 -- params: ["bd1fdd95-f1fb-4049-a60d-4b7261095e82", 1]
Query: select "user_id", "date_of_birth", "profile_picture", "gender", "phone", "address", "family_name", "family_relationship", "family_contact", "grade_level", "lrn", "created_at", "updated_at" from "student_profiles" "studentProfiles" where "studentProfiles"."user_id" = $1 limit $2 -- params: ["bd1fdd95-f1fb-4049-a60d-4b7261095e82", 1]
Query: select "userRoles"."user_id", "userRoles"."role_id", "userRoles"."assigned_at", "userRoles"."assigned_by", "userRoles_role"."data" as "role" from "user_roles" "userRoles" left join lateral (select json_build_array("userRoles_role"."id", "userRoles_role"."name", "userRoles_role"."description", "userRoles_role"."created_at") as "data" from (select * from "roles" "userRoles_role" where "userRoles_role"."id" = "userRoles"."role_id" limit $1) "userRoles_role") "userRoles_role" on true where "userRoles"."user_id" = $2 -- params: [1, "bd1fdd95-f1fb-4049-a60d-4b7261095e82"]
Query: select "user_id", "department", "specialization", "profile_picture", "contact_number", "date_of_birth", "gender", "address", "employee_id", "created_at", "updated_at" from "teacher_profiles" "teacherProfiles" where "teacherProfiles"."user_id" = $1 limit $2 -- params: ["bd1fdd95-f1fb-4049-a60d-4b7261095e82", 1]
2026-04-24 14:47:03 [34mdebug[39m [JwtStrategy] [JWT-STRAT] User lookup for bd1fdd95-f1fb-4049-a60d-4b7261095e82: found=true
2026-04-24 14:47:03 [34mdebug[39m [RolesGuard] [ROLES] Required: ["teacher","admin"] | User roles: ["teacher"] | Path: /api/ai/teacher/jobs/551795f4-0831-4ef4-974a-962cd3c596da
Query: select "id", "teacher_id" from "ai_generation_jobs" "aiGenerationJobs" where "aiGenerationJobs"."id" = $1 limit $2 -- params: ["551795f4-0831-4ef4-974a-962cd3c596da", 1]
2026-04-24 14:47:05 [34mdebug[39m [JwtAuthGuard] [AUTH-GUARD] Authorization header present: true
2026-04-24 14:47:05 [34mdebug[39m [JwtStrategy] [JWT-STRAT] Validating token for userId: bd1fdd95-f1fb-4049-a60d-4b7261095e82
Query: select "id", "email", "password", "first_name", "middle_name", "last_name", "account_status", "is_email_verified", "last_login_at", "created_at", "updated_at" from "users" "users" where "users"."id" = $1 limit $2 -- params: ["bd1fdd95-f1fb-4049-a60d-4b7261095e82", 1]
Query: select "user_id", "date_of_birth", "profile_picture", "gender", "phone", "address", "family_name", "family_relationship", "family_contact", "grade_level", "lrn", "created_at", "updated_at" from "student_profiles" "studentProfiles" where "studentProfiles"."user_id" = $1 limit $2 -- params: ["bd1fdd95-f1fb-4049-a60d-4b7261095e82", 1]
Query: select "userRoles"."user_id", "userRoles"."role_id", "userRoles"."assigned_at", "userRoles"."assigned_by", "userRoles_role"."data" as "role" from "user_roles" "userRoles" left join lateral (select json_build_array("userRoles_role"."id", "userRoles_role"."name", "userRoles_role"."description", "userRoles_role"."created_at") as "data" from (select * from "roles" "userRoles_role" where "userRoles_role"."id" = "userRoles"."role_id" limit $1) "userRoles_role") "userRoles_role" on true where "userRoles"."user_id" = $2 -- params: [1, "bd1fdd95-f1fb-4049-a60d-4b7261095e82"]
Query: select "user_id", "department", "specialization", "profile_picture", "contact_number", "date_of_birth", "gender", "address", "employee_id", "created_at", "updated_at" from "teacher_profiles" "teacherProfiles" where "teacherProfiles"."user_id" = $1 limit $2 -- params: ["bd1fdd95-f1fb-4049-a60d-4b7261095e82", 1]
2026-04-24 14:47:05 [34mdebug[39m [JwtStrategy] [JWT-STRAT] User lookup for bd1fdd95-f1fb-4049-a60d-4b7261095e82: found=true
2026-04-24 14:47:05 [34mdebug[39m [JwtAuthGuard] [AUTH-GUARD] Authorization header present: true
2026-04-24 14:47:05 [34mdebug[39m [JwtStrategy] [JWT-STRAT] Validating token for userId: bd1fdd95-f1fb-4049-a60d-4b7261095e82
Query: select "id", "email", "password", "first_name", "middle_name", "last_name", "account_status", "is_email_verified", "last_login_at", "created_at", "updated_at" from "users" "users" where "users"."id" = $1 limit $2 -- params: ["bd1fdd95-f1fb-4049-a60d-4b7261095e82", 1]
Query: select "user_id", "date_of_birth", "profile_picture", "gender", "phone", "address", "family_name", "family_relationship", "family_contact", "grade_level", "lrn", "created_at", "updated_at" from "student_profiles" "studentProfiles" where "studentProfiles"."user_id" = $1 limit $2 -- params: ["bd1fdd95-f1fb-4049-a60d-4b7261095e82", 1]
Query: select "userRoles"."user_id", "userRoles"."role_id", "userRoles"."assigned_at", "userRoles"."assigned_by", "userRoles_role"."data" as "role" from "user_roles" "userRoles" left join lateral (select json_build_array("userRoles_role"."id", "userRoles_role"."name", "userRoles_role"."description", "userRoles_role"."created_at") as "data" from (select * from "roles" "userRoles_role" where "userRoles_role"."id" = "userRoles"."role_id" limit $1) "userRoles_role") "userRoles_role" on true where "userRoles"."user_id" = $2 -- params: [1, "bd1fdd95-f1fb-4049-a60d-4b7261095e82"]
Query: select "user_id", "department", "specialization", "profile_picture", "contact_number", "date_of_birth", "gender", "address", "employee_id", "created_at", "updated_at" from "teacher_profiles" "teacherProfiles" where "teacherProfiles"."user_id" = $1 limit $2 -- params: ["bd1fdd95-f1fb-4049-a60d-4b7261095e82", 1]
2026-04-24 14:47:05 [34mdebug[39m [JwtStrategy] [JWT-STRAT] User lookup for bd1fdd95-f1fb-4049-a60d-4b7261095e82: found=true
2026-04-24 14:47:05 [34mdebug[39m [RolesGuard] [ROLES] Required: ["teacher","admin"] | User roles: ["teacher"] | Path: /api/ai/teacher/jobs/551795f4-0831-4ef4-974a-962cd3c596da
Query: select "id", "teacher_id" from "ai_generation_jobs" "aiGenerationJobs" where "aiGenerationJobs"."id" = $1 limit $2 -- params: ["551795f4-0831-4ef4-974a-962cd3c596da", 1]
2026-04-24 14:47:08 [34mdebug[39m [JwtAuthGuard] [AUTH-GUARD] Authorization header present: true
2026-04-24 14:47:08 [34mdebug[39m [JwtStrategy] [JWT-STRAT] Validating token for userId: bd1fdd95-f1fb-4049-a60d-4b7261095e82
Query: select "id", "email", "password", "first_name", "middle_name", "last_name", "account_status", "is_email_verified", "last_login_at", "created_at", "updated_at" from "users" "users" where "users"."id" = $1 limit $2 -- params: ["bd1fdd95-f1fb-4049-a60d-4b7261095e82", 1]
Query: select "user_id", "date_of_birth", "profile_picture", "gender", "phone", "address", "family_name", "family_relationship", "family_contact", "grade_level", "lrn", "created_at", "updated_at" from "student_profiles" "studentProfiles" where "studentProfiles"."user_id" = $1 limit $2 -- params: ["bd1fdd95-f1fb-4049-a60d-4b7261095e82", 1]
Query: select "userRoles"."user_id", "userRoles"."role_id", "userRoles"."assigned_at", "userRoles"."assigned_by", "userRoles_role"."data" as "role" from "user_roles" "userRoles" left join lateral (select json_build_array("userRoles_role"."id", "userRoles_role"."name", "userRoles_role"."description", "userRoles_role"."created_at") as "data" from (select * from "roles" "userRoles_role" where "userRoles_role"."id" = "userRoles"."role_id" limit $1) "userRoles_role") "userRoles_role" on true where "userRoles"."user_id" = $2 -- params: [1, "bd1fdd95-f1fb-4049-a60d-4b7261095e82"]
Query: select "user_id", "department", "specialization", "profile_picture", "contact_number", "date_of_birth", "gender", "address", "employee_id", "created_at", "updated_at" from "teacher_profiles" "teacherProfiles" where "teacherProfiles"."user_id" = $1 limit $2 -- params: ["bd1fdd95-f1fb-4049-a60d-4b7261095e82", 1]
2026-04-24 14:47:08 [34mdebug[39m [JwtStrategy] [JWT-STRAT] User lookup for bd1fdd95-f1fb-4049-a60d-4b7261095e82: found=true
2026-04-24 14:47:08 [34mdebug[39m [JwtAuthGuard] [AUTH-GUARD] Authorization header present: true
2026-04-24 14:47:08 [34mdebug[39m [JwtStrategy] [JWT-STRAT] Validating token for userId: bd1fdd95-f1fb-4049-a60d-4b7261095e82
Query: select "id", "email", "password", "first_name", "middle_name", "last_name", "account_status", "is_email_verified", "last_login_at", "created_at", "updated_at" from "users" "users" where "users"."id" = $1 limit $2 -- params: ["bd1fdd95-f1fb-4049-a60d-4b7261095e82", 1]
Query: select "user_id", "date_of_birth", "profile_picture", "gender", "phone", "address", "family_name", "family_relationship", "family_contact", "grade_level", "lrn", "created_at", "updated_at" from "student_profiles" "studentProfiles" where "studentProfiles"."user_id" = $1 limit $2 -- params: ["bd1fdd95-f1fb-4049-a60d-4b7261095e82", 1]
Query: select "userRoles"."user_id", "userRoles"."role_id", "userRoles"."assigned_at", "userRoles"."assigned_by", "userRoles_role"."data" as "role" from "user_roles" "userRoles" left join lateral (select json_build_array("userRoles_role"."id", "userRoles_role"."name", "userRoles_role"."description", "userRoles_role"."created_at") as "data" from (select * from "roles" "userRoles_role" where "userRoles_role"."id" = "userRoles"."role_id" limit $1) "userRoles_role") "userRoles_role" on true where "userRoles"."user_id" = $2 -- params: [1, "bd1fdd95-f1fb-4049-a60d-4b7261095e82"]
Query: select "user_id", "department", "specialization", "profile_picture", "contact_number", "date_of_birth", "gender", "address", "employee_id", "created_at", "updated_at" from "teacher_profiles" "teacherProfiles" where "teacherProfiles"."user_id" = $1 limit $2 -- params: ["bd1fdd95-f1fb-4049-a60d-4b7261095e82", 1]
2026-04-24 14:47:08 [34mdebug[39m [JwtStrategy] [JWT-STRAT] User lookup for bd1fdd95-f1fb-4049-a60d-4b7261095e82: found=true
2026-04-24 14:47:08 [34mdebug[39m [RolesGuard] [ROLES] Required: ["teacher","admin"] | User roles: ["teacher"] | Path: /api/ai/teacher/jobs/551795f4-0831-4ef4-974a-962cd3c596da
Query: select "id", "teacher_id" from "ai_generation_jobs" "aiGenerationJobs" where "aiGenerationJobs"."id" = $1 limit $2 -- params: ["551795f4-0831-4ef4-974a-962cd3c596da", 1]
2026-04-24 14:47:10 [34mdebug[39m [JwtAuthGuard] [AUTH-GUARD] Authorization header present: true
2026-04-24 14:47:10 [34mdebug[39m [JwtStrategy] [JWT-STRAT] Validating token for userId: bd1fdd95-f1fb-4049-a60d-4b7261095e82
Query: select "id", "email", "password", "first_name", "middle_name", "last_name", "account_status", "is_email_verified", "last_login_at", "created_at", "updated_at" from "users" "users" where "users"."id" = $1 limit $2 -- params: ["bd1fdd95-f1fb-4049-a60d-4b7261095e82", 1]
Query: select "user_id", "date_of_birth", "profile_picture", "gender", "phone", "address", "family_name", "family_relationship", "family_contact", "grade_level", "lrn", "created_at", "updated_at" from "student_profiles" "studentProfiles" where "studentProfiles"."user_id" = $1 limit $2 -- params: ["bd1fdd95-f1fb-4049-a60d-4b7261095e82", 1]
Query: select "userRoles"."user_id", "userRoles"."role_id", "userRoles"."assigned_at", "userRoles"."assigned_by", "userRoles_role"."data" as "role" from "user_roles" "userRoles" left join lateral (select json_build_array("userRoles_role"."id", "userRoles_role"."name", "userRoles_role"."description", "userRoles_role"."created_at") as "data" from (select * from "roles" "userRoles_role" where "userRoles_role"."id" = "userRoles"."role_id" limit $1) "userRoles_role") "userRoles_role" on true where "userRoles"."user_id" = $2 -- params: [1, "bd1fdd95-f1fb-4049-a60d-4b7261095e82"]
Query: select "user_id", "department", "specialization", "profile_picture", "contact_number", "date_of_birth", "gender", "address", "employee_id", "created_at", "updated_at" from "teacher_profiles" "teacherProfiles" where "teacherProfiles"."user_id" = $1 limit $2 -- params: ["bd1fdd95-f1fb-4049-a60d-4b7261095e82", 1]
2026-04-24 14:47:10 [34mdebug[39m [JwtStrategy] [JWT-STRAT] User lookup for bd1fdd95-f1fb-4049-a60d-4b7261095e82: found=true
2026-04-24 14:47:10 [34mdebug[39m [JwtAuthGuard] [AUTH-GUARD] Authorization header present: true
2026-04-24 14:47:10 [34mdebug[39m [JwtStrategy] [JWT-STRAT] Validating token for userId: bd1fdd95-f1fb-4049-a60d-4b7261095e82
Query: select "id", "email", "password", "first_name", "middle_name", "last_name", "account_status", "is_email_verified", "last_login_at", "created_at", "updated_at" from "users" "users" where "users"."id" = $1 limit $2 -- params: ["bd1fdd95-f1fb-4049-a60d-4b7261095e82", 1]
Query: select "user_id", "date_of_birth", "profile_picture", "gender", "phone", "address", "family_name", "family_relationship", "family_contact", "grade_level", "lrn", "created_at", "updated_at" from "student_profiles" "studentProfiles" where "studentProfiles"."user_id" = $1 limit $2 -- params: ["bd1fdd95-f1fb-4049-a60d-4b7261095e82", 1]
Query: select "userRoles"."user_id", "userRoles"."role_id", "userRoles"."assigned_at", "userRoles"."assigned_by", "userRoles_role"."data" as "role" from "user_roles" "userRoles" left join lateral (select json_build_array("userRoles_role"."id", "userRoles_role"."name", "userRoles_role"."description", "userRoles_role"."created_at") as "data" from (select * from "roles" "userRoles_role" where "userRoles_role"."id" = "userRoles"."role_id" limit $1) "userRoles_role") "userRoles_role" on true where "userRoles"."user_id" = $2 -- params: [1, "bd1fdd95-f1fb-4049-a60d-4b7261095e82"]
Query: select "user_id", "department", "specialization", "profile_picture", "contact_number", "date_of_birth", "gender", "address", "employee_id", "created_at", "updated_at" from "teacher_profiles" "teacherProfiles" where "teacherProfiles"."user_id" = $1 limit $2 -- params: ["bd1fdd95-f1fb-4049-a60d-4b7261095e82", 1]
2026-04-24 14:47:10 [34mdebug[39m [JwtStrategy] [JWT-STRAT] User lookup for bd1fdd95-f1fb-4049-a60d-4b7261095e82: found=true
2026-04-24 14:47:10 [34mdebug[39m [RolesGuard] [ROLES] Required: ["teacher","admin"] | User roles: ["teacher"] | Path: /api/ai/teacher/jobs/551795f4-0831-4ef4-974a-962cd3c596da
Query: select "id", "teacher_id" from "ai_generation_jobs" "aiGenerationJobs" where "aiGenerationJobs"."id" = $1 limit $2 -- params: ["551795f4-0831-4ef4-974a-962cd3c596da", 1]
2026-04-24 14:47:13 [34mdebug[39m [JwtAuthGuard] [AUTH-GUARD] Authorization header present: true
2026-04-24 14:47:13 [34mdebug[39m [JwtStrategy] [JWT-STRAT] Validating token for userId: bd1fdd95-f1fb-4049-a60d-4b7261095e82
Query: select "id", "email", "password", "first_name", "middle_name", "last_name", "account_status", "is_email_verified", "last_login_at", "created_at", "updated_at" from "users" "users" where "users"."id" = $1 limit $2 -- params: ["bd1fdd95-f1fb-4049-a60d-4b7261095e82", 1]
Query: select "user_id", "date_of_birth", "profile_picture", "gender", "phone", "address", "family_name", "family_relationship", "family_contact", "grade_level", "lrn", "created_at", "updated_at" from "student_profiles" "studentProfiles" where "studentProfiles"."user_id" = $1 limit $2 -- params: ["bd1fdd95-f1fb-4049-a60d-4b7261095e82", 1]
Query: select "userRoles"."user_id", "userRoles"."role_id", "userRoles"."assigned_at", "userRoles"."assigned_by", "userRoles_role"."data" as "role" from "user_roles" "userRoles" left join lateral (select json_build_array("userRoles_role"."id", "userRoles_role"."name", "userRoles_role"."description", "userRoles_role"."created_at") as "data" from (select * from "roles" "userRoles_role" where "userRoles_role"."id" = "userRoles"."role_id" limit $1) "userRoles_role") "userRoles_role" on true where "userRoles"."user_id" = $2 -- params: [1, "bd1fdd95-f1fb-4049-a60d-4b7261095e82"]
Query: select "user_id", "department", "specialization", "profile_picture", "contact_number", "date_of_birth", "gender", "address", "employee_id", "created_at", "updated_at" from "teacher_profiles" "teacherProfiles" where "teacherProfiles"."user_id" = $1 limit $2 -- params: ["bd1fdd95-f1fb-4049-a60d-4b7261095e82", 1]
2026-04-24 14:47:13 [34mdebug[39m [JwtStrategy] [JWT-STRAT] User lookup for bd1fdd95-f1fb-4049-a60d-4b7261095e82: found=true
2026-04-24 14:47:13 [34mdebug[39m [JwtAuthGuard] [AUTH-GUARD] Authorization header present: true
2026-04-24 14:47:13 [34mdebug[39m [JwtStrategy] [JWT-STRAT] Validating token for userId: bd1fdd95-f1fb-4049-a60d-4b7261095e82
Query: select "id", "email", "password", "first_name", "middle_name", "last_name", "account_status", "is_email_verified", "last_login_at", "created_at", "updated_at" from "users" "users" where "users"."id" = $1 limit $2 -- params: ["bd1fdd95-f1fb-4049-a60d-4b7261095e82", 1]
Query: select "user_id", "date_of_birth", "profile_picture", "gender", "phone", "address", "family_name", "family_relationship", "family_contact", "grade_level", "lrn", "created_at", "updated_at" from "student_profiles" "studentProfiles" where "studentProfiles"."user_id" = $1 limit $2 -- params: ["bd1fdd95-f1fb-4049-a60d-4b7261095e82", 1]
Query: select "userRoles"."user_id", "userRoles"."role_id", "userRoles"."assigned_at", "userRoles"."assigned_by", "userRoles_role"."data" as "role" from "user_roles" "userRoles" left join lateral (select json_build_array("userRoles_role"."id", "userRoles_role"."name", "userRoles_role"."description", "userRoles_role"."created_at") as "data" from (select * from "roles" "userRoles_role" where "userRoles_role"."id" = "userRoles"."role_id" limit $1) "userRoles_role") "userRoles_role" on true where "userRoles"."user_id" = $2 -- params: [1, "bd1fdd95-f1fb-4049-a60d-4b7261095e82"]
Query: select "user_id", "department", "specialization", "profile_picture", "contact_number", "date_of_birth", "gender", "address", "employee_id", "created_at", "updated_at" from "teacher_profiles" "teacherProfiles" where "teacherProfiles"."user_id" = $1 limit $2 -- params: ["bd1fdd95-f1fb-4049-a60d-4b7261095e82", 1]
2026-04-24 14:47:13 [34mdebug[39m [JwtStrategy] [JWT-STRAT] User lookup for bd1fdd95-f1fb-4049-a60d-4b7261095e82: found=true
2026-04-24 14:47:13 [34mdebug[39m [RolesGuard] [ROLES] Required: ["teacher","admin"] | User roles: ["teacher"] | Path: /api/ai/teacher/jobs/551795f4-0831-4ef4-974a-962cd3c596da
Query: select "id", "teacher_id" from "ai_generation_jobs" "aiGenerationJobs" where "aiGenerationJobs"."id" = $1 limit $2 -- params: ["551795f4-0831-4ef4-974a-962cd3c596da", 1]
2026-04-24 14:47:15 [34mdebug[39m [JwtAuthGuard] [AUTH-GUARD] Authorization header present: true
2026-04-24 14:47:15 [34mdebug[39m [JwtStrategy] [JWT-STRAT] Validating token for userId: bd1fdd95-f1fb-4049-a60d-4b7261095e82
Query: select "id", "email", "password", "first_name", "middle_name", "last_name", "account_status", "is_email_verified", "last_login_at", "created_at", "updated_at" from "users" "users" where "users"."id" = $1 limit $2 -- params: ["bd1fdd95-f1fb-4049-a60d-4b7261095e82", 1]
Query: select "user_id", "date_of_birth", "profile_picture", "gender", "phone", "address", "family_name", "family_relationship", "family_contact", "grade_level", "lrn", "created_at", "updated_at" from "student_profiles" "studentProfiles" where "studentProfiles"."user_id" = $1 limit $2 -- params: ["bd1fdd95-f1fb-4049-a60d-4b7261095e82", 1]
Query: select "userRoles"."user_id", "userRoles"."role_id", "userRoles"."assigned_at", "userRoles"."assigned_by", "userRoles_role"."data" as "role" from "user_roles" "userRoles" left join lateral (select json_build_array("userRoles_role"."id", "userRoles_role"."name", "userRoles_role"."description", "userRoles_role"."created_at") as "data" from (select * from "roles" "userRoles_role" where "userRoles_role"."id" = "userRoles"."role_id" limit $1) "userRoles_role") "userRoles_role" on true where "userRoles"."user_id" = $2 -- params: [1, "bd1fdd95-f1fb-4049-a60d-4b7261095e82"]
Query: select "user_id", "department", "specialization", "profile_picture", "contact_number", "date_of_birth", "gender", "address", "employee_id", "created_at", "updated_at" from "teacher_profiles" "teacherProfiles" where "teacherProfiles"."user_id" = $1 limit $2 -- params: ["bd1fdd95-f1fb-4049-a60d-4b7261095e82", 1]
2026-04-24 14:47:15 [34mdebug[39m [JwtStrategy] [JWT-STRAT] User lookup for bd1fdd95-f1fb-4049-a60d-4b7261095e82: found=true
2026-04-24 14:47:15 [34mdebug[39m [JwtAuthGuard] [AUTH-GUARD] Authorization header present: true
2026-04-24 14:47:15 [34mdebug[39m [JwtStrategy] [JWT-STRAT] Validating token for userId: bd1fdd95-f1fb-4049-a60d-4b7261095e82
Query: select "id", "email", "password", "first_name", "middle_name", "last_name", "account_status", "is_email_verified", "last_login_at", "created_at", "updated_at" from "users" "users" where "users"."id" = $1 limit $2 -- params: ["bd1fdd95-f1fb-4049-a60d-4b7261095e82", 1]
Query: select "user_id", "date_of_birth", "profile_picture", "gender", "phone", "address", "family_name", "family_relationship", "family_contact", "grade_level", "lrn", "created_at", "updated_at" from "student_profiles" "studentProfiles" where "studentProfiles"."user_id" = $1 limit $2 -- params: ["bd1fdd95-f1fb-4049-a60d-4b7261095e82", 1]
Query: select "userRoles"."user_id", "userRoles"."role_id", "userRoles"."assigned_at", "userRoles"."assigned_by", "userRoles_role"."data" as "role" from "user_roles" "userRoles" left join lateral (select json_build_array("userRoles_role"."id", "userRoles_role"."name", "userRoles_role"."description", "userRoles_role"."created_at") as "data" from (select * from "roles" "userRoles_role" where "userRoles_role"."id" = "userRoles"."role_id" limit $1) "userRoles_role") "userRoles_role" on true where "userRoles"."user_id" = $2 -- params: [1, "bd1fdd95-f1fb-4049-a60d-4b7261095e82"]
Query: select "user_id", "department", "specialization", "profile_picture", "contact_number", "date_of_birth", "gender", "address", "employee_id", "created_at", "updated_at" from "teacher_profiles" "teacherProfiles" where "teacherProfiles"."user_id" = $1 limit $2 -- params: ["bd1fdd95-f1fb-4049-a60d-4b7261095e82", 1]
2026-04-24 14:47:15 [34mdebug[39m [JwtStrategy] [JWT-STRAT] User lookup for bd1fdd95-f1fb-4049-a60d-4b7261095e82: found=true
2026-04-24 14:47:15 [34mdebug[39m [RolesGuard] [ROLES] Required: ["teacher","admin"] | User roles: ["teacher"] | Path: /api/ai/teacher/jobs/551795f4-0831-4ef4-974a-962cd3c596da
Query: select "id", "teacher_id" from "ai_generation_jobs" "aiGenerationJobs" where "aiGenerationJobs"."id" = $1 limit $2 -- params: ["551795f4-0831-4ef4-974a-962cd3c596da", 1]
2026-04-24 14:47:18 [34mdebug[39m [JwtAuthGuard] [AUTH-GUARD] Authorization header present: true
2026-04-24 14:47:18 [34mdebug[39m [JwtStrategy] [JWT-STRAT] Validating token for userId: bd1fdd95-f1fb-4049-a60d-4b7261095e82
Query: select "id", "email", "password", "first_name", "middle_name", "last_name", "account_status", "is_email_verified", "last_login_at", "created_at", "updated_at" from "users" "users" where "users"."id" = $1 limit $2 -- params: ["bd1fdd95-f1fb-4049-a60d-4b7261095e82", 1]
Query: select "user_id", "date_of_birth", "profile_picture", "gender", "phone", "address", "family_name", "family_relationship", "family_contact", "grade_level", "lrn", "created_at", "updated_at" from "student_profiles" "studentProfiles" where "studentProfiles"."user_id" = $1 limit $2 -- params: ["bd1fdd95-f1fb-4049-a60d-4b7261095e82", 1]
Query: select "userRoles"."user_id", "userRoles"."role_id", "userRoles"."assigned_at", "userRoles"."assigned_by", "userRoles_role"."data" as "role" from "user_roles" "userRoles" left join lateral (select json_build_array("userRoles_role"."id", "userRoles_role"."name", "userRoles_role"."description", "userRoles_role"."created_at") as "data" from (select * from "roles" "userRoles_role" where "userRoles_role"."id" = "userRoles"."role_id" limit $1) "userRoles_role") "userRoles_role" on true where "userRoles"."user_id" = $2 -- params: [1, "bd1fdd95-f1fb-4049-a60d-4b7261095e82"]
Query: select "user_id", "department", "specialization", "profile_picture", "contact_number", "date_of_birth", "gender", "address", "employee_id", "created_at", "updated_at" from "teacher_profiles" "teacherProfiles" where "teacherProfiles"."user_id" = $1 limit $2 -- params: ["bd1fdd95-f1fb-4049-a60d-4b7261095e82", 1]
2026-04-24 14:47:18 [34mdebug[39m [JwtStrategy] [JWT-STRAT] User lookup for bd1fdd95-f1fb-4049-a60d-4b7261095e82: found=true
2026-04-24 14:47:18 [34mdebug[39m [JwtAuthGuard] [AUTH-GUARD] Authorization header present: true
2026-04-24 14:47:18 [34mdebug[39m [JwtStrategy] [JWT-STRAT] Validating token for userId: bd1fdd95-f1fb-4049-a60d-4b7261095e82
Query: select "id", "email", "password", "first_name", "middle_name", "last_name", "account_status", "is_email_verified", "last_login_at", "created_at", "updated_at" from "users" "users" where "users"."id" = $1 limit $2 -- params: ["bd1fdd95-f1fb-4049-a60d-4b7261095e82", 1]
Query: select "user_id", "date_of_birth", "profile_picture", "gender", "phone", "address", "family_name", "family_relationship", "family_contact", "grade_level", "lrn", "created_at", "updated_at" from "student_profiles" "studentProfiles" where "studentProfiles"."user_id" = $1 limit $2 -- params: ["bd1fdd95-f1fb-4049-a60d-4b7261095e82", 1]
Query: select "userRoles"."user_id", "userRoles"."role_id", "userRoles"."assigned_at", "userRoles"."assigned_by", "userRoles_role"."data" as "role" from "user_roles" "userRoles" left join lateral (select json_build_array("userRoles_role"."id", "userRoles_role"."name", "userRoles_role"."description", "userRoles_role"."created_at") as "data" from (select * from "roles" "userRoles_role" where "userRoles_role"."id" = "userRoles"."role_id" limit $1) "userRoles_role") "userRoles_role" on true where "userRoles"."user_id" = $2 -- params: [1, "bd1fdd95-f1fb-4049-a60d-4b7261095e82"]
Query: select "user_id", "department", "specialization", "profile_picture", "contact_number", "date_of_birth", "gender", "address", "employee_id", "created_at", "updated_at" from "teacher_profiles" "teacherProfiles" where "teacherProfiles"."user_id" = $1 limit $2 -- params: ["bd1fdd95-f1fb-4049-a60d-4b7261095e82", 1]
2026-04-24 14:47:18 [34mdebug[39m [JwtStrategy] [JWT-STRAT] User lookup for bd1fdd95-f1fb-4049-a60d-4b7261095e82: found=true
2026-04-24 14:47:18 [34mdebug[39m [RolesGuard] [ROLES] Required: ["teacher","admin"] | User roles: ["teacher"] | Path: /api/ai/teacher/jobs/551795f4-0831-4ef4-974a-962cd3c596da
Query: select "id", "teacher_id" from "ai_generation_jobs" "aiGenerationJobs" where "aiGenerationJobs"."id" = $1 limit $2 -- params: ["551795f4-0831-4ef4-974a-962cd3c596da", 1]
2026-04-24 14:47:20 [34mdebug[39m [JwtAuthGuard] [AUTH-GUARD] Authorization header present: true
2026-04-24 14:47:20 [34mdebug[39m [JwtStrategy] [JWT-STRAT] Validating token for userId: bd1fdd95-f1fb-4049-a60d-4b7261095e82
Query: select "id", "email", "password", "first_name", "middle_name", "last_name", "account_status", "is_email_verified", "last_login_at", "created_at", "updated_at" from "users" "users" where "users"."id" = $1 limit $2 -- params: ["bd1fdd95-f1fb-4049-a60d-4b7261095e82", 1]
Query: select "user_id", "date_of_birth", "profile_picture", "gender", "phone", "address", "family_name", "family_relationship", "family_contact", "grade_level", "lrn", "created_at", "updated_at" from "student_profiles" "studentProfiles" where "studentProfiles"."user_id" = $1 limit $2 -- params: ["bd1fdd95-f1fb-4049-a60d-4b7261095e82", 1]
Query: select "userRoles"."user_id", "userRoles"."role_id", "userRoles"."assigned_at", "userRoles"."assigned_by", "userRoles_role"."data" as "role" from "user_roles" "userRoles" left join lateral (select json_build_array("userRoles_role"."id", "userRoles_role"."name", "userRoles_role"."description", "userRoles_role"."created_at") as "data" from (select * from "roles" "userRoles_role" where "userRoles_role"."id" = "userRoles"."role_id" limit $1) "userRoles_role") "userRoles_role" on true where "userRoles"."user_id" = $2 -- params: [1, "bd1fdd95-f1fb-4049-a60d-4b7261095e82"]
Query: select "user_id", "department", "specialization", "profile_picture", "contact_number", "date_of_birth", "gender", "address", "employee_id", "created_at", "updated_at" from "teacher_profiles" "teacherProfiles" where "teacherProfiles"."user_id" = $1 limit $2 -- params: ["bd1fdd95-f1fb-4049-a60d-4b7261095e82", 1]
2026-04-24 14:47:20 [34mdebug[39m [JwtStrategy] [JWT-STRAT] User lookup for bd1fdd95-f1fb-4049-a60d-4b7261095e82: found=true
2026-04-24 14:47:20 [34mdebug[39m [JwtAuthGuard] [AUTH-GUARD] Authorization header present: true
2026-04-24 14:47:20 [34mdebug[39m [JwtStrategy] [JWT-STRAT] Validating token for userId: bd1fdd95-f1fb-4049-a60d-4b7261095e82
Query: select "id", "email", "password", "first_name", "middle_name", "last_name", "account_status", "is_email_verified", "last_login_at", "created_at", "updated_at" from "users" "users" where "users"."id" = $1 limit $2 -- params: ["bd1fdd95-f1fb-4049-a60d-4b7261095e82", 1]
Query: select "user_id", "date_of_birth", "profile_picture", "gender", "phone", "address", "family_name", "family_relationship", "family_contact", "grade_level", "lrn", "created_at", "updated_at" from "student_profiles" "studentProfiles" where "studentProfiles"."user_id" = $1 limit $2 -- params: ["bd1fdd95-f1fb-4049-a60d-4b7261095e82", 1]
Query: select "userRoles"."user_id", "userRoles"."role_id", "userRoles"."assigned_at", "userRoles"."assigned_by", "userRoles_role"."data" as "role" from "user_roles" "userRoles" left join lateral (select json_build_array("userRoles_role"."id", "userRoles_role"."name", "userRoles_role"."description", "userRoles_role"."created_at") as "data" from (select * from "roles" "userRoles_role" where "userRoles_role"."id" = "userRoles"."role_id" limit $1) "userRoles_role") "userRoles_role" on true where "userRoles"."user_id" = $2 -- params: [1, "bd1fdd95-f1fb-4049-a60d-4b7261095e82"]
Query: select "user_id", "department", "specialization", "profile_picture", "contact_number", "date_of_birth", "gender", "address", "employee_id", "created_at", "updated_at" from "teacher_profiles" "teacherProfiles" where "teacherProfiles"."user_id" = $1 limit $2 -- params: ["bd1fdd95-f1fb-4049-a60d-4b7261095e82", 1]
2026-04-24 14:47:20 [34mdebug[39m [JwtStrategy] [JWT-STRAT] User lookup for bd1fdd95-f1fb-4049-a60d-4b7261095e82: found=true
2026-04-24 14:47:20 [34mdebug[39m [RolesGuard] [ROLES] Required: ["teacher","admin"] | User roles: ["teacher"] | Path: /api/ai/teacher/jobs/551795f4-0831-4ef4-974a-962cd3c596da
Query: select "id", "teacher_id" from "ai_generation_jobs" "aiGenerationJobs" where "aiGenerationJobs"."id" = $1 limit $2 -- params: ["551795f4-0831-4ef4-974a-962cd3c596da", 1]
2026-04-24 14:47:23 [34mdebug[39m [JwtAuthGuard] [AUTH-GUARD] Authorization header present: true
2026-04-24 14:47:23 [34mdebug[39m [JwtStrategy] [JWT-STRAT] Validating token for userId: bd1fdd95-f1fb-4049-a60d-4b7261095e82
Query: select "id", "email", "password", "first_name", "middle_name", "last_name", "account_status", "is_email_verified", "last_login_at", "created_at", "updated_at" from "users" "users" where "users"."id" = $1 limit $2 -- params: ["bd1fdd95-f1fb-4049-a60d-4b7261095e82", 1]
Query: select "user_id", "date_of_birth", "profile_picture", "gender", "phone", "address", "family_name", "family_relationship", "family_contact", "grade_level", "lrn", "created_at", "updated_at" from "student_profiles" "studentProfiles" where "studentProfiles"."user_id" = $1 limit $2 -- params: ["bd1fdd95-f1fb-4049-a60d-4b7261095e82", 1]
Query: select "userRoles"."user_id", "userRoles"."role_id", "userRoles"."assigned_at", "userRoles"."assigned_by", "userRoles_role"."data" as "role" from "user_roles" "userRoles" left join lateral (select json_build_array("userRoles_role"."id", "userRoles_role"."name", "userRoles_role"."description", "userRoles_role"."created_at") as "data" from (select * from "roles" "userRoles_role" where "userRoles_role"."id" = "userRoles"."role_id" limit $1) "userRoles_role") "userRoles_role" on true where "userRoles"."user_id" = $2 -- params: [1, "bd1fdd95-f1fb-4049-a60d-4b7261095e82"]
Query: select "user_id", "department", "specialization", "profile_picture", "contact_number", "date_of_birth", "gender", "address", "employee_id", "created_at", "updated_at" from "teacher_profiles" "teacherProfiles" where "teacherProfiles"."user_id" = $1 limit $2 -- params: ["bd1fdd95-f1fb-4049-a60d-4b7261095e82", 1]
2026-04-24 14:47:23 [34mdebug[39m [JwtStrategy] [JWT-STRAT] User lookup for bd1fdd95-f1fb-4049-a60d-4b7261095e82: found=true
2026-04-24 14:47:23 [34mdebug[39m [JwtAuthGuard] [AUTH-GUARD] Authorization header present: true
2026-04-24 14:47:23 [34mdebug[39m [JwtStrategy] [JWT-STRAT] Validating token for userId: bd1fdd95-f1fb-4049-a60d-4b7261095e82
Query: select "id", "email", "password", "first_name", "middle_name", "last_name", "account_status", "is_email_verified", "last_login_at", "created_at", "updated_at" from "users" "users" where "users"."id" = $1 limit $2 -- params: ["bd1fdd95-f1fb-4049-a60d-4b7261095e82", 1]
Query: select "user_id", "date_of_birth", "profile_picture", "gender", "phone", "address", "family_name", "family_relationship", "family_contact", "grade_level", "lrn", "created_at", "updated_at" from "student_profiles" "studentProfiles" where "studentProfiles"."user_id" = $1 limit $2 -- params: ["bd1fdd95-f1fb-4049-a60d-4b7261095e82", 1]
Query: select "userRoles"."user_id", "userRoles"."role_id", "userRoles"."assigned_at", "userRoles"."assigned_by", "userRoles_role"."data" as "role" from "user_roles" "userRoles" left join lateral (select json_build_array("userRoles_role"."id", "userRoles_role"."name", "userRoles_role"."description", "userRoles_role"."created_at") as "data" from (select * from "roles" "userRoles_role" where "userRoles_role"."id" = "userRoles"."role_id" limit $1) "userRoles_role") "userRoles_role" on true where "userRoles"."user_id" = $2 -- params: [1, "bd1fdd95-f1fb-4049-a60d-4b7261095e82"]
Query: select "user_id", "department", "specialization", "profile_picture", "contact_number", "date_of_birth", "gender", "address", "employee_id", "created_at", "updated_at" from "teacher_profiles" "teacherProfiles" where "teacherProfiles"."user_id" = $1 limit $2 -- params: ["bd1fdd95-f1fb-4049-a60d-4b7261095e82", 1]
2026-04-24 14:47:23 [34mdebug[39m [JwtStrategy] [JWT-STRAT] User lookup for bd1fdd95-f1fb-4049-a60d-4b7261095e82: found=true
2026-04-24 14:47:23 [34mdebug[39m [RolesGuard] [ROLES] Required: ["teacher","admin"] | User roles: ["teacher"] | Path: /api/ai/teacher/jobs/551795f4-0831-4ef4-974a-962cd3c596da
Query: select "id", "teacher_id" from "ai_generation_jobs" "aiGenerationJobs" where "aiGenerationJobs"."id" = $1 limit $2 -- params: ["551795f4-0831-4ef4-974a-962cd3c596da", 1]
2026-04-24 14:47:25 [34mdebug[39m [JwtAuthGuard] [AUTH-GUARD] Authorization header present: true
2026-04-24 14:47:25 [34mdebug[39m [JwtStrategy] [JWT-STRAT] Validating token for userId: bd1fdd95-f1fb-4049-a60d-4b7261095e82
Query: select "id", "email", "password", "first_name", "middle_name", "last_name", "account_status", "is_email_verified", "last_login_at", "created_at", "updated_at" from "users" "users" where "users"."id" = $1 limit $2 -- params: ["bd1fdd95-f1fb-4049-a60d-4b7261095e82", 1]
Query: select "user_id", "date_of_birth", "profile_picture", "gender", "phone", "address", "family_name", "family_relationship", "family_contact", "grade_level", "lrn", "created_at", "updated_at" from "student_profiles" "studentProfiles" where "studentProfiles"."user_id" = $1 limit $2 -- params: ["bd1fdd95-f1fb-4049-a60d-4b7261095e82", 1]
Query: select "userRoles"."user_id", "userRoles"."role_id", "userRoles"."assigned_at", "userRoles"."assigned_by", "userRoles_role"."data" as "role" from "user_roles" "userRoles" left join lateral (select json_build_array("userRoles_role"."id", "userRoles_role"."name", "userRoles_role"."description", "userRoles_role"."created_at") as "data" from (select * from "roles" "userRoles_role" where "userRoles_role"."id" = "userRoles"."role_id" limit $1) "userRoles_role") "userRoles_role" on true where "userRoles"."user_id" = $2 -- params: [1, "bd1fdd95-f1fb-4049-a60d-4b7261095e82"]
Query: select "user_id", "department", "specialization", "profile_picture", "contact_number", "date_of_birth", "gender", "address", "employee_id", "created_at", "updated_at" from "teacher_profiles" "teacherProfiles" where "teacherProfiles"."user_id" = $1 limit $2 -- params: ["bd1fdd95-f1fb-4049-a60d-4b7261095e82", 1]
2026-04-24 14:47:25 [34mdebug[39m [JwtStrategy] [JWT-STRAT] User lookup for bd1fdd95-f1fb-4049-a60d-4b7261095e82: found=true
2026-04-24 14:47:25 [34mdebug[39m [JwtAuthGuard] [AUTH-GUARD] Authorization header present: true
2026-04-24 14:47:25 [34mdebug[39m [JwtStrategy] [JWT-STRAT] Validating token for userId: bd1fdd95-f1fb-4049-a60d-4b7261095e82
Query: select "id", "email", "password", "first_name", "middle_name", "last_name", "account_status", "is_email_verified", "last_login_at", "created_at", "updated_at" from "users" "users" where "users"."id" = $1 limit $2 -- params: ["bd1fdd95-f1fb-4049-a60d-4b7261095e82", 1]
Query: select "user_id", "date_of_birth", "profile_picture", "gender", "phone", "address", "family_name", "family_relationship", "family_contact", "grade_level", "lrn", "created_at", "updated_at" from "student_profiles" "studentProfiles" where "studentProfiles"."user_id" = $1 limit $2 -- params: ["bd1fdd95-f1fb-4049-a60d-4b7261095e82", 1]
Query: select "userRoles"."user_id", "userRoles"."role_id", "userRoles"."assigned_at", "userRoles"."assigned_by", "userRoles_role"."data" as "role" from "user_roles" "userRoles" left join lateral (select json_build_array("userRoles_role"."id", "userRoles_role"."name", "userRoles_role"."description", "userRoles_role"."created_at") as "data" from (select * from "roles" "userRoles_role" where "userRoles_role"."id" = "userRoles"."role_id" limit $1) "userRoles_role") "userRoles_role" on true where "userRoles"."user_id" = $2 -- params: [1, "bd1fdd95-f1fb-4049-a60d-4b7261095e82"]
Query: select "user_id", "department", "specialization", "profile_picture", "contact_number", "date_of_birth", "gender", "address", "employee_id", "created_at", "updated_at" from "teacher_profiles" "teacherProfiles" where "teacherProfiles"."user_id" = $1 limit $2 -- params: ["bd1fdd95-f1fb-4049-a60d-4b7261095e82", 1]
2026-04-24 14:47:25 [34mdebug[39m [JwtStrategy] [JWT-STRAT] User lookup for bd1fdd95-f1fb-4049-a60d-4b7261095e82: found=true
2026-04-24 14:47:25 [34mdebug[39m [RolesGuard] [ROLES] Required: ["teacher","admin"] | User roles: ["teacher"] | Path: /api/ai/teacher/jobs/551795f4-0831-4ef4-974a-962cd3c596da
Query: select "id", "teacher_id" from "ai_generation_jobs" "aiGenerationJobs" where "aiGenerationJobs"."id" = $1 limit $2 -- params: ["551795f4-0831-4ef4-974a-962cd3c596da", 1]
2026-04-24 14:47:28 [34mdebug[39m [JwtAuthGuard] [AUTH-GUARD] Authorization header present: true
2026-04-24 14:47:28 [34mdebug[39m [JwtStrategy] [JWT-STRAT] Validating token for userId: bd1fdd95-f1fb-4049-a60d-4b7261095e82
Query: select "id", "email", "password", "first_name", "middle_name", "last_name", "account_status", "is_email_verified", "last_login_at", "created_at", "updated_at" from "users" "users" where "users"."id" = $1 limit $2 -- params: ["bd1fdd95-f1fb-4049-a60d-4b7261095e82", 1]
Query: select "user_id", "date_of_birth", "profile_picture", "gender", "phone", "address", "family_name", "family_relationship", "family_contact", "grade_level", "lrn", "created_at", "updated_at" from "student_profiles" "studentProfiles" where "studentProfiles"."user_id" = $1 limit $2 -- params: ["bd1fdd95-f1fb-4049-a60d-4b7261095e82", 1]
Query: select "userRoles"."user_id", "userRoles"."role_id", "userRoles"."assigned_at", "userRoles"."assigned_by", "userRoles_role"."data" as "role" from "user_roles" "userRoles" left join lateral (select json_build_array("userRoles_role"."id", "userRoles_role"."name", "userRoles_role"."description", "userRoles_role"."created_at") as "data" from (select * from "roles" "userRoles_role" where "userRoles_role"."id" = "userRoles"."role_id" limit $1) "userRoles_role") "userRoles_role" on true where "userRoles"."user_id" = $2 -- params: [1, "bd1fdd95-f1fb-4049-a60d-4b7261095e82"]
Query: select "user_id", "department", "specialization", "profile_picture", "contact_number", "date_of_birth", "gender", "address", "employee_id", "created_at", "updated_at" from "teacher_profiles" "teacherProfiles" where "teacherProfiles"."user_id" = $1 limit $2 -- params: ["bd1fdd95-f1fb-4049-a60d-4b7261095e82", 1]
2026-04-24 14:47:28 [34mdebug[39m [JwtStrategy] [JWT-STRAT] User lookup for bd1fdd95-f1fb-4049-a60d-4b7261095e82: found=true
2026-04-24 14:47:28 [34mdebug[39m [JwtAuthGuard] [AUTH-GUARD] Authorization header present: true
2026-04-24 14:47:28 [34mdebug[39m [JwtStrategy] [JWT-STRAT] Validating token for userId: bd1fdd95-f1fb-4049-a60d-4b7261095e82
Query: select "id", "email", "password", "first_name", "middle_name", "last_name", "account_status", "is_email_verified", "last_login_at", "created_at", "updated_at" from "users" "users" where "users"."id" = $1 limit $2 -- params: ["bd1fdd95-f1fb-4049-a60d-4b7261095e82", 1]
Query: select "user_id", "date_of_birth", "profile_picture", "gender", "phone", "address", "family_name", "family_relationship", "family_contact", "grade_level", "lrn", "created_at", "updated_at" from "student_profiles" "studentProfiles" where "studentProfiles"."user_id" = $1 limit $2 -- params: ["bd1fdd95-f1fb-4049-a60d-4b7261095e82", 1]
Query: select "userRoles"."user_id", "userRoles"."role_id", "userRoles"."assigned_at", "userRoles"."assigned_by", "userRoles_role"."data" as "role" from "user_roles" "userRoles" left join lateral (select json_build_array("userRoles_role"."id", "userRoles_role"."name", "userRoles_role"."description", "userRoles_role"."created_at") as "data" from (select * from "roles" "userRoles_role" where "userRoles_role"."id" = "userRoles"."role_id" limit $1) "userRoles_role") "userRoles_role" on true where "userRoles"."user_id" = $2 -- params: [1, "bd1fdd95-f1fb-4049-a60d-4b7261095e82"]
Query: select "user_id", "department", "specialization", "profile_picture", "contact_number", "date_of_birth", "gender", "address", "employee_id", "created_at", "updated_at" from "teacher_profiles" "teacherProfiles" where "teacherProfiles"."user_id" = $1 limit $2 -- params: ["bd1fdd95-f1fb-4049-a60d-4b7261095e82", 1]
2026-04-24 14:47:28 [34mdebug[39m [JwtStrategy] [JWT-STRAT] User lookup for bd1fdd95-f1fb-4049-a60d-4b7261095e82: found=true
2026-04-24 14:47:28 [34mdebug[39m [RolesGuard] [ROLES] Required: ["teacher","admin"] | User roles: ["teacher"] | Path: /api/ai/teacher/jobs/551795f4-0831-4ef4-974a-962cd3c596da
Query: select "id", "teacher_id" from "ai_generation_jobs" "aiGenerationJobs" where "aiGenerationJobs"."id" = $1 limit $2 -- params: ["551795f4-0831-4ef4-974a-962cd3c596da", 1]
2026-04-24 14:47:30 [34mdebug[39m [JwtAuthGuard] [AUTH-GUARD] Authorization header present: true
2026-04-24 14:47:30 [34mdebug[39m [JwtStrategy] [JWT-STRAT] Validating token for userId: bd1fdd95-f1fb-4049-a60d-4b7261095e82
Query: select "id", "email", "password", "first_name", "middle_name", "last_name", "account_status", "is_email_verified", "last_login_at", "created_at", "updated_at" from "users" "users" where "users"."id" = $1 limit $2 -- params: ["bd1fdd95-f1fb-4049-a60d-4b7261095e82", 1]
Query: select "user_id", "date_of_birth", "profile_picture", "gender", "phone", "address", "family_name", "family_relationship", "family_contact", "grade_level", "lrn", "created_at", "updated_at" from "student_profiles" "studentProfiles" where "studentProfiles"."user_id" = $1 limit $2 -- params: ["bd1fdd95-f1fb-4049-a60d-4b7261095e82", 1]
Query: select "userRoles"."user_id", "userRoles"."role_id", "userRoles"."assigned_at", "userRoles"."assigned_by", "userRoles_role"."data" as "role" from "user_roles" "userRoles" left join lateral (select json_build_array("userRoles_role"."id", "userRoles_role"."name", "userRoles_role"."description", "userRoles_role"."created_at") as "data" from (select * from "roles" "userRoles_role" where "userRoles_role"."id" = "userRoles"."role_id" limit $1) "userRoles_role") "userRoles_role" on true where "userRoles"."user_id" = $2 -- params: [1, "bd1fdd95-f1fb-4049-a60d-4b7261095e82"]
Query: select "user_id", "department", "specialization", "profile_picture", "contact_number", "date_of_birth", "gender", "address", "employee_id", "created_at", "updated_at" from "teacher_profiles" "teacherProfiles" where "teacherProfiles"."user_id" = $1 limit $2 -- params: ["bd1fdd95-f1fb-4049-a60d-4b7261095e82", 1]
2026-04-24 14:47:30 [34mdebug[39m [JwtStrategy] [JWT-STRAT] User lookup for bd1fdd95-f1fb-4049-a60d-4b7261095e82: found=true
2026-04-24 14:47:30 [34mdebug[39m [JwtAuthGuard] [AUTH-GUARD] Authorization header present: true
2026-04-24 14:47:30 [34mdebug[39m [JwtStrategy] [JWT-STRAT] Validating token for userId: bd1fdd95-f1fb-4049-a60d-4b7261095e82
Query: select "id", "email", "password", "first_name", "middle_name", "last_name", "account_status", "is_email_verified", "last_login_at", "created_at", "updated_at" from "users" "users" where "users"."id" = $1 limit $2 -- params: ["bd1fdd95-f1fb-4049-a60d-4b7261095e82", 1]
Query: select "user_id", "date_of_birth", "profile_picture", "gender", "phone", "address", "family_name", "family_relationship", "family_contact", "grade_level", "lrn", "created_at", "updated_at" from "student_profiles" "studentProfiles" where "studentProfiles"."user_id" = $1 limit $2 -- params: ["bd1fdd95-f1fb-4049-a60d-4b7261095e82", 1]
Query: select "userRoles"."user_id", "userRoles"."role_id", "userRoles"."assigned_at", "userRoles"."assigned_by", "userRoles_role"."data" as "role" from "user_roles" "userRoles" left join lateral (select json_build_array("userRoles_role"."id", "userRoles_role"."name", "userRoles_role"."description", "userRoles_role"."created_at") as "data" from (select * from "roles" "userRoles_role" where "userRoles_role"."id" = "userRoles"."role_id" limit $1) "userRoles_role") "userRoles_role" on true where "userRoles"."user_id" = $2 -- params: [1, "bd1fdd95-f1fb-4049-a60d-4b7261095e82"]
Query: select "user_id", "department", "specialization", "profile_picture", "contact_number", "date_of_birth", "gender", "address", "employee_id", "created_at", "updated_at" from "teacher_profiles" "teacherProfiles" where "teacherProfiles"."user_id" = $1 limit $2 -- params: ["bd1fdd95-f1fb-4049-a60d-4b7261095e82", 1]
2026-04-24 14:47:30 [34mdebug[39m [JwtStrategy] [JWT-STRAT] User lookup for bd1fdd95-f1fb-4049-a60d-4b7261095e82: found=true
2026-04-24 14:47:30 [34mdebug[39m [RolesGuard] [ROLES] Required: ["teacher","admin"] | User roles: ["teacher"] | Path: /api/ai/teacher/jobs/551795f4-0831-4ef4-974a-962cd3c596da
Query: select "id", "teacher_id" from "ai_generation_jobs" "aiGenerationJobs" where "aiGenerationJobs"."id" = $1 limit $2 -- params: ["551795f4-0831-4ef4-974a-962cd3c596da", 1]
2026-04-24 14:47:33 [34mdebug[39m [JwtAuthGuard] [AUTH-GUARD] Authorization header present: true
2026-04-24 14:47:33 [34mdebug[39m [JwtStrategy] [JWT-STRAT] Validating token for userId: bd1fdd95-f1fb-4049-a60d-4b7261095e82
Query: select "id", "email", "password", "first_name", "middle_name", "last_name", "account_status", "is_email_verified", "last_login_at", "created_at", "updated_at" from "users" "users" where "users"."id" = $1 limit $2 -- params: ["bd1fdd95-f1fb-4049-a60d-4b7261095e82", 1]
Query: select "user_id", "date_of_birth", "profile_picture", "gender", "phone", "address", "family_name", "family_relationship", "family_contact", "grade_level", "lrn", "created_at", "updated_at" from "student_profiles" "studentProfiles" where "studentProfiles"."user_id" = $1 limit $2 -- params: ["bd1fdd95-f1fb-4049-a60d-4b7261095e82", 1]
Query: select "userRoles"."user_id", "userRoles"."role_id", "userRoles"."assigned_at", "userRoles"."assigned_by", "userRoles_role"."data" as "role" from "user_roles" "userRoles" left join lateral (select json_build_array("userRoles_role"."id", "userRoles_role"."name", "userRoles_role"."description", "userRoles_role"."created_at") as "data" from (select * from "roles" "userRoles_role" where "userRoles_role"."id" = "userRoles"."role_id" limit $1) "userRoles_role") "userRoles_role" on true where "userRoles"."user_id" = $2 -- params: [1, "bd1fdd95-f1fb-4049-a60d-4b7261095e82"]
Query: select "user_id", "department", "specialization", "profile_picture", "contact_number", "date_of_birth", "gender", "address", "employee_id", "created_at", "updated_at" from "teacher_profiles" "teacherProfiles" where "teacherProfiles"."user_id" = $1 limit $2 -- params: ["bd1fdd95-f1fb-4049-a60d-4b7261095e82", 1]
2026-04-24 14:47:33 [34mdebug[39m [JwtStrategy] [JWT-STRAT] User lookup for bd1fdd95-f1fb-4049-a60d-4b7261095e82: found=true
2026-04-24 14:47:33 [34mdebug[39m [JwtAuthGuard] [AUTH-GUARD] Authorization header present: true
2026-04-24 14:47:33 [34mdebug[39m [JwtStrategy] [JWT-STRAT] Validating token for userId: bd1fdd95-f1fb-4049-a60d-4b7261095e82
Query: select "id", "email", "password", "first_name", "middle_name", "last_name", "account_status", "is_email_verified", "last_login_at", "created_at", "updated_at" from "users" "users" where "users"."id" = $1 limit $2 -- params: ["bd1fdd95-f1fb-4049-a60d-4b7261095e82", 1]
Query: select "user_id", "date_of_birth", "profile_picture", "gender", "phone", "address", "family_name", "family_relationship", "family_contact", "grade_level", "lrn", "created_at", "updated_at" from "student_profiles" "studentProfiles" where "studentProfiles"."user_id" = $1 limit $2 -- params: ["bd1fdd95-f1fb-4049-a60d-4b7261095e82", 1]
Query: select "userRoles"."user_id", "userRoles"."role_id", "userRoles"."assigned_at", "userRoles"."assigned_by", "userRoles_role"."data" as "role" from "user_roles" "userRoles" left join lateral (select json_build_array("userRoles_role"."id", "userRoles_role"."name", "userRoles_role"."description", "userRoles_role"."created_at") as "data" from (select * from "roles" "userRoles_role" where "userRoles_role"."id" = "userRoles"."role_id" limit $1) "userRoles_role") "userRoles_role" on true where "userRoles"."user_id" = $2 -- params: [1, "bd1fdd95-f1fb-4049-a60d-4b7261095e82"]
Query: select "user_id", "department", "specialization", "profile_picture", "contact_number", "date_of_birth", "gender", "address", "employee_id", "created_at", "updated_at" from "teacher_profiles" "teacherProfiles" where "teacherProfiles"."user_id" = $1 limit $2 -- params: ["bd1fdd95-f1fb-4049-a60d-4b7261095e82", 1]
2026-04-24 14:47:33 [34mdebug[39m [JwtStrategy] [JWT-STRAT] User lookup for bd1fdd95-f1fb-4049-a60d-4b7261095e82: found=true
2026-04-24 14:47:33 [34mdebug[39m [RolesGuard] [ROLES] Required: ["teacher","admin"] | User roles: ["teacher"] | Path: /api/ai/teacher/jobs/551795f4-0831-4ef4-974a-962cd3c596da
Query: select "id", "teacher_id" from "ai_generation_jobs" "aiGenerationJobs" where "aiGenerationJobs"."id" = $1 limit $2 -- params: ["551795f4-0831-4ef4-974a-962cd3c596da", 1]
2026-04-24 14:47:35 [34mdebug[39m [JwtAuthGuard] [AUTH-GUARD] Authorization header present: true
2026-04-24 14:47:35 [34mdebug[39m [JwtStrategy] [JWT-STRAT] Validating token for userId: bd1fdd95-f1fb-4049-a60d-4b7261095e82
Query: select "id", "email", "password", "first_name", "middle_name", "last_name", "account_status", "is_email_verified", "last_login_at", "created_at", "updated_at" from "users" "users" where "users"."id" = $1 limit $2 -- params: ["bd1fdd95-f1fb-4049-a60d-4b7261095e82", 1]
Query: select "user_id", "date_of_birth", "profile_picture", "gender", "phone", "address", "family_name", "family_relationship", "family_contact", "grade_level", "lrn", "created_at", "updated_at" from "student_profiles" "studentProfiles" where "studentProfiles"."user_id" = $1 limit $2 -- params: ["bd1fdd95-f1fb-4049-a60d-4b7261095e82", 1]
Query: select "userRoles"."user_id", "userRoles"."role_id", "userRoles"."assigned_at", "userRoles"."assigned_by", "userRoles_role"."data" as "role" from "user_roles" "userRoles" left join lateral (select json_build_array("userRoles_role"."id", "userRoles_role"."name", "userRoles_role"."description", "userRoles_role"."created_at") as "data" from (select * from "roles" "userRoles_role" where "userRoles_role"."id" = "userRoles"."role_id" limit $1) "userRoles_role") "userRoles_role" on true where "userRoles"."user_id" = $2 -- params: [1, "bd1fdd95-f1fb-4049-a60d-4b7261095e82"]
Query: select "user_id", "department", "specialization", "profile_picture", "contact_number", "date_of_birth", "gender", "address", "employee_id", "created_at", "updated_at" from "teacher_profiles" "teacherProfiles" where "teacherProfiles"."user_id" = $1 limit $2 -- params: ["bd1fdd95-f1fb-4049-a60d-4b7261095e82", 1]
2026-04-24 14:47:35 [34mdebug[39m [JwtStrategy] [JWT-STRAT] User lookup for bd1fdd95-f1fb-4049-a60d-4b7261095e82: found=true
2026-04-24 14:47:35 [34mdebug[39m [JwtAuthGuard] [AUTH-GUARD] Authorization header present: true
2026-04-24 14:47:35 [34mdebug[39m [JwtStrategy] [JWT-STRAT] Validating token for userId: bd1fdd95-f1fb-4049-a60d-4b7261095e82
Query: select "id", "email", "password", "first_name", "middle_name", "last_name", "account_status", "is_email_verified", "last_login_at", "created_at", "updated_at" from "users" "users" where "users"."id" = $1 limit $2 -- params: ["bd1fdd95-f1fb-4049-a60d-4b7261095e82", 1]
Query: select "user_id", "date_of_birth", "profile_picture", "gender", "phone", "address", "family_name", "family_relationship", "family_contact", "grade_level", "lrn", "created_at", "updated_at" from "student_profiles" "studentProfiles" where "studentProfiles"."user_id" = $1 limit $2 -- params: ["bd1fdd95-f1fb-4049-a60d-4b7261095e82", 1]
Query: select "userRoles"."user_id", "userRoles"."role_id", "userRoles"."assigned_at", "userRoles"."assigned_by", "userRoles_role"."data" as "role" from "user_roles" "userRoles" left join lateral (select json_build_array("userRoles_role"."id", "userRoles_role"."name", "userRoles_role"."description", "userRoles_role"."created_at") as "data" from (select * from "roles" "userRoles_role" where "userRoles_role"."id" = "userRoles"."role_id" limit $1) "userRoles_role") "userRoles_role" on true where "userRoles"."user_id" = $2 -- params: [1, "bd1fdd95-f1fb-4049-a60d-4b7261095e82"]
Query: select "user_id", "department", "specialization", "profile_picture", "contact_number", "date_of_birth", "gender", "address", "employee_id", "created_at", "updated_at" from "teacher_profiles" "teacherProfiles" where "teacherProfiles"."user_id" = $1 limit $2 -- params: ["bd1fdd95-f1fb-4049-a60d-4b7261095e82", 1]
2026-04-24 14:47:35 [34mdebug[39m [JwtStrategy] [JWT-STRAT] User lookup for bd1fdd95-f1fb-4049-a60d-4b7261095e82: found=true
2026-04-24 14:47:35 [34mdebug[39m [RolesGuard] [ROLES] Required: ["teacher","admin"] | User roles: ["teacher"] | Path: /api/ai/teacher/jobs/551795f4-0831-4ef4-974a-962cd3c596da
Query: select "id", "teacher_id" from "ai_generation_jobs" "aiGenerationJobs" where "aiGenerationJobs"."id" = $1 limit $2 -- params: ["551795f4-0831-4ef4-974a-962cd3c596da", 1]
2026-04-24 14:47:38 [34mdebug[39m [JwtAuthGuard] [AUTH-GUARD] Authorization header present: true
2026-04-24 14:47:38 [34mdebug[39m [JwtStrategy] [JWT-STRAT] Validating token for userId: bd1fdd95-f1fb-4049-a60d-4b7261095e82
Query: select "id", "email", "password", "first_name", "middle_name", "last_name", "account_status", "is_email_verified", "last_login_at", "created_at", "updated_at" from "users" "users" where "users"."id" = $1 limit $2 -- params: ["bd1fdd95-f1fb-4049-a60d-4b7261095e82", 1]
Query: select "user_id", "date_of_birth", "profile_picture", "gender", "phone", "address", "family_name", "family_relationship", "family_contact", "grade_level", "lrn", "created_at", "updated_at" from "student_profiles" "studentProfiles" where "studentProfiles"."user_id" = $1 limit $2 -- params: ["bd1fdd95-f1fb-4049-a60d-4b7261095e82", 1]
Query: select "userRoles"."user_id", "userRoles"."role_id", "userRoles"."assigned_at", "userRoles"."assigned_by", "userRoles_role"."data" as "role" from "user_roles" "userRoles" left join lateral (select json_build_array("userRoles_role"."id", "userRoles_role"."name", "userRoles_role"."description", "userRoles_role"."created_at") as "data" from (select * from "roles" "userRoles_role" where "userRoles_role"."id" = "userRoles"."role_id" limit $1) "userRoles_role") "userRoles_role" on true where "userRoles"."user_id" = $2 -- params: [1, "bd1fdd95-f1fb-4049-a60d-4b7261095e82"]
Query: select "user_id", "department", "specialization", "profile_picture", "contact_number", "date_of_birth", "gender", "address", "employee_id", "created_at", "updated_at" from "teacher_profiles" "teacherProfiles" where "teacherProfiles"."user_id" = $1 limit $2 -- params: ["bd1fdd95-f1fb-4049-a60d-4b7261095e82", 1]
2026-04-24 14:47:38 [34mdebug[39m [JwtStrategy] [JWT-STRAT] User lookup for bd1fdd95-f1fb-4049-a60d-4b7261095e82: found=true
2026-04-24 14:47:38 [34mdebug[39m [JwtAuthGuard] [AUTH-GUARD] Authorization header present: true
2026-04-24 14:47:38 [34mdebug[39m [JwtStrategy] [JWT-STRAT] Validating token for userId: bd1fdd95-f1fb-4049-a60d-4b7261095e82
Query: select "id", "email", "password", "first_name", "middle_name", "last_name", "account_status", "is_email_verified", "last_login_at", "created_at", "updated_at" from "users" "users" where "users"."id" = $1 limit $2 -- params: ["bd1fdd95-f1fb-4049-a60d-4b7261095e82", 1]
Query: select "user_id", "date_of_birth", "profile_picture", "gender", "phone", "address", "family_name", "family_relationship", "family_contact", "grade_level", "lrn", "created_at", "updated_at" from "student_profiles" "studentProfiles" where "studentProfiles"."user_id" = $1 limit $2 -- params: ["bd1fdd95-f1fb-4049-a60d-4b7261095e82", 1]
Query: select "userRoles"."user_id", "userRoles"."role_id", "userRoles"."assigned_at", "userRoles"."assigned_by", "userRoles_role"."data" as "role" from "user_roles" "userRoles" left join lateral (select json_build_array("userRoles_role"."id", "userRoles_role"."name", "userRoles_role"."description", "userRoles_role"."created_at") as "data" from (select * from "roles" "userRoles_role" where "userRoles_role"."id" = "userRoles"."role_id" limit $1) "userRoles_role") "userRoles_role" on true where "userRoles"."user_id" = $2 -- params: [1, "bd1fdd95-f1fb-4049-a60d-4b7261095e82"]
Query: select "user_id", "department", "specialization", "profile_picture", "contact_number", "date_of_birth", "gender", "address", "employee_id", "created_at", "updated_at" from "teacher_profiles" "teacherProfiles" where "teacherProfiles"."user_id" = $1 limit $2 -- params: ["bd1fdd95-f1fb-4049-a60d-4b7261095e82", 1]
2026-04-24 14:47:38 [34mdebug[39m [JwtStrategy] [JWT-STRAT] User lookup for bd1fdd95-f1fb-4049-a60d-4b7261095e82: found=true
2026-04-24 14:47:38 [34mdebug[39m [RolesGuard] [ROLES] Required: ["teacher","admin"] | User roles: ["teacher"] | Path: /api/ai/teacher/jobs/551795f4-0831-4ef4-974a-962cd3c596da
Query: select "id", "teacher_id" from "ai_generation_jobs" "aiGenerationJobs" where "aiGenerationJobs"."id" = $1 limit $2 -- params: ["551795f4-0831-4ef4-974a-962cd3c596da", 1]
2026-04-24 14:47:40 [34mdebug[39m [JwtAuthGuard] [AUTH-GUARD] Authorization header present: true
2026-04-24 14:47:40 [34mdebug[39m [JwtStrategy] [JWT-STRAT] Validating token for userId: bd1fdd95-f1fb-4049-a60d-4b7261095e82
Query: select "id", "email", "password", "first_name", "middle_name", "last_name", "account_status", "is_email_verified", "last_login_at", "created_at", "updated_at" from "users" "users" where "users"."id" = $1 limit $2 -- params: ["bd1fdd95-f1fb-4049-a60d-4b7261095e82", 1]
Query: select "user_id", "date_of_birth", "profile_picture", "gender", "phone", "address", "family_name", "family_relationship", "family_contact", "grade_level", "lrn", "created_at", "updated_at" from "student_profiles" "studentProfiles" where "studentProfiles"."user_id" = $1 limit $2 -- params: ["bd1fdd95-f1fb-4049-a60d-4b7261095e82", 1]
Query: select "userRoles"."user_id", "userRoles"."role_id", "userRoles"."assigned_at", "userRoles"."assigned_by", "userRoles_role"."data" as "role" from "user_roles" "userRoles" left join lateral (select json_build_array("userRoles_role"."id", "userRoles_role"."name", "userRoles_role"."description", "userRoles_role"."created_at") as "data" from (select * from "roles" "userRoles_role" where "userRoles_role"."id" = "userRoles"."role_id" limit $1) "userRoles_role") "userRoles_role" on true where "userRoles"."user_id" = $2 -- params: [1, "bd1fdd95-f1fb-4049-a60d-4b7261095e82"]
Query: select "user_id", "department", "specialization", "profile_picture", "contact_number", "date_of_birth", "gender", "address", "employee_id", "created_at", "updated_at" from "teacher_profiles" "teacherProfiles" where "teacherProfiles"."user_id" = $1 limit $2 -- params: ["bd1fdd95-f1fb-4049-a60d-4b7261095e82", 1]
2026-04-24 14:47:40 [34mdebug[39m [JwtStrategy] [JWT-STRAT] User lookup for bd1fdd95-f1fb-4049-a60d-4b7261095e82: found=true
2026-04-24 14:47:40 [34mdebug[39m [JwtAuthGuard] [AUTH-GUARD] Authorization header present: true
2026-04-24 14:47:40 [34mdebug[39m [JwtStrategy] [JWT-STRAT] Validating token for userId: bd1fdd95-f1fb-4049-a60d-4b7261095e82
Query: select "id", "email", "password", "first_name", "middle_name", "last_name", "account_status", "is_email_verified", "last_login_at", "created_at", "updated_at" from "users" "users" where "users"."id" = $1 limit $2 -- params: ["bd1fdd95-f1fb-4049-a60d-4b7261095e82", 1]
Query: select "user_id", "date_of_birth", "profile_picture", "gender", "phone", "address", "family_name", "family_relationship", "family_contact", "grade_level", "lrn", "created_at", "updated_at" from "student_profiles" "studentProfiles" where "studentProfiles"."user_id" = $1 limit $2 -- params: ["bd1fdd95-f1fb-4049-a60d-4b7261095e82", 1]
Query: select "userRoles"."user_id", "userRoles"."role_id", "userRoles"."assigned_at", "userRoles"."assigned_by", "userRoles_role"."data" as "role" from "user_roles" "userRoles" left join lateral (select json_build_array("userRoles_role"."id", "userRoles_role"."name", "userRoles_role"."description", "userRoles_role"."created_at") as "data" from (select * from "roles" "userRoles_role" where "userRoles_role"."id" = "userRoles"."role_id" limit $1) "userRoles_role") "userRoles_role" on true where "userRoles"."user_id" = $2 -- params: [1, "bd1fdd95-f1fb-4049-a60d-4b7261095e82"]
Query: select "user_id", "department", "specialization", "profile_picture", "contact_number", "date_of_birth", "gender", "address", "employee_id", "created_at", "updated_at" from "teacher_profiles" "teacherProfiles" where "teacherProfiles"."user_id" = $1 limit $2 -- params: ["bd1fdd95-f1fb-4049-a60d-4b7261095e82", 1]
2026-04-24 14:47:40 [34mdebug[39m [JwtStrategy] [JWT-STRAT] User lookup for bd1fdd95-f1fb-4049-a60d-4b7261095e82: found=true
2026-04-24 14:47:40 [34mdebug[39m [RolesGuard] [ROLES] Required: ["teacher","admin"] | User roles: ["teacher"] | Path: /api/ai/teacher/jobs/551795f4-0831-4ef4-974a-962cd3c596da
Query: select "id", "teacher_id" from "ai_generation_jobs" "aiGenerationJobs" where "aiGenerationJobs"."id" = $1 limit $2 -- params: ["551795f4-0831-4ef4-974a-962cd3c596da", 1]
2026-04-24 14:47:43 [34mdebug[39m [JwtAuthGuard] [AUTH-GUARD] Authorization header present: true
2026-04-24 14:47:43 [34mdebug[39m [JwtStrategy] [JWT-STRAT] Validating token for userId: bd1fdd95-f1fb-4049-a60d-4b7261095e82
Query: select "id", "email", "password", "first_name", "middle_name", "last_name", "account_status", "is_email_verified", "last_login_at", "created_at", "updated_at" from "users" "users" where "users"."id" = $1 limit $2 -- params: ["bd1fdd95-f1fb-4049-a60d-4b7261095e82", 1]
Query: select "user_id", "date_of_birth", "profile_picture", "gender", "phone", "address", "family_name", "family_relationship", "family_contact", "grade_level", "lrn", "created_at", "updated_at" from "student_profiles" "studentProfiles" where "studentProfiles"."user_id" = $1 limit $2 -- params: ["bd1fdd95-f1fb-4049-a60d-4b7261095e82", 1]
Query: select "userRoles"."user_id", "userRoles"."role_id", "userRoles"."assigned_at", "userRoles"."assigned_by", "userRoles_role"."data" as "role" from "user_roles" "userRoles" left join lateral (select json_build_array("userRoles_role"."id", "userRoles_role"."name", "userRoles_role"."description", "userRoles_role"."created_at") as "data" from (select * from "roles" "userRoles_role" where "userRoles_role"."id" = "userRoles"."role_id" limit $1) "userRoles_role") "userRoles_role" on true where "userRoles"."user_id" = $2 -- params: [1, "bd1fdd95-f1fb-4049-a60d-4b7261095e82"]
Query: select "user_id", "department", "specialization", "profile_picture", "contact_number", "date_of_birth", "gender", "address", "employee_id", "created_at", "updated_at" from "teacher_profiles" "teacherProfiles" where "teacherProfiles"."user_id" = $1 limit $2 -- params: ["bd1fdd95-f1fb-4049-a60d-4b7261095e82", 1]
2026-04-24 14:47:43 [34mdebug[39m [JwtStrategy] [JWT-STRAT] User lookup for bd1fdd95-f1fb-4049-a60d-4b7261095e82: found=true
2026-04-24 14:47:43 [34mdebug[39m [JwtAuthGuard] [AUTH-GUARD] Authorization header present: true
2026-04-24 14:47:43 [34mdebug[39m [JwtStrategy] [JWT-STRAT] Validating token for userId: bd1fdd95-f1fb-4049-a60d-4b7261095e82
Query: select "id", "email", "password", "first_name", "middle_name", "last_name", "account_status", "is_email_verified", "last_login_at", "created_at", "updated_at" from "users" "users" where "users"."id" = $1 limit $2 -- params: ["bd1fdd95-f1fb-4049-a60d-4b7261095e82", 1]
Query: select "user_id", "date_of_birth", "profile_picture", "gender", "phone", "address", "family_name", "family_relationship", "family_contact", "grade_level", "lrn", "created_at", "updated_at" from "student_profiles" "studentProfiles" where "studentProfiles"."user_id" = $1 limit $2 -- params: ["bd1fdd95-f1fb-4049-a60d-4b7261095e82", 1]
Query: select "userRoles"."user_id", "userRoles"."role_id", "userRoles"."assigned_at", "userRoles"."assigned_by", "userRoles_role"."data" as "role" from "user_roles" "userRoles" left join lateral (select json_build_array("userRoles_role"."id", "userRoles_role"."name", "userRoles_role"."description", "userRoles_role"."created_at") as "data" from (select * from "roles" "userRoles_role" where "userRoles_role"."id" = "userRoles"."role_id" limit $1) "userRoles_role") "userRoles_role" on true where "userRoles"."user_id" = $2 -- params: [1, "bd1fdd95-f1fb-4049-a60d-4b7261095e82"]
Query: select "user_id", "department", "specialization", "profile_picture", "contact_number", "date_of_birth", "gender", "address", "employee_id", "created_at", "updated_at" from "teacher_profiles" "teacherProfiles" where "teacherProfiles"."user_id" = $1 limit $2 -- params: ["bd1fdd95-f1fb-4049-a60d-4b7261095e82", 1]
2026-04-24 14:47:43 [34mdebug[39m [JwtStrategy] [JWT-STRAT] User lookup for bd1fdd95-f1fb-4049-a60d-4b7261095e82: found=true
2026-04-24 14:47:43 [34mdebug[39m [RolesGuard] [ROLES] Required: ["teacher","admin"] | User roles: ["teacher"] | Path: /api/ai/teacher/jobs/551795f4-0831-4ef4-974a-962cd3c596da
Query: select "id", "teacher_id" from "ai_generation_jobs" "aiGenerationJobs" where "aiGenerationJobs"."id" = $1 limit $2 -- params: ["551795f4-0831-4ef4-974a-962cd3c596da", 1]
2026-04-24 14:47:45 [34mdebug[39m [JwtAuthGuard] [AUTH-GUARD] Authorization header present: true
2026-04-24 14:47:45 [34mdebug[39m [JwtStrategy] [JWT-STRAT] Validating token for userId: bd1fdd95-f1fb-4049-a60d-4b7261095e82
Query: select "id", "email", "password", "first_name", "middle_name", "last_name", "account_status", "is_email_verified", "last_login_at", "created_at", "updated_at" from "users" "users" where "users"."id" = $1 limit $2 -- params: ["bd1fdd95-f1fb-4049-a60d-4b7261095e82", 1]
Query: select "user_id", "date_of_birth", "profile_picture", "gender", "phone", "address", "family_name", "family_relationship", "family_contact", "grade_level", "lrn", "created_at", "updated_at" from "student_profiles" "studentProfiles" where "studentProfiles"."user_id" = $1 limit $2 -- params: ["bd1fdd95-f1fb-4049-a60d-4b7261095e82", 1]
Query: select "userRoles"."user_id", "userRoles"."role_id", "userRoles"."assigned_at", "userRoles"."assigned_by", "userRoles_role"."data" as "role" from "user_roles" "userRoles" left join lateral (select json_build_array("userRoles_role"."id", "userRoles_role"."name", "userRoles_role"."description", "userRoles_role"."created_at") as "data" from (select * from "roles" "userRoles_role" where "userRoles_role"."id" = "userRoles"."role_id" limit $1) "userRoles_role") "userRoles_role" on true where "userRoles"."user_id" = $2 -- params: [1, "bd1fdd95-f1fb-4049-a60d-4b7261095e82"]
Query: select "user_id", "department", "specialization", "profile_picture", "contact_number", "date_of_birth", "gender", "address", "employee_id", "created_at", "updated_at" from "teacher_profiles" "teacherProfiles" where "teacherProfiles"."user_id" = $1 limit $2 -- params: ["bd1fdd95-f1fb-4049-a60d-4b7261095e82", 1]
2026-04-24 14:47:45 [34mdebug[39m [JwtStrategy] [JWT-STRAT] User lookup for bd1fdd95-f1fb-4049-a60d-4b7261095e82: found=true
2026-04-24 14:47:45 [34mdebug[39m [JwtAuthGuard] [AUTH-GUARD] Authorization header present: true
2026-04-24 14:47:45 [34mdebug[39m [JwtStrategy] [JWT-STRAT] Validating token for userId: bd1fdd95-f1fb-4049-a60d-4b7261095e82
Query: select "id", "email", "password", "first_name", "middle_name", "last_name", "account_status", "is_email_verified", "last_login_at", "created_at", "updated_at" from "users" "users" where "users"."id" = $1 limit $2 -- params: ["bd1fdd95-f1fb-4049-a60d-4b7261095e82", 1]
Query: select "user_id", "date_of_birth", "profile_picture", "gender", "phone", "address", "family_name", "family_relationship", "family_contact", "grade_level", "lrn", "created_at", "updated_at" from "student_profiles" "studentProfiles" where "studentProfiles"."user_id" = $1 limit $2 -- params: ["bd1fdd95-f1fb-4049-a60d-4b7261095e82", 1]
Query: select "userRoles"."user_id", "userRoles"."role_id", "userRoles"."assigned_at", "userRoles"."assigned_by", "userRoles_role"."data" as "role" from "user_roles" "userRoles" left join lateral (select json_build_array("userRoles_role"."id", "userRoles_role"."name", "userRoles_role"."description", "userRoles_role"."created_at") as "data" from (select * from "roles" "userRoles_role" where "userRoles_role"."id" = "userRoles"."role_id" limit $1) "userRoles_role") "userRoles_role" on true where "userRoles"."user_id" = $2 -- params: [1, "bd1fdd95-f1fb-4049-a60d-4b7261095e82"]
Query: select "user_id", "department", "specialization", "profile_picture", "contact_number", "date_of_birth", "gender", "address", "employee_id", "created_at", "updated_at" from "teacher_profiles" "teacherProfiles" where "teacherProfiles"."user_id" = $1 limit $2 -- params: ["bd1fdd95-f1fb-4049-a60d-4b7261095e82", 1]
2026-04-24 14:47:45 [34mdebug[39m [JwtStrategy] [JWT-STRAT] User lookup for bd1fdd95-f1fb-4049-a60d-4b7261095e82: found=true
2026-04-24 14:47:45 [34mdebug[39m [RolesGuard] [ROLES] Required: ["teacher","admin"] | User roles: ["teacher"] | Path: /api/ai/teacher/jobs/551795f4-0831-4ef4-974a-962cd3c596da
Query: select "id", "teacher_id" from "ai_generation_jobs" "aiGenerationJobs" where "aiGenerationJobs"."id" = $1 limit $2 -- params: ["551795f4-0831-4ef4-974a-962cd3c596da", 1]
2026-04-24 14:47:48 [34mdebug[39m [JwtAuthGuard] [AUTH-GUARD] Authorization header present: true
2026-04-24 14:47:48 [34mdebug[39m [JwtStrategy] [JWT-STRAT] Validating token for userId: bd1fdd95-f1fb-4049-a60d-4b7261095e82
Query: select "id", "email", "password", "first_name", "middle_name", "last_name", "account_status", "is_email_verified", "last_login_at", "created_at", "updated_at" from "users" "users" where "users"."id" = $1 limit $2 -- params: ["bd1fdd95-f1fb-4049-a60d-4b7261095e82", 1]
Query: select "user_id", "date_of_birth", "profile_picture", "gender", "phone", "address", "family_name", "family_relationship", "family_contact", "grade_level", "lrn", "created_at", "updated_at" from "student_profiles" "studentProfiles" where "studentProfiles"."user_id" = $1 limit $2 -- params: ["bd1fdd95-f1fb-4049-a60d-4b7261095e82", 1]
Query: select "userRoles"."user_id", "userRoles"."role_id", "userRoles"."assigned_at", "userRoles"."assigned_by", "userRoles_role"."data" as "role" from "user_roles" "userRoles" left join lateral (select json_build_array("userRoles_role"."id", "userRoles_role"."name", "userRoles_role"."description", "userRoles_role"."created_at") as "data" from (select * from "roles" "userRoles_role" where "userRoles_role"."id" = "userRoles"."role_id" limit $1) "userRoles_role") "userRoles_role" on true where "userRoles"."user_id" = $2 -- params: [1, "bd1fdd95-f1fb-4049-a60d-4b7261095e82"]
Query: select "user_id", "department", "specialization", "profile_picture", "contact_number", "date_of_birth", "gender", "address", "employee_id", "created_at", "updated_at" from "teacher_profiles" "teacherProfiles" where "teacherProfiles"."user_id" = $1 limit $2 -- params: ["bd1fdd95-f1fb-4049-a60d-4b7261095e82", 1]
2026-04-24 14:47:48 [34mdebug[39m [JwtStrategy] [JWT-STRAT] User lookup for bd1fdd95-f1fb-4049-a60d-4b7261095e82: found=true
2026-04-24 14:47:48 [34mdebug[39m [JwtAuthGuard] [AUTH-GUARD] Authorization header present: true
2026-04-24 14:47:48 [34mdebug[39m [JwtStrategy] [JWT-STRAT] Validating token for userId: bd1fdd95-f1fb-4049-a60d-4b7261095e82
Query: select "id", "email", "password", "first_name", "middle_name", "last_name", "account_status", "is_email_verified", "last_login_at", "created_at", "updated_at" from "users" "users" where "users"."id" = $1 limit $2 -- params: ["bd1fdd95-f1fb-4049-a60d-4b7261095e82", 1]
Query: select "user_id", "date_of_birth", "profile_picture", "gender", "phone", "address", "family_name", "family_relationship", "family_contact", "grade_level", "lrn", "created_at", "updated_at" from "student_profiles" "studentProfiles" where "studentProfiles"."user_id" = $1 limit $2 -- params: ["bd1fdd95-f1fb-4049-a60d-4b7261095e82", 1]
Query: select "userRoles"."user_id", "userRoles"."role_id", "userRoles"."assigned_at", "userRoles"."assigned_by", "userRoles_role"."data" as "role" from "user_roles" "userRoles" left join lateral (select json_build_array("userRoles_role"."id", "userRoles_role"."name", "userRoles_role"."description", "userRoles_role"."created_at") as "data" from (select * from "roles" "userRoles_role" where "userRoles_role"."id" = "userRoles"."role_id" limit $1) "userRoles_role") "userRoles_role" on true where "userRoles"."user_id" = $2 -- params: [1, "bd1fdd95-f1fb-4049-a60d-4b7261095e82"]
Query: select "user_id", "department", "specialization", "profile_picture", "contact_number", "date_of_birth", "gender", "address", "employee_id", "created_at", "updated_at" from "teacher_profiles" "teacherProfiles" where "teacherProfiles"."user_id" = $1 limit $2 -- params: ["bd1fdd95-f1fb-4049-a60d-4b7261095e82", 1]
2026-04-24 14:47:48 [34mdebug[39m [JwtStrategy] [JWT-STRAT] User lookup for bd1fdd95-f1fb-4049-a60d-4b7261095e82: found=true
2026-04-24 14:47:48 [34mdebug[39m [RolesGuard] [ROLES] Required: ["teacher","admin"] | User roles: ["teacher"] | Path: /api/ai/teacher/jobs/551795f4-0831-4ef4-974a-962cd3c596da
Query: select "id", "teacher_id" from "ai_generation_jobs" "aiGenerationJobs" where "aiGenerationJobs"."id" = $1 limit $2 -- params: ["551795f4-0831-4ef4-974a-962cd3c596da", 1]
2026-04-24 14:47:50 [34mdebug[39m [JwtAuthGuard] [AUTH-GUARD] Authorization header present: true
2026-04-24 14:47:50 [34mdebug[39m [JwtStrategy] [JWT-STRAT] Validating token for userId: bd1fdd95-f1fb-4049-a60d-4b7261095e82
Query: select "id", "email", "password", "first_name", "middle_name", "last_name", "account_status", "is_email_verified", "last_login_at", "created_at", "updated_at" from "users" "users" where "users"."id" = $1 limit $2 -- params: ["bd1fdd95-f1fb-4049-a60d-4b7261095e82", 1]
Query: select "user_id", "date_of_birth", "profile_picture", "gender", "phone", "address", "family_name", "family_relationship", "family_contact", "grade_level", "lrn", "created_at", "updated_at" from "student_profiles" "studentProfiles" where "studentProfiles"."user_id" = $1 limit $2 -- params: ["bd1fdd95-f1fb-4049-a60d-4b7261095e82", 1]
Query: select "userRoles"."user_id", "userRoles"."role_id", "userRoles"."assigned_at", "userRoles"."assigned_by", "userRoles_role"."data" as "role" from "user_roles" "userRoles" left join lateral (select json_build_array("userRoles_role"."id", "userRoles_role"."name", "userRoles_role"."description", "userRoles_role"."created_at") as "data" from (select * from "roles" "userRoles_role" where "userRoles_role"."id" = "userRoles"."role_id" limit $1) "userRoles_role") "userRoles_role" on true where "userRoles"."user_id" = $2 -- params: [1, "bd1fdd95-f1fb-4049-a60d-4b7261095e82"]
Query: select "user_id", "department", "specialization", "profile_picture", "contact_number", "date_of_birth", "gender", "address", "employee_id", "created_at", "updated_at" from "teacher_profiles" "teacherProfiles" where "teacherProfiles"."user_id" = $1 limit $2 -- params: ["bd1fdd95-f1fb-4049-a60d-4b7261095e82", 1]
2026-04-24 14:47:50 [34mdebug[39m [JwtStrategy] [JWT-STRAT] User lookup for bd1fdd95-f1fb-4049-a60d-4b7261095e82: found=true
2026-04-24 14:47:50 [34mdebug[39m [JwtAuthGuard] [AUTH-GUARD] Authorization header present: true
2026-04-24 14:47:50 [34mdebug[39m [JwtStrategy] [JWT-STRAT] Validating token for userId: bd1fdd95-f1fb-4049-a60d-4b7261095e82
Query: select "id", "email", "password", "first_name", "middle_name", "last_name", "account_status", "is_email_verified", "last_login_at", "created_at", "updated_at" from "users" "users" where "users"."id" = $1 limit $2 -- params: ["bd1fdd95-f1fb-4049-a60d-4b7261095e82", 1]
Query: select "user_id", "date_of_birth", "profile_picture", "gender", "phone", "address", "family_name", "family_relationship", "family_contact", "grade_level", "lrn", "created_at", "updated_at" from "student_profiles" "studentProfiles" where "studentProfiles"."user_id" = $1 limit $2 -- params: ["bd1fdd95-f1fb-4049-a60d-4b7261095e82", 1]
Query: select "userRoles"."user_id", "userRoles"."role_id", "userRoles"."assigned_at", "userRoles"."assigned_by", "userRoles_role"."data" as "role" from "user_roles" "userRoles" left join lateral (select json_build_array("userRoles_role"."id", "userRoles_role"."name", "userRoles_role"."description", "userRoles_role"."created_at") as "data" from (select * from "roles" "userRoles_role" where "userRoles_role"."id" = "userRoles"."role_id" limit $1) "userRoles_role") "userRoles_role" on true where "userRoles"."user_id" = $2 -- params: [1, "bd1fdd95-f1fb-4049-a60d-4b7261095e82"]
Query: select "user_id", "department", "specialization", "profile_picture", "contact_number", "date_of_birth", "gender", "address", "employee_id", "created_at", "updated_at" from "teacher_profiles" "teacherProfiles" where "teacherProfiles"."user_id" = $1 limit $2 -- params: ["bd1fdd95-f1fb-4049-a60d-4b7261095e82", 1]
2026-04-24 14:47:50 [34mdebug[39m [JwtStrategy] [JWT-STRAT] User lookup for bd1fdd95-f1fb-4049-a60d-4b7261095e82: found=true
2026-04-24 14:47:50 [34mdebug[39m [RolesGuard] [ROLES] Required: ["teacher","admin"] | User roles: ["teacher"] | Path: /api/ai/teacher/jobs/551795f4-0831-4ef4-974a-962cd3c596da
Query: select "id", "teacher_id" from "ai_generation_jobs" "aiGenerationJobs" where "aiGenerationJobs"."id" = $1 limit $2 -- params: ["551795f4-0831-4ef4-974a-962cd3c596da", 1]
2026-04-24 14:47:53 [34mdebug[39m [JwtAuthGuard] [AUTH-GUARD] Authorization header present: true
2026-04-24 14:47:53 [34mdebug[39m [JwtStrategy] [JWT-STRAT] Validating token for userId: bd1fdd95-f1fb-4049-a60d-4b7261095e82
Query: select "id", "email", "password", "first_name", "middle_name", "last_name", "account_status", "is_email_verified", "last_login_at", "created_at", "updated_at" from "users" "users" where "users"."id" = $1 limit $2 -- params: ["bd1fdd95-f1fb-4049-a60d-4b7261095e82", 1]
Query: select "user_id", "date_of_birth", "profile_picture", "gender", "phone", "address", "family_name", "family_relationship", "family_contact", "grade_level", "lrn", "created_at", "updated_at" from "student_profiles" "studentProfiles" where "studentProfiles"."user_id" = $1 limit $2 -- params: ["bd1fdd95-f1fb-4049-a60d-4b7261095e82", 1]
Query: select "userRoles"."user_id", "userRoles"."role_id", "userRoles"."assigned_at", "userRoles"."assigned_by", "userRoles_role"."data" as "role" from "user_roles" "userRoles" left join lateral (select json_build_array("userRoles_role"."id", "userRoles_role"."name", "userRoles_role"."description", "userRoles_role"."created_at") as "data" from (select * from "roles" "userRoles_role" where "userRoles_role"."id" = "userRoles"."role_id" limit $1) "userRoles_role") "userRoles_role" on true where "userRoles"."user_id" = $2 -- params: [1, "bd1fdd95-f1fb-4049-a60d-4b7261095e82"]
Query: select "user_id", "department", "specialization", "profile_picture", "contact_number", "date_of_birth", "gender", "address", "employee_id", "created_at", "updated_at" from "teacher_profiles" "teacherProfiles" where "teacherProfiles"."user_id" = $1 limit $2 -- params: ["bd1fdd95-f1fb-4049-a60d-4b7261095e82", 1]
2026-04-24 14:47:53 [34mdebug[39m [JwtStrategy] [JWT-STRAT] User lookup for bd1fdd95-f1fb-4049-a60d-4b7261095e82: found=true
2026-04-24 14:47:53 [34mdebug[39m [JwtAuthGuard] [AUTH-GUARD] Authorization header present: true
2026-04-24 14:47:53 [34mdebug[39m [JwtStrategy] [JWT-STRAT] Validating token for userId: bd1fdd95-f1fb-4049-a60d-4b7261095e82
Query: select "id", "email", "password", "first_name", "middle_name", "last_name", "account_status", "is_email_verified", "last_login_at", "created_at", "updated_at" from "users" "users" where "users"."id" = $1 limit $2 -- params: ["bd1fdd95-f1fb-4049-a60d-4b7261095e82", 1]
Query: select "user_id", "date_of_birth", "profile_picture", "gender", "phone", "address", "family_name", "family_relationship", "family_contact", "grade_level", "lrn", "created_at", "updated_at" from "student_profiles" "studentProfiles" where "studentProfiles"."user_id" = $1 limit $2 -- params: ["bd1fdd95-f1fb-4049-a60d-4b7261095e82", 1]
Query: select "userRoles"."user_id", "userRoles"."role_id", "userRoles"."assigned_at", "userRoles"."assigned_by", "userRoles_role"."data" as "role" from "user_roles" "userRoles" left join lateral (select json_build_array("userRoles_role"."id", "userRoles_role"."name", "userRoles_role"."description", "userRoles_role"."created_at") as "data" from (select * from "roles" "userRoles_role" where "userRoles_role"."id" = "userRoles"."role_id" limit $1) "userRoles_role") "userRoles_role" on true where "userRoles"."user_id" = $2 -- params: [1, "bd1fdd95-f1fb-4049-a60d-4b7261095e82"]
Query: select "user_id", "department", "specialization", "profile_picture", "contact_number", "date_of_birth", "gender", "address", "employee_id", "created_at", "updated_at" from "teacher_profiles" "teacherProfiles" where "teacherProfiles"."user_id" = $1 limit $2 -- params: ["bd1fdd95-f1fb-4049-a60d-4b7261095e82", 1]
2026-04-24 14:47:53 [34mdebug[39m [JwtStrategy] [JWT-STRAT] User lookup for bd1fdd95-f1fb-4049-a60d-4b7261095e82: found=true
2026-04-24 14:47:53 [34mdebug[39m [RolesGuard] [ROLES] Required: ["teacher","admin"] | User roles: ["teacher"] | Path: /api/ai/teacher/jobs/551795f4-0831-4ef4-974a-962cd3c596da
Query: select "id", "teacher_id" from "ai_generation_jobs" "aiGenerationJobs" where "aiGenerationJobs"."id" = $1 limit $2 -- params: ["551795f4-0831-4ef4-974a-962cd3c596da", 1]
2026-04-24 14:47:55 [34mdebug[39m [JwtAuthGuard] [AUTH-GUARD] Authorization header present: true
2026-04-24 14:47:55 [34mdebug[39m [JwtStrategy] [JWT-STRAT] Validating token for userId: bd1fdd95-f1fb-4049-a60d-4b7261095e82
Query: select "id", "email", "password", "first_name", "middle_name", "last_name", "account_status", "is_email_verified", "last_login_at", "created_at", "updated_at" from "users" "users" where "users"."id" = $1 limit $2 -- params: ["bd1fdd95-f1fb-4049-a60d-4b7261095e82", 1]
Query: select "user_id", "date_of_birth", "profile_picture", "gender", "phone", "address", "family_name", "family_relationship", "family_contact", "grade_level", "lrn", "created_at", "updated_at" from "student_profiles" "studentProfiles" where "studentProfiles"."user_id" = $1 limit $2 -- params: ["bd1fdd95-f1fb-4049-a60d-4b7261095e82", 1]
Query: select "userRoles"."user_id", "userRoles"."role_id", "userRoles"."assigned_at", "userRoles"."assigned_by", "userRoles_role"."data" as "role" from "user_roles" "userRoles" left join lateral (select json_build_array("userRoles_role"."id", "userRoles_role"."name", "userRoles_role"."description", "userRoles_role"."created_at") as "data" from (select * from "roles" "userRoles_role" where "userRoles_role"."id" = "userRoles"."role_id" limit $1) "userRoles_role") "userRoles_role" on true where "userRoles"."user_id" = $2 -- params: [1, "bd1fdd95-f1fb-4049-a60d-4b7261095e82"]
Query: select "user_id", "department", "specialization", "profile_picture", "contact_number", "date_of_birth", "gender", "address", "employee_id", "created_at", "updated_at" from "teacher_profiles" "teacherProfiles" where "teacherProfiles"."user_id" = $1 limit $2 -- params: ["bd1fdd95-f1fb-4049-a60d-4b7261095e82", 1]
2026-04-24 14:47:55 [34mdebug[39m [JwtStrategy] [JWT-STRAT] User lookup for bd1fdd95-f1fb-4049-a60d-4b7261095e82: found=true
2026-04-24 14:47:55 [34mdebug[39m [JwtAuthGuard] [AUTH-GUARD] Authorization header present: true
2026-04-24 14:47:55 [34mdebug[39m [JwtStrategy] [JWT-STRAT] Validating token for userId: bd1fdd95-f1fb-4049-a60d-4b7261095e82
Query: select "id", "email", "password", "first_name", "middle_name", "last_name", "account_status", "is_email_verified", "last_login_at", "created_at", "updated_at" from "users" "users" where "users"."id" = $1 limit $2 -- params: ["bd1fdd95-f1fb-4049-a60d-4b7261095e82", 1]
Query: select "user_id", "date_of_birth", "profile_picture", "gender", "phone", "address", "family_name", "family_relationship", "family_contact", "grade_level", "lrn", "created_at", "updated_at" from "student_profiles" "studentProfiles" where "studentProfiles"."user_id" = $1 limit $2 -- params: ["bd1fdd95-f1fb-4049-a60d-4b7261095e82", 1]
Query: select "userRoles"."user_id", "userRoles"."role_id", "userRoles"."assigned_at", "userRoles"."assigned_by", "userRoles_role"."data" as "role" from "user_roles" "userRoles" left join lateral (select json_build_array("userRoles_role"."id", "userRoles_role"."name", "userRoles_role"."description", "userRoles_role"."created_at") as "data" from (select * from "roles" "userRoles_role" where "userRoles_role"."id" = "userRoles"."role_id" limit $1) "userRoles_role") "userRoles_role" on true where "userRoles"."user_id" = $2 -- params: [1, "bd1fdd95-f1fb-4049-a60d-4b7261095e82"]
Query: select "user_id", "department", "specialization", "profile_picture", "contact_number", "date_of_birth", "gender", "address", "employee_id", "created_at", "updated_at" from "teacher_profiles" "teacherProfiles" where "teacherProfiles"."user_id" = $1 limit $2 -- params: ["bd1fdd95-f1fb-4049-a60d-4b7261095e82", 1]
2026-04-24 14:47:55 [34mdebug[39m [JwtStrategy] [JWT-STRAT] User lookup for bd1fdd95-f1fb-4049-a60d-4b7261095e82: found=true
2026-04-24 14:47:55 [34mdebug[39m [RolesGuard] [ROLES] Required: ["teacher","admin"] | User roles: ["teacher"] | Path: /api/ai/teacher/jobs/551795f4-0831-4ef4-974a-962cd3c596da
Query: select "id", "teacher_id" from "ai_generation_jobs" "aiGenerationJobs" where "aiGenerationJobs"."id" = $1 limit $2 -- params: ["551795f4-0831-4ef4-974a-962cd3c596da", 1]
2026-04-24 14:47:58 [34mdebug[39m [JwtAuthGuard] [AUTH-GUARD] Authorization header present: true
2026-04-24 14:47:58 [34mdebug[39m [JwtStrategy] [JWT-STRAT] Validating token for userId: bd1fdd95-f1fb-4049-a60d-4b7261095e82
Query: select "id", "email", "password", "first_name", "middle_name", "last_name", "account_status", "is_email_verified", "last_login_at", "created_at", "updated_at" from "users" "users" where "users"."id" = $1 limit $2 -- params: ["bd1fdd95-f1fb-4049-a60d-4b7261095e82", 1]
Query: select "user_id", "date_of_birth", "profile_picture", "gender", "phone", "address", "family_name", "family_relationship", "family_contact", "grade_level", "lrn", "created_at", "updated_at" from "student_profiles" "studentProfiles" where "studentProfiles"."user_id" = $1 limit $2 -- params: ["bd1fdd95-f1fb-4049-a60d-4b7261095e82", 1]
Query: select "userRoles"."user_id", "userRoles"."role_id", "userRoles"."assigned_at", "userRoles"."assigned_by", "userRoles_role"."data" as "role" from "user_roles" "userRoles" left join lateral (select json_build_array("userRoles_role"."id", "userRoles_role"."name", "userRoles_role"."description", "userRoles_role"."created_at") as "data" from (select * from "roles" "userRoles_role" where "userRoles_role"."id" = "userRoles"."role_id" limit $1) "userRoles_role") "userRoles_role" on true where "userRoles"."user_id" = $2 -- params: [1, "bd1fdd95-f1fb-4049-a60d-4b7261095e82"]
Query: select "user_id", "department", "specialization", "profile_picture", "contact_number", "date_of_birth", "gender", "address", "employee_id", "created_at", "updated_at" from "teacher_profiles" "teacherProfiles" where "teacherProfiles"."user_id" = $1 limit $2 -- params: ["bd1fdd95-f1fb-4049-a60d-4b7261095e82", 1]
2026-04-24 14:47:58 [34mdebug[39m [JwtStrategy] [JWT-STRAT] User lookup for bd1fdd95-f1fb-4049-a60d-4b7261095e82: found=true
2026-04-24 14:47:58 [34mdebug[39m [JwtAuthGuard] [AUTH-GUARD] Authorization header present: true
2026-04-24 14:47:58 [34mdebug[39m [JwtStrategy] [JWT-STRAT] Validating token for userId: bd1fdd95-f1fb-4049-a60d-4b7261095e82
Query: select "id", "email", "password", "first_name", "middle_name", "last_name", "account_status", "is_email_verified", "last_login_at", "created_at", "updated_at" from "users" "users" where "users"."id" = $1 limit $2 -- params: ["bd1fdd95-f1fb-4049-a60d-4b7261095e82", 1]
Query: select "user_id", "date_of_birth", "profile_picture", "gender", "phone", "address", "family_name", "family_relationship", "family_contact", "grade_level", "lrn", "created_at", "updated_at" from "student_profiles" "studentProfiles" where "studentProfiles"."user_id" = $1 limit $2 -- params: ["bd1fdd95-f1fb-4049-a60d-4b7261095e82", 1]
Query: select "userRoles"."user_id", "userRoles"."role_id", "userRoles"."assigned_at", "userRoles"."assigned_by", "userRoles_role"."data" as "role" from "user_roles" "userRoles" left join lateral (select json_build_array("userRoles_role"."id", "userRoles_role"."name", "userRoles_role"."description", "userRoles_role"."created_at") as "data" from (select * from "roles" "userRoles_role" where "userRoles_role"."id" = "userRoles"."role_id" limit $1) "userRoles_role") "userRoles_role" on true where "userRoles"."user_id" = $2 -- params: [1, "bd1fdd95-f1fb-4049-a60d-4b7261095e82"]
Query: select "user_id", "department", "specialization", "profile_picture", "contact_number", "date_of_birth", "gender", "address", "employee_id", "created_at", "updated_at" from "teacher_profiles" "teacherProfiles" where "teacherProfiles"."user_id" = $1 limit $2 -- params: ["bd1fdd95-f1fb-4049-a60d-4b7261095e82", 1]
2026-04-24 14:47:58 [34mdebug[39m [JwtStrategy] [JWT-STRAT] User lookup for bd1fdd95-f1fb-4049-a60d-4b7261095e82: found=true
2026-04-24 14:47:58 [34mdebug[39m [RolesGuard] [ROLES] Required: ["teacher","admin"] | User roles: ["teacher"] | Path: /api/ai/teacher/jobs/551795f4-0831-4ef4-974a-962cd3c596da
Query: select "id", "teacher_id" from "ai_generation_jobs" "aiGenerationJobs" where "aiGenerationJobs"."id" = $1 limit $2 -- params: ["551795f4-0831-4ef4-974a-962cd3c596da", 1]
2026-04-24 14:48:00 [34mdebug[39m [AnnouncementsScheduler] Checking for due scheduled announcements...
Query: select "id", "class_id", "author_id", "title", "content", "is_pinned", "is_visible", "is_core_template_asset", "template_id", "template_source_id", "scheduled_at", "published_at", "archived_at", "created_at", "updated_at" from "announcements" "announcements" where ("announcements"."published_at" is null and "announcements"."archived_at" is null and "announcements"."scheduled_at" <= $1) -- params: ["2026-04-24T06:48:00.015Z"]
2026-04-24 14:48:00 [34mdebug[39m [JwtAuthGuard] [AUTH-GUARD] Authorization header present: true
2026-04-24 14:48:00 [34mdebug[39m [JwtStrategy] [JWT-STRAT] Validating token for userId: bd1fdd95-f1fb-4049-a60d-4b7261095e82
Query: select "id", "email", "password", "first_name", "middle_name", "last_name", "account_status", "is_email_verified", "last_login_at", "created_at", "updated_at" from "users" "users" where "users"."id" = $1 limit $2 -- params: ["bd1fdd95-f1fb-4049-a60d-4b7261095e82", 1]
Query: select "user_id", "date_of_birth", "profile_picture", "gender", "phone", "address", "family_name", "family_relationship", "family_contact", "grade_level", "lrn", "created_at", "updated_at" from "student_profiles" "studentProfiles" where "studentProfiles"."user_id" = $1 limit $2 -- params: ["bd1fdd95-f1fb-4049-a60d-4b7261095e82", 1]
Query: select "userRoles"."user_id", "userRoles"."role_id", "userRoles"."assigned_at", "userRoles"."assigned_by", "userRoles_role"."data" as "role" from "user_roles" "userRoles" left join lateral (select json_build_array("userRoles_role"."id", "userRoles_role"."name", "userRoles_role"."description", "userRoles_role"."created_at") as "data" from (select * from "roles" "userRoles_role" where "userRoles_role"."id" = "userRoles"."role_id" limit $1) "userRoles_role") "userRoles_role" on true where "userRoles"."user_id" = $2 -- params: [1, "bd1fdd95-f1fb-4049-a60d-4b7261095e82"]
Query: select "user_id", "department", "specialization", "profile_picture", "contact_number", "date_of_birth", "gender", "address", "employee_id", "created_at", "updated_at" from "teacher_profiles" "teacherProfiles" where "teacherProfiles"."user_id" = $1 limit $2 -- params: ["bd1fdd95-f1fb-4049-a60d-4b7261095e82", 1]
2026-04-24 14:48:00 [34mdebug[39m [JwtStrategy] [JWT-STRAT] User lookup for bd1fdd95-f1fb-4049-a60d-4b7261095e82: found=true
2026-04-24 14:48:00 [34mdebug[39m [JwtAuthGuard] [AUTH-GUARD] Authorization header present: true
2026-04-24 14:48:00 [34mdebug[39m [JwtStrategy] [JWT-STRAT] Validating token for userId: bd1fdd95-f1fb-4049-a60d-4b7261095e82
Query: select "id", "email", "password", "first_name", "middle_name", "last_name", "account_status", "is_email_verified", "last_login_at", "created_at", "updated_at" from "users" "users" where "users"."id" = $1 limit $2 -- params: ["bd1fdd95-f1fb-4049-a60d-4b7261095e82", 1]
Query: select "user_id", "date_of_birth", "profile_picture", "gender", "phone", "address", "family_name", "family_relationship", "family_contact", "grade_level", "lrn", "created_at", "updated_at" from "student_profiles" "studentProfiles" where "studentProfiles"."user_id" = $1 limit $2 -- params: ["bd1fdd95-f1fb-4049-a60d-4b7261095e82", 1]
Query: select "userRoles"."user_id", "userRoles"."role_id", "userRoles"."assigned_at", "userRoles"."assigned_by", "userRoles_role"."data" as "role" from "user_roles" "userRoles" left join lateral (select json_build_array("userRoles_role"."id", "userRoles_role"."name", "userRoles_role"."description", "userRoles_role"."created_at") as "data" from (select * from "roles" "userRoles_role" where "userRoles_role"."id" = "userRoles"."role_id" limit $1) "userRoles_role") "userRoles_role" on true where "userRoles"."user_id" = $2 -- params: [1, "bd1fdd95-f1fb-4049-a60d-4b7261095e82"]
Query: select "user_id", "department", "specialization", "profile_picture", "contact_number", "date_of_birth", "gender", "address", "employee_id", "created_at", "updated_at" from "teacher_profiles" "teacherProfiles" where "teacherProfiles"."user_id" = $1 limit $2 -- params: ["bd1fdd95-f1fb-4049-a60d-4b7261095e82", 1]
2026-04-24 14:48:00 [34mdebug[39m [JwtStrategy] [JWT-STRAT] User lookup for bd1fdd95-f1fb-4049-a60d-4b7261095e82: found=true
2026-04-24 14:48:00 [34mdebug[39m [RolesGuard] [ROLES] Required: ["teacher","admin"] | User roles: ["teacher"] | Path: /api/ai/teacher/jobs/551795f4-0831-4ef4-974a-962cd3c596da
Query: select "id", "teacher_id" from "ai_generation_jobs" "aiGenerationJobs" where "aiGenerationJobs"."id" = $1 limit $2 -- params: ["551795f4-0831-4ef4-974a-962cd3c596da", 1]
2026-04-24 14:48:03 [34mdebug[39m [JwtAuthGuard] [AUTH-GUARD] Authorization header present: true
2026-04-24 14:48:03 [34mdebug[39m [JwtStrategy] [JWT-STRAT] Validating token for userId: bd1fdd95-f1fb-4049-a60d-4b7261095e82
Query: select "id", "email", "password", "first_name", "middle_name", "last_name", "account_status", "is_email_verified", "last_login_at", "created_at", "updated_at" from "users" "users" where "users"."id" = $1 limit $2 -- params: ["bd1fdd95-f1fb-4049-a60d-4b7261095e82", 1]
Query: select "user_id", "date_of_birth", "profile_picture", "gender", "phone", "address", "family_name", "family_relationship", "family_contact", "grade_level", "lrn", "created_at", "updated_at" from "student_profiles" "studentProfiles" where "studentProfiles"."user_id" = $1 limit $2 -- params: ["bd1fdd95-f1fb-4049-a60d-4b7261095e82", 1]
Query: select "userRoles"."user_id", "userRoles"."role_id", "userRoles"."assigned_at", "userRoles"."assigned_by", "userRoles_role"."data" as "role" from "user_roles" "userRoles" left join lateral (select json_build_array("userRoles_role"."id", "userRoles_role"."name", "userRoles_role"."description", "userRoles_role"."created_at") as "data" from (select * from "roles" "userRoles_role" where "userRoles_role"."id" = "userRoles"."role_id" limit $1) "userRoles_role") "userRoles_role" on true where "userRoles"."user_id" = $2 -- params: [1, "bd1fdd95-f1fb-4049-a60d-4b7261095e82"]
Query: select "user_id", "department", "specialization", "profile_picture", "contact_number", "date_of_birth", "gender", "address", "employee_id", "created_at", "updated_at" from "teacher_profiles" "teacherProfiles" where "teacherProfiles"."user_id" = $1 limit $2 -- params: ["bd1fdd95-f1fb-4049-a60d-4b7261095e82", 1]
2026-04-24 14:48:03 [34mdebug[39m [JwtStrategy] [JWT-STRAT] User lookup for bd1fdd95-f1fb-4049-a60d-4b7261095e82: found=true
2026-04-24 14:48:03 [34mdebug[39m [JwtAuthGuard] [AUTH-GUARD] Authorization header present: true
2026-04-24 14:48:03 [34mdebug[39m [JwtStrategy] [JWT-STRAT] Validating token for userId: bd1fdd95-f1fb-4049-a60d-4b7261095e82
Query: select "id", "email", "password", "first_name", "middle_name", "last_name", "account_status", "is_email_verified", "last_login_at", "created_at", "updated_at" from "users" "users" where "users"."id" = $1 limit $2 -- params: ["bd1fdd95-f1fb-4049-a60d-4b7261095e82", 1]
Query: select "user_id", "date_of_birth", "profile_picture", "gender", "phone", "address", "family_name", "family_relationship", "family_contact", "grade_level", "lrn", "created_at", "updated_at" from "student_profiles" "studentProfiles" where "studentProfiles"."user_id" = $1 limit $2 -- params: ["bd1fdd95-f1fb-4049-a60d-4b7261095e82", 1]
Query: select "userRoles"."user_id", "userRoles"."role_id", "userRoles"."assigned_at", "userRoles"."assigned_by", "userRoles_role"."data" as "role" from "user_roles" "userRoles" left join lateral (select json_build_array("userRoles_role"."id", "userRoles_role"."name", "userRoles_role"."description", "userRoles_role"."created_at") as "data" from (select * from "roles" "userRoles_role" where "userRoles_role"."id" = "userRoles"."role_id" limit $1) "userRoles_role") "userRoles_role" on true where "userRoles"."user_id" = $2 -- params: [1, "bd1fdd95-f1fb-4049-a60d-4b7261095e82"]
Query: select "user_id", "department", "specialization", "profile_picture", "contact_number", "date_of_birth", "gender", "address", "employee_id", "created_at", "updated_at" from "teacher_profiles" "teacherProfiles" where "teacherProfiles"."user_id" = $1 limit $2 -- params: ["bd1fdd95-f1fb-4049-a60d-4b7261095e82", 1]
2026-04-24 14:48:03 [34mdebug[39m [JwtStrategy] [JWT-STRAT] User lookup for bd1fdd95-f1fb-4049-a60d-4b7261095e82: found=true
2026-04-24 14:48:03 [34mdebug[39m [RolesGuard] [ROLES] Required: ["teacher","admin"] | User roles: ["teacher"] | Path: /api/ai/teacher/jobs/551795f4-0831-4ef4-974a-962cd3c596da
Query: select "id", "teacher_id" from "ai_generation_jobs" "aiGenerationJobs" where "aiGenerationJobs"."id" = $1 limit $2 -- params: ["551795f4-0831-4ef4-974a-962cd3c596da", 1]
2026-04-24 14:48:05 [34mdebug[39m [JwtAuthGuard] [AUTH-GUARD] Authorization header present: true
2026-04-24 14:48:05 [34mdebug[39m [JwtStrategy] [JWT-STRAT] Validating token for userId: bd1fdd95-f1fb-4049-a60d-4b7261095e82
Query: select "id", "email", "password", "first_name", "middle_name", "last_name", "account_status", "is_email_verified", "last_login_at", "created_at", "updated_at" from "users" "users" where "users"."id" = $1 limit $2 -- params: ["bd1fdd95-f1fb-4049-a60d-4b7261095e82", 1]
Query: select "user_id", "date_of_birth", "profile_picture", "gender", "phone", "address", "family_name", "family_relationship", "family_contact", "grade_level", "lrn", "created_at", "updated_at" from "student_profiles" "studentProfiles" where "studentProfiles"."user_id" = $1 limit $2 -- params: ["bd1fdd95-f1fb-4049-a60d-4b7261095e82", 1]
Query: select "userRoles"."user_id", "userRoles"."role_id", "userRoles"."assigned_at", "userRoles"."assigned_by", "userRoles_role"."data" as "role" from "user_roles" "userRoles" left join lateral (select json_build_array("userRoles_role"."id", "userRoles_role"."name", "userRoles_role"."description", "userRoles_role"."created_at") as "data" from (select * from "roles" "userRoles_role" where "userRoles_role"."id" = "userRoles"."role_id" limit $1) "userRoles_role") "userRoles_role" on true where "userRoles"."user_id" = $2 -- params: [1, "bd1fdd95-f1fb-4049-a60d-4b7261095e82"]
Query: select "user_id", "department", "specialization", "profile_picture", "contact_number", "date_of_birth", "gender", "address", "employee_id", "created_at", "updated_at" from "teacher_profiles" "teacherProfiles" where "teacherProfiles"."user_id" = $1 limit $2 -- params: ["bd1fdd95-f1fb-4049-a60d-4b7261095e82", 1]
2026-04-24 14:48:05 [34mdebug[39m [JwtStrategy] [JWT-STRAT] User lookup for bd1fdd95-f1fb-4049-a60d-4b7261095e82: found=true
2026-04-24 14:48:05 [34mdebug[39m [JwtAuthGuard] [AUTH-GUARD] Authorization header present: true
2026-04-24 14:48:05 [34mdebug[39m [JwtStrategy] [JWT-STRAT] Validating token for userId: bd1fdd95-f1fb-4049-a60d-4b7261095e82
Query: select "id", "email", "password", "first_name", "middle_name", "last_name", "account_status", "is_email_verified", "last_login_at", "created_at", "updated_at" from "users" "users" where "users"."id" = $1 limit $2 -- params: ["bd1fdd95-f1fb-4049-a60d-4b7261095e82", 1]
Query: select "user_id", "date_of_birth", "profile_picture", "gender", "phone", "address", "family_name", "family_relationship", "family_contact", "grade_level", "lrn", "created_at", "updated_at" from "student_profiles" "studentProfiles" where "studentProfiles"."user_id" = $1 limit $2 -- params: ["bd1fdd95-f1fb-4049-a60d-4b7261095e82", 1]
Query: select "userRoles"."user_id", "userRoles"."role_id", "userRoles"."assigned_at", "userRoles"."assigned_by", "userRoles_role"."data" as "role" from "user_roles" "userRoles" left join lateral (select json_build_array("userRoles_role"."id", "userRoles_role"."name", "userRoles_role"."description", "userRoles_role"."created_at") as "data" from (select * from "roles" "userRoles_role" where "userRoles_role"."id" = "userRoles"."role_id" limit $1) "userRoles_role") "userRoles_role" on true where "userRoles"."user_id" = $2 -- params: [1, "bd1fdd95-f1fb-4049-a60d-4b7261095e82"]
Query: select "user_id", "department", "specialization", "profile_picture", "contact_number", "date_of_birth", "gender", "address", "employee_id", "created_at", "updated_at" from "teacher_profiles" "teacherProfiles" where "teacherProfiles"."user_id" = $1 limit $2 -- params: ["bd1fdd95-f1fb-4049-a60d-4b7261095e82", 1]
2026-04-24 14:48:05 [34mdebug[39m [JwtStrategy] [JWT-STRAT] User lookup for bd1fdd95-f1fb-4049-a60d-4b7261095e82: found=true
2026-04-24 14:48:05 [34mdebug[39m [RolesGuard] [ROLES] Required: ["teacher","admin"] | User roles: ["teacher"] | Path: /api/ai/teacher/jobs/551795f4-0831-4ef4-974a-962cd3c596da
Query: select "id", "teacher_id" from "ai_generation_jobs" "aiGenerationJobs" where "aiGenerationJobs"."id" = $1 limit $2 -- params: ["551795f4-0831-4ef4-974a-962cd3c596da", 1]
2026-04-24 14:48:08 [34mdebug[39m [JwtAuthGuard] [AUTH-GUARD] Authorization header present: true
2026-04-24 14:48:08 [34mdebug[39m [JwtStrategy] [JWT-STRAT] Validating token for userId: bd1fdd95-f1fb-4049-a60d-4b7261095e82
Query: select "id", "email", "password", "first_name", "middle_name", "last_name", "account_status", "is_email_verified", "last_login_at", "created_at", "updated_at" from "users" "users" where "users"."id" = $1 limit $2 -- params: ["bd1fdd95-f1fb-4049-a60d-4b7261095e82", 1]
Query: select "user_id", "date_of_birth", "profile_picture", "gender", "phone", "address", "family_name", "family_relationship", "family_contact", "grade_level", "lrn", "created_at", "updated_at" from "student_profiles" "studentProfiles" where "studentProfiles"."user_id" = $1 limit $2 -- params: ["bd1fdd95-f1fb-4049-a60d-4b7261095e82", 1]
Query: select "userRoles"."user_id", "userRoles"."role_id", "userRoles"."assigned_at", "userRoles"."assigned_by", "userRoles_role"."data" as "role" from "user_roles" "userRoles" left join lateral (select json_build_array("userRoles_role"."id", "userRoles_role"."name", "userRoles_role"."description", "userRoles_role"."created_at") as "data" from (select * from "roles" "userRoles_role" where "userRoles_role"."id" = "userRoles"."role_id" limit $1) "userRoles_role") "userRoles_role" on true where "userRoles"."user_id" = $2 -- params: [1, "bd1fdd95-f1fb-4049-a60d-4b7261095e82"]
Query: select "user_id", "department", "specialization", "profile_picture", "contact_number", "date_of_birth", "gender", "address", "employee_id", "created_at", "updated_at" from "teacher_profiles" "teacherProfiles" where "teacherProfiles"."user_id" = $1 limit $2 -- params: ["bd1fdd95-f1fb-4049-a60d-4b7261095e82", 1]
2026-04-24 14:48:08 [34mdebug[39m [JwtStrategy] [JWT-STRAT] User lookup for bd1fdd95-f1fb-4049-a60d-4b7261095e82: found=true
2026-04-24 14:48:08 [34mdebug[39m [JwtAuthGuard] [AUTH-GUARD] Authorization header present: true
2026-04-24 14:48:08 [34mdebug[39m [JwtStrategy] [JWT-STRAT] Validating token for userId: bd1fdd95-f1fb-4049-a60d-4b7261095e82
Query: select "id", "email", "password", "first_name", "middle_name", "last_name", "account_status", "is_email_verified", "last_login_at", "created_at", "updated_at" from "users" "users" where "users"."id" = $1 limit $2 -- params: ["bd1fdd95-f1fb-4049-a60d-4b7261095e82", 1]
Query: select "user_id", "date_of_birth", "profile_picture", "gender", "phone", "address", "family_name", "family_relationship", "family_contact", "grade_level", "lrn", "created_at", "updated_at" from "student_profiles" "studentProfiles" where "studentProfiles"."user_id" = $1 limit $2 -- params: ["bd1fdd95-f1fb-4049-a60d-4b7261095e82", 1]
Query: select "userRoles"."user_id", "userRoles"."role_id", "userRoles"."assigned_at", "userRoles"."assigned_by", "userRoles_role"."data" as "role" from "user_roles" "userRoles" left join lateral (select json_build_array("userRoles_role"."id", "userRoles_role"."name", "userRoles_role"."description", "userRoles_role"."created_at") as "data" from (select * from "roles" "userRoles_role" where "userRoles_role"."id" = "userRoles"."role_id" limit $1) "userRoles_role") "userRoles_role" on true where "userRoles"."user_id" = $2 -- params: [1, "bd1fdd95-f1fb-4049-a60d-4b7261095e82"]
Query: select "user_id", "department", "specialization", "profile_picture", "contact_number", "date_of_birth", "gender", "address", "employee_id", "created_at", "updated_at" from "teacher_profiles" "teacherProfiles" where "teacherProfiles"."user_id" = $1 limit $2 -- params: ["bd1fdd95-f1fb-4049-a60d-4b7261095e82", 1]
2026-04-24 14:48:08 [34mdebug[39m [JwtStrategy] [JWT-STRAT] User lookup for bd1fdd95-f1fb-4049-a60d-4b7261095e82: found=true
2026-04-24 14:48:08 [34mdebug[39m [RolesGuard] [ROLES] Required: ["teacher","admin"] | User roles: ["teacher"] | Path: /api/ai/teacher/jobs/551795f4-0831-4ef4-974a-962cd3c596da
Query: select "id", "teacher_id" from "ai_generation_jobs" "aiGenerationJobs" where "aiGenerationJobs"."id" = $1 limit $2 -- params: ["551795f4-0831-4ef4-974a-962cd3c596da", 1]
2026-04-24 14:48:10 [34mdebug[39m [JwtAuthGuard] [AUTH-GUARD] Authorization header present: true
2026-04-24 14:48:10 [34mdebug[39m [JwtStrategy] [JWT-STRAT] Validating token for userId: bd1fdd95-f1fb-4049-a60d-4b7261095e82
Query: select "id", "email", "password", "first_name", "middle_name", "last_name", "account_status", "is_email_verified", "last_login_at", "created_at", "updated_at" from "users" "users" where "users"."id" = $1 limit $2 -- params: ["bd1fdd95-f1fb-4049-a60d-4b7261095e82", 1]
Query: select "user_id", "date_of_birth", "profile_picture", "gender", "phone", "address", "family_name", "family_relationship", "family_contact", "grade_level", "lrn", "created_at", "updated_at" from "student_profiles" "studentProfiles" where "studentProfiles"."user_id" = $1 limit $2 -- params: ["bd1fdd95-f1fb-4049-a60d-4b7261095e82", 1]
Query: select "userRoles"."user_id", "userRoles"."role_id", "userRoles"."assigned_at", "userRoles"."assigned_by", "userRoles_role"."data" as "role" from "user_roles" "userRoles" left join lateral (select json_build_array("userRoles_role"."id", "userRoles_role"."name", "userRoles_role"."description", "userRoles_role"."created_at") as "data" from (select * from "roles" "userRoles_role" where "userRoles_role"."id" = "userRoles"."role_id" limit $1) "userRoles_role") "userRoles_role" on true where "userRoles"."user_id" = $2 -- params: [1, "bd1fdd95-f1fb-4049-a60d-4b7261095e82"]
Query: select "user_id", "department", "specialization", "profile_picture", "contact_number", "date_of_birth", "gender", "address", "employee_id", "created_at", "updated_at" from "teacher_profiles" "teacherProfiles" where "teacherProfiles"."user_id" = $1 limit $2 -- params: ["bd1fdd95-f1fb-4049-a60d-4b7261095e82", 1]
2026-04-24 14:48:10 [34mdebug[39m [JwtStrategy] [JWT-STRAT] User lookup for bd1fdd95-f1fb-4049-a60d-4b7261095e82: found=true
2026-04-24 14:48:10 [34mdebug[39m [JwtAuthGuard] [AUTH-GUARD] Authorization header present: true
2026-04-24 14:48:10 [34mdebug[39m [JwtStrategy] [JWT-STRAT] Validating token for userId: bd1fdd95-f1fb-4049-a60d-4b7261095e82
Query: select "id", "email", "password", "first_name", "middle_name", "last_name", "account_status", "is_email_verified", "last_login_at", "created_at", "updated_at" from "users" "users" where "users"."id" = $1 limit $2 -- params: ["bd1fdd95-f1fb-4049-a60d-4b7261095e82", 1]
Query: select "user_id", "date_of_birth", "profile_picture", "gender", "phone", "address", "family_name", "family_relationship", "family_contact", "grade_level", "lrn", "created_at", "updated_at" from "student_profiles" "studentProfiles" where "studentProfiles"."user_id" = $1 limit $2 -- params: ["bd1fdd95-f1fb-4049-a60d-4b7261095e82", 1]
Query: select "userRoles"."user_id", "userRoles"."role_id", "userRoles"."assigned_at", "userRoles"."assigned_by", "userRoles_role"."data" as "role" from "user_roles" "userRoles" left join lateral (select json_build_array("userRoles_role"."id", "userRoles_role"."name", "userRoles_role"."description", "userRoles_role"."created_at") as "data" from (select * from "roles" "userRoles_role" where "userRoles_role"."id" = "userRoles"."role_id" limit $1) "userRoles_role") "userRoles_role" on true where "userRoles"."user_id" = $2 -- params: [1, "bd1fdd95-f1fb-4049-a60d-4b7261095e82"]
Query: select "user_id", "department", "specialization", "profile_picture", "contact_number", "date_of_birth", "gender", "address", "employee_id", "created_at", "updated_at" from "teacher_profiles" "teacherProfiles" where "teacherProfiles"."user_id" = $1 limit $2 -- params: ["bd1fdd95-f1fb-4049-a60d-4b7261095e82", 1]
2026-04-24 14:48:10 [34mdebug[39m [JwtStrategy] [JWT-STRAT] User lookup for bd1fdd95-f1fb-4049-a60d-4b7261095e82: found=true
2026-04-24 14:48:10 [34mdebug[39m [RolesGuard] [ROLES] Required: ["teacher","admin"] | User roles: ["teacher"] | Path: /api/ai/teacher/jobs/551795f4-0831-4ef4-974a-962cd3c596da
Query: select "id", "teacher_id" from "ai_generation_jobs" "aiGenerationJobs" where "aiGenerationJobs"."id" = $1 limit $2 -- params: ["551795f4-0831-4ef4-974a-962cd3c596da", 1]
2026-04-24 14:48:13 [34mdebug[39m [JwtAuthGuard] [AUTH-GUARD] Authorization header present: true
2026-04-24 14:48:13 [34mdebug[39m [JwtStrategy] [JWT-STRAT] Validating token for userId: bd1fdd95-f1fb-4049-a60d-4b7261095e82
Query: select "id", "email", "password", "first_name", "middle_name", "last_name", "account_status", "is_email_verified", "last_login_at", "created_at", "updated_at" from "users" "users" where "users"."id" = $1 limit $2 -- params: ["bd1fdd95-f1fb-4049-a60d-4b7261095e82", 1]
Query: select "user_id", "date_of_birth", "profile_picture", "gender", "phone", "address", "family_name", "family_relationship", "family_contact", "grade_level", "lrn", "created_at", "updated_at" from "student_profiles" "studentProfiles" where "studentProfiles"."user_id" = $1 limit $2 -- params: ["bd1fdd95-f1fb-4049-a60d-4b7261095e82", 1]
Query: select "userRoles"."user_id", "userRoles"."role_id", "userRoles"."assigned_at", "userRoles"."assigned_by", "userRoles_role"."data" as "role" from "user_roles" "userRoles" left join lateral (select json_build_array("userRoles_role"."id", "userRoles_role"."name", "userRoles_role"."description", "userRoles_role"."created_at") as "data" from (select * from "roles" "userRoles_role" where "userRoles_role"."id" = "userRoles"."role_id" limit $1) "userRoles_role") "userRoles_role" on true where "userRoles"."user_id" = $2 -- params: [1, "bd1fdd95-f1fb-4049-a60d-4b7261095e82"]
Query: select "user_id", "department", "specialization", "profile_picture", "contact_number", "date_of_birth", "gender", "address", "employee_id", "created_at", "updated_at" from "teacher_profiles" "teacherProfiles" where "teacherProfiles"."user_id" = $1 limit $2 -- params: ["bd1fdd95-f1fb-4049-a60d-4b7261095e82", 1]
2026-04-24 14:48:13 [34mdebug[39m [JwtStrategy] [JWT-STRAT] User lookup for bd1fdd95-f1fb-4049-a60d-4b7261095e82: found=true
2026-04-24 14:48:13 [34mdebug[39m [JwtAuthGuard] [AUTH-GUARD] Authorization header present: true
2026-04-24 14:48:13 [34mdebug[39m [JwtStrategy] [JWT-STRAT] Validating token for userId: bd1fdd95-f1fb-4049-a60d-4b7261095e82
Query: select "id", "email", "password", "first_name", "middle_name", "last_name", "account_status", "is_email_verified", "last_login_at", "created_at", "updated_at" from "users" "users" where "users"."id" = $1 limit $2 -- params: ["bd1fdd95-f1fb-4049-a60d-4b7261095e82", 1]
Query: select "user_id", "date_of_birth", "profile_picture", "gender", "phone", "address", "family_name", "family_relationship", "family_contact", "grade_level", "lrn", "created_at", "updated_at" from "student_profiles" "studentProfiles" where "studentProfiles"."user_id" = $1 limit $2 -- params: ["bd1fdd95-f1fb-4049-a60d-4b7261095e82", 1]
Query: select "userRoles"."user_id", "userRoles"."role_id", "userRoles"."assigned_at", "userRoles"."assigned_by", "userRoles_role"."data" as "role" from "user_roles" "userRoles" left join lateral (select json_build_array("userRoles_role"."id", "userRoles_role"."name", "userRoles_role"."description", "userRoles_role"."created_at") as "data" from (select * from "roles" "userRoles_role" where "userRoles_role"."id" = "userRoles"."role_id" limit $1) "userRoles_role") "userRoles_role" on true where "userRoles"."user_id" = $2 -- params: [1, "bd1fdd95-f1fb-4049-a60d-4b7261095e82"]
Query: select "user_id", "department", "specialization", "profile_picture", "contact_number", "date_of_birth", "gender", "address", "employee_id", "created_at", "updated_at" from "teacher_profiles" "teacherProfiles" where "teacherProfiles"."user_id" = $1 limit $2 -- params: ["bd1fdd95-f1fb-4049-a60d-4b7261095e82", 1]
2026-04-24 14:48:13 [34mdebug[39m [JwtStrategy] [JWT-STRAT] User lookup for bd1fdd95-f1fb-4049-a60d-4b7261095e82: found=true
2026-04-24 14:48:13 [34mdebug[39m [RolesGuard] [ROLES] Required: ["teacher","admin"] | User roles: ["teacher"] | Path: /api/ai/teacher/jobs/551795f4-0831-4ef4-974a-962cd3c596da
Query: select "id", "teacher_id" from "ai_generation_jobs" "aiGenerationJobs" where "aiGenerationJobs"."id" = $1 limit $2 -- params: ["551795f4-0831-4ef4-974a-962cd3c596da", 1]
2026-04-24 14:48:15 [34mdebug[39m [JwtAuthGuard] [AUTH-GUARD] Authorization header present: true
2026-04-24 14:48:15 [34mdebug[39m [JwtStrategy] [JWT-STRAT] Validating token for userId: bd1fdd95-f1fb-4049-a60d-4b7261095e82
Query: select "id", "email", "password", "first_name", "middle_name", "last_name", "account_status", "is_email_verified", "last_login_at", "created_at", "updated_at" from "users" "users" where "users"."id" = $1 limit $2 -- params: ["bd1fdd95-f1fb-4049-a60d-4b7261095e82", 1]
Query: select "user_id", "date_of_birth", "profile_picture", "gender", "phone", "address", "family_name", "family_relationship", "family_contact", "grade_level", "lrn", "created_at", "updated_at" from "student_profiles" "studentProfiles" where "studentProfiles"."user_id" = $1 limit $2 -- params: ["bd1fdd95-f1fb-4049-a60d-4b7261095e82", 1]
Query: select "userRoles"."user_id", "userRoles"."role_id", "userRoles"."assigned_at", "userRoles"."assigned_by", "userRoles_role"."data" as "role" from "user_roles" "userRoles" left join lateral (select json_build_array("userRoles_role"."id", "userRoles_role"."name", "userRoles_role"."description", "userRoles_role"."created_at") as "data" from (select * from "roles" "userRoles_role" where "userRoles_role"."id" = "userRoles"."role_id" limit $1) "userRoles_role") "userRoles_role" on true where "userRoles"."user_id" = $2 -- params: [1, "bd1fdd95-f1fb-4049-a60d-4b7261095e82"]
Query: select "user_id", "department", "specialization", "profile_picture", "contact_number", "date_of_birth", "gender", "address", "employee_id", "created_at", "updated_at" from "teacher_profiles" "teacherProfiles" where "teacherProfiles"."user_id" = $1 limit $2 -- params: ["bd1fdd95-f1fb-4049-a60d-4b7261095e82", 1]
2026-04-24 14:48:15 [34mdebug[39m [JwtStrategy] [JWT-STRAT] User lookup for bd1fdd95-f1fb-4049-a60d-4b7261095e82: found=true
2026-04-24 14:48:15 [34mdebug[39m [JwtAuthGuard] [AUTH-GUARD] Authorization header present: true
2026-04-24 14:48:15 [34mdebug[39m [JwtStrategy] [JWT-STRAT] Validating token for userId: bd1fdd95-f1fb-4049-a60d-4b7261095e82
Query: select "id", "email", "password", "first_name", "middle_name", "last_name", "account_status", "is_email_verified", "last_login_at", "created_at", "updated_at" from "users" "users" where "users"."id" = $1 limit $2 -- params: ["bd1fdd95-f1fb-4049-a60d-4b7261095e82", 1]
Query: select "user_id", "date_of_birth", "profile_picture", "gender", "phone", "address", "family_name", "family_relationship", "family_contact", "grade_level", "lrn", "created_at", "updated_at" from "student_profiles" "studentProfiles" where "studentProfiles"."user_id" = $1 limit $2 -- params: ["bd1fdd95-f1fb-4049-a60d-4b7261095e82", 1]
Query: select "userRoles"."user_id", "userRoles"."role_id", "userRoles"."assigned_at", "userRoles"."assigned_by", "userRoles_role"."data" as "role" from "user_roles" "userRoles" left join lateral (select json_build_array("userRoles_role"."id", "userRoles_role"."name", "userRoles_role"."description", "userRoles_role"."created_at") as "data" from (select * from "roles" "userRoles_role" where "userRoles_role"."id" = "userRoles"."role_id" limit $1) "userRoles_role") "userRoles_role" on true where "userRoles"."user_id" = $2 -- params: [1, "bd1fdd95-f1fb-4049-a60d-4b7261095e82"]
Query: select "user_id", "department", "specialization", "profile_picture", "contact_number", "date_of_birth", "gender", "address", "employee_id", "created_at", "updated_at" from "teacher_profiles" "teacherProfiles" where "teacherProfiles"."user_id" = $1 limit $2 -- params: ["bd1fdd95-f1fb-4049-a60d-4b7261095e82", 1]
2026-04-24 14:48:15 [34mdebug[39m [JwtStrategy] [JWT-STRAT] User lookup for bd1fdd95-f1fb-4049-a60d-4b7261095e82: found=true
2026-04-24 14:48:15 [34mdebug[39m [RolesGuard] [ROLES] Required: ["teacher","admin"] | User roles: ["teacher"] | Path: /api/ai/teacher/jobs/551795f4-0831-4ef4-974a-962cd3c596da
Query: select "id", "teacher_id" from "ai_generation_jobs" "aiGenerationJobs" where "aiGenerationJobs"."id" = $1 limit $2 -- params: ["551795f4-0831-4ef4-974a-962cd3c596da", 1]
2026-04-24 14:48:18 [34mdebug[39m [JwtAuthGuard] [AUTH-GUARD] Authorization header present: true
2026-04-24 14:48:18 [34mdebug[39m [JwtStrategy] [JWT-STRAT] Validating token for userId: bd1fdd95-f1fb-4049-a60d-4b7261095e82
Query: select "id", "email", "password", "first_name", "middle_name", "last_name", "account_status", "is_email_verified", "last_login_at", "created_at", "updated_at" from "users" "users" where "users"."id" = $1 limit $2 -- params: ["bd1fdd95-f1fb-4049-a60d-4b7261095e82", 1]
Query: select "user_id", "date_of_birth", "profile_picture", "gender", "phone", "address", "family_name", "family_relationship", "family_contact", "grade_level", "lrn", "created_at", "updated_at" from "student_profiles" "studentProfiles" where "studentProfiles"."user_id" = $1 limit $2 -- params: ["bd1fdd95-f1fb-4049-a60d-4b7261095e82", 1]
Query: select "userRoles"."user_id", "userRoles"."role_id", "userRoles"."assigned_at", "userRoles"."assigned_by", "userRoles_role"."data" as "role" from "user_roles" "userRoles" left join lateral (select json_build_array("userRoles_role"."id", "userRoles_role"."name", "userRoles_role"."description", "userRoles_role"."created_at") as "data" from (select * from "roles" "userRoles_role" where "userRoles_role"."id" = "userRoles"."role_id" limit $1) "userRoles_role") "userRoles_role" on true where "userRoles"."user_id" = $2 -- params: [1, "bd1fdd95-f1fb-4049-a60d-4b7261095e82"]
Query: select "user_id", "department", "specialization", "profile_picture", "contact_number", "date_of_birth", "gender", "address", "employee_id", "created_at", "updated_at" from "teacher_profiles" "teacherProfiles" where "teacherProfiles"."user_id" = $1 limit $2 -- params: ["bd1fdd95-f1fb-4049-a60d-4b7261095e82", 1]
2026-04-24 14:48:18 [34mdebug[39m [JwtStrategy] [JWT-STRAT] User lookup for bd1fdd95-f1fb-4049-a60d-4b7261095e82: found=true
2026-04-24 14:48:18 [34mdebug[39m [JwtAuthGuard] [AUTH-GUARD] Authorization header present: true
2026-04-24 14:48:18 [34mdebug[39m [JwtStrategy] [JWT-STRAT] Validating token for userId: bd1fdd95-f1fb-4049-a60d-4b7261095e82
Query: select "id", "email", "password", "first_name", "middle_name", "last_name", "account_status", "is_email_verified", "last_login_at", "created_at", "updated_at" from "users" "users" where "users"."id" = $1 limit $2 -- params: ["bd1fdd95-f1fb-4049-a60d-4b7261095e82", 1]
Query: select "user_id", "date_of_birth", "profile_picture", "gender", "phone", "address", "family_name", "family_relationship", "family_contact", "grade_level", "lrn", "created_at", "updated_at" from "student_profiles" "studentProfiles" where "studentProfiles"."user_id" = $1 limit $2 -- params: ["bd1fdd95-f1fb-4049-a60d-4b7261095e82", 1]
Query: select "userRoles"."user_id", "userRoles"."role_id", "userRoles"."assigned_at", "userRoles"."assigned_by", "userRoles_role"."data" as "role" from "user_roles" "userRoles" left join lateral (select json_build_array("userRoles_role"."id", "userRoles_role"."name", "userRoles_role"."description", "userRoles_role"."created_at") as "data" from (select * from "roles" "userRoles_role" where "userRoles_role"."id" = "userRoles"."role_id" limit $1) "userRoles_role") "userRoles_role" on true where "userRoles"."user_id" = $2 -- params: [1, "bd1fdd95-f1fb-4049-a60d-4b7261095e82"]
Query: select "user_id", "department", "specialization", "profile_picture", "contact_number", "date_of_birth", "gender", "address", "employee_id", "created_at", "updated_at" from "teacher_profiles" "teacherProfiles" where "teacherProfiles"."user_id" = $1 limit $2 -- params: ["bd1fdd95-f1fb-4049-a60d-4b7261095e82", 1]
2026-04-24 14:48:18 [34mdebug[39m [JwtStrategy] [JWT-STRAT] User lookup for bd1fdd95-f1fb-4049-a60d-4b7261095e82: found=true
2026-04-24 14:48:18 [34mdebug[39m [RolesGuard] [ROLES] Required: ["teacher","admin"] | User roles: ["teacher"] | Path: /api/ai/teacher/jobs/551795f4-0831-4ef4-974a-962cd3c596da
Query: select "id", "teacher_id" from "ai_generation_jobs" "aiGenerationJobs" where "aiGenerationJobs"."id" = $1 limit $2 -- params: ["551795f4-0831-4ef4-974a-962cd3c596da", 1]
2026-04-24 14:48:20 [34mdebug[39m [JwtAuthGuard] [AUTH-GUARD] Authorization header present: true
2026-04-24 14:48:20 [34mdebug[39m [JwtStrategy] [JWT-STRAT] Validating token for userId: bd1fdd95-f1fb-4049-a60d-4b7261095e82
Query: select "id", "email", "password", "first_name", "middle_name", "last_name", "account_status", "is_email_verified", "last_login_at", "created_at", "updated_at" from "users" "users" where "users"."id" = $1 limit $2 -- params: ["bd1fdd95-f1fb-4049-a60d-4b7261095e82", 1]
Query: select "user_id", "date_of_birth", "profile_picture", "gender", "phone", "address", "family_name", "family_relationship", "family_contact", "grade_level", "lrn", "created_at", "updated_at" from "student_profiles" "studentProfiles" where "studentProfiles"."user_id" = $1 limit $2 -- params: ["bd1fdd95-f1fb-4049-a60d-4b7261095e82", 1]
Query: select "userRoles"."user_id", "userRoles"."role_id", "userRoles"."assigned_at", "userRoles"."assigned_by", "userRoles_role"."data" as "role" from "user_roles" "userRoles" left join lateral (select json_build_array("userRoles_role"."id", "userRoles_role"."name", "userRoles_role"."description", "userRoles_role"."created_at") as "data" from (select * from "roles" "userRoles_role" where "userRoles_role"."id" = "userRoles"."role_id" limit $1) "userRoles_role") "userRoles_role" on true where "userRoles"."user_id" = $2 -- params: [1, "bd1fdd95-f1fb-4049-a60d-4b7261095e82"]
Query: select "user_id", "department", "specialization", "profile_picture", "contact_number", "date_of_birth", "gender", "address", "employee_id", "created_at", "updated_at" from "teacher_profiles" "teacherProfiles" where "teacherProfiles"."user_id" = $1 limit $2 -- params: ["bd1fdd95-f1fb-4049-a60d-4b7261095e82", 1]
2026-04-24 14:48:20 [34mdebug[39m [JwtStrategy] [JWT-STRAT] User lookup for bd1fdd95-f1fb-4049-a60d-4b7261095e82: found=true
2026-04-24 14:48:20 [34mdebug[39m [JwtAuthGuard] [AUTH-GUARD] Authorization header present: true
2026-04-24 14:48:20 [34mdebug[39m [JwtStrategy] [JWT-STRAT] Validating token for userId: bd1fdd95-f1fb-4049-a60d-4b7261095e82
Query: select "id", "email", "password", "first_name", "middle_name", "last_name", "account_status", "is_email_verified", "last_login_at", "created_at", "updated_at" from "users" "users" where "users"."id" = $1 limit $2 -- params: ["bd1fdd95-f1fb-4049-a60d-4b7261095e82", 1]
Query: select "user_id", "date_of_birth", "profile_picture", "gender", "phone", "address", "family_name", "family_relationship", "family_contact", "grade_level", "lrn", "created_at", "updated_at" from "student_profiles" "studentProfiles" where "studentProfiles"."user_id" = $1 limit $2 -- params: ["bd1fdd95-f1fb-4049-a60d-4b7261095e82", 1]
Query: select "userRoles"."user_id", "userRoles"."role_id", "userRoles"."assigned_at", "userRoles"."assigned_by", "userRoles_role"."data" as "role" from "user_roles" "userRoles" left join lateral (select json_build_array("userRoles_role"."id", "userRoles_role"."name", "userRoles_role"."description", "userRoles_role"."created_at") as "data" from (select * from "roles" "userRoles_role" where "userRoles_role"."id" = "userRoles"."role_id" limit $1) "userRoles_role") "userRoles_role" on true where "userRoles"."user_id" = $2 -- params: [1, "bd1fdd95-f1fb-4049-a60d-4b7261095e82"]
Query: select "user_id", "department", "specialization", "profile_picture", "contact_number", "date_of_birth", "gender", "address", "employee_id", "created_at", "updated_at" from "teacher_profiles" "teacherProfiles" where "teacherProfiles"."user_id" = $1 limit $2 -- params: ["bd1fdd95-f1fb-4049-a60d-4b7261095e82", 1]
2026-04-24 14:48:20 [34mdebug[39m [JwtStrategy] [JWT-STRAT] User lookup for bd1fdd95-f1fb-4049-a60d-4b7261095e82: found=true
2026-04-24 14:48:20 [34mdebug[39m [RolesGuard] [ROLES] Required: ["teacher","admin"] | User roles: ["teacher"] | Path: /api/ai/teacher/jobs/551795f4-0831-4ef4-974a-962cd3c596da
Query: select "id", "teacher_id" from "ai_generation_jobs" "aiGenerationJobs" where "aiGenerationJobs"."id" = $1 limit $2 -- params: ["551795f4-0831-4ef4-974a-962cd3c596da", 1]
2026-04-24 14:48:23 [34mdebug[39m [JwtAuthGuard] [AUTH-GUARD] Authorization header present: true
2026-04-24 14:48:23 [34mdebug[39m [JwtStrategy] [JWT-STRAT] Validating token for userId: bd1fdd95-f1fb-4049-a60d-4b7261095e82
Query: select "id", "email", "password", "first_name", "middle_name", "last_name", "account_status", "is_email_verified", "last_login_at", "created_at", "updated_at" from "users" "users" where "users"."id" = $1 limit $2 -- params: ["bd1fdd95-f1fb-4049-a60d-4b7261095e82", 1]
Query: select "user_id", "date_of_birth", "profile_picture", "gender", "phone", "address", "family_name", "family_relationship", "family_contact", "grade_level", "lrn", "created_at", "updated_at" from "student_profiles" "studentProfiles" where "studentProfiles"."user_id" = $1 limit $2 -- params: ["bd1fdd95-f1fb-4049-a60d-4b7261095e82", 1]
Query: select "userRoles"."user_id", "userRoles"."role_id", "userRoles"."assigned_at", "userRoles"."assigned_by", "userRoles_role"."data" as "role" from "user_roles" "userRoles" left join lateral (select json_build_array("userRoles_role"."id", "userRoles_role"."name", "userRoles_role"."description", "userRoles_role"."created_at") as "data" from (select * from "roles" "userRoles_role" where "userRoles_role"."id" = "userRoles"."role_id" limit $1) "userRoles_role") "userRoles_role" on true where "userRoles"."user_id" = $2 -- params: [1, "bd1fdd95-f1fb-4049-a60d-4b7261095e82"]
Query: select "user_id", "department", "specialization", "profile_picture", "contact_number", "date_of_birth", "gender", "address", "employee_id", "created_at", "updated_at" from "teacher_profiles" "teacherProfiles" where "teacherProfiles"."user_id" = $1 limit $2 -- params: ["bd1fdd95-f1fb-4049-a60d-4b7261095e82", 1]
2026-04-24 14:48:23 [34mdebug[39m [JwtStrategy] [JWT-STRAT] User lookup for bd1fdd95-f1fb-4049-a60d-4b7261095e82: found=true
2026-04-24 14:48:23 [34mdebug[39m [JwtAuthGuard] [AUTH-GUARD] Authorization header present: true
2026-04-24 14:48:23 [34mdebug[39m [JwtStrategy] [JWT-STRAT] Validating token for userId: bd1fdd95-f1fb-4049-a60d-4b7261095e82
Query: select "id", "email", "password", "first_name", "middle_name", "last_name", "account_status", "is_email_verified", "last_login_at", "created_at", "updated_at" from "users" "users" where "users"."id" = $1 limit $2 -- params: ["bd1fdd95-f1fb-4049-a60d-4b7261095e82", 1]
Query: select "user_id", "date_of_birth", "profile_picture", "gender", "phone", "address", "family_name", "family_relationship", "family_contact", "grade_level", "lrn", "created_at", "updated_at" from "student_profiles" "studentProfiles" where "studentProfiles"."user_id" = $1 limit $2 -- params: ["bd1fdd95-f1fb-4049-a60d-4b7261095e82", 1]
Query: select "userRoles"."user_id", "userRoles"."role_id", "userRoles"."assigned_at", "userRoles"."assigned_by", "userRoles_role"."data" as "role" from "user_roles" "userRoles" left join lateral (select json_build_array("userRoles_role"."id", "userRoles_role"."name", "userRoles_role"."description", "userRoles_role"."created_at") as "data" from (select * from "roles" "userRoles_role" where "userRoles_role"."id" = "userRoles"."role_id" limit $1) "userRoles_role") "userRoles_role" on true where "userRoles"."user_id" = $2 -- params: [1, "bd1fdd95-f1fb-4049-a60d-4b7261095e82"]
Query: select "user_id", "department", "specialization", "profile_picture", "contact_number", "date_of_birth", "gender", "address", "employee_id", "created_at", "updated_at" from "teacher_profiles" "teacherProfiles" where "teacherProfiles"."user_id" = $1 limit $2 -- params: ["bd1fdd95-f1fb-4049-a60d-4b7261095e82", 1]
2026-04-24 14:48:23 [34mdebug[39m [JwtStrategy] [JWT-STRAT] User lookup for bd1fdd95-f1fb-4049-a60d-4b7261095e82: found=true
2026-04-24 14:48:23 [34mdebug[39m [RolesGuard] [ROLES] Required: ["teacher","admin"] | User roles: ["teacher"] | Path: /api/ai/teacher/jobs/551795f4-0831-4ef4-974a-962cd3c596da
Query: select "id", "teacher_id" from "ai_generation_jobs" "aiGenerationJobs" where "aiGenerationJobs"."id" = $1 limit $2 -- params: ["551795f4-0831-4ef4-974a-962cd3c596da", 1]
2026-04-24 14:48:25 [34mdebug[39m [JwtAuthGuard] [AUTH-GUARD] Authorization header present: true
2026-04-24 14:48:25 [34mdebug[39m [JwtStrategy] [JWT-STRAT] Validating token for userId: bd1fdd95-f1fb-4049-a60d-4b7261095e82
Query: select "id", "email", "password", "first_name", "middle_name", "last_name", "account_status", "is_email_verified", "last_login_at", "created_at", "updated_at" from "users" "users" where "users"."id" = $1 limit $2 -- params: ["bd1fdd95-f1fb-4049-a60d-4b7261095e82", 1]
Query: select "user_id", "date_of_birth", "profile_picture", "gender", "phone", "address", "family_name", "family_relationship", "family_contact", "grade_level", "lrn", "created_at", "updated_at" from "student_profiles" "studentProfiles" where "studentProfiles"."user_id" = $1 limit $2 -- params: ["bd1fdd95-f1fb-4049-a60d-4b7261095e82", 1]
Query: select "userRoles"."user_id", "userRoles"."role_id", "userRoles"."assigned_at", "userRoles"."assigned_by", "userRoles_role"."data" as "role" from "user_roles" "userRoles" left join lateral (select json_build_array("userRoles_role"."id", "userRoles_role"."name", "userRoles_role"."description", "userRoles_role"."created_at") as "data" from (select * from "roles" "userRoles_role" where "userRoles_role"."id" = "userRoles"."role_id" limit $1) "userRoles_role") "userRoles_role" on true where "userRoles"."user_id" = $2 -- params: [1, "bd1fdd95-f1fb-4049-a60d-4b7261095e82"]
Query: select "user_id", "department", "specialization", "profile_picture", "contact_number", "date_of_birth", "gender", "address", "employee_id", "created_at", "updated_at" from "teacher_profiles" "teacherProfiles" where "teacherProfiles"."user_id" = $1 limit $2 -- params: ["bd1fdd95-f1fb-4049-a60d-4b7261095e82", 1]
2026-04-24 14:48:25 [34mdebug[39m [JwtStrategy] [JWT-STRAT] User lookup for bd1fdd95-f1fb-4049-a60d-4b7261095e82: found=true
2026-04-24 14:48:25 [34mdebug[39m [JwtAuthGuard] [AUTH-GUARD] Authorization header present: true
2026-04-24 14:48:25 [34mdebug[39m [JwtStrategy] [JWT-STRAT] Validating token for userId: bd1fdd95-f1fb-4049-a60d-4b7261095e82
Query: select "id", "email", "password", "first_name", "middle_name", "last_name", "account_status", "is_email_verified", "last_login_at", "created_at", "updated_at" from "users" "users" where "users"."id" = $1 limit $2 -- params: ["bd1fdd95-f1fb-4049-a60d-4b7261095e82", 1]
Query: select "user_id", "date_of_birth", "profile_picture", "gender", "phone", "address", "family_name", "family_relationship", "family_contact", "grade_level", "lrn", "created_at", "updated_at" from "student_profiles" "studentProfiles" where "studentProfiles"."user_id" = $1 limit $2 -- params: ["bd1fdd95-f1fb-4049-a60d-4b7261095e82", 1]
Query: select "userRoles"."user_id", "userRoles"."role_id", "userRoles"."assigned_at", "userRoles"."assigned_by", "userRoles_role"."data" as "role" from "user_roles" "userRoles" left join lateral (select json_build_array("userRoles_role"."id", "userRoles_role"."name", "userRoles_role"."description", "userRoles_role"."created_at") as "data" from (select * from "roles" "userRoles_role" where "userRoles_role"."id" = "userRoles"."role_id" limit $1) "userRoles_role") "userRoles_role" on true where "userRoles"."user_id" = $2 -- params: [1, "bd1fdd95-f1fb-4049-a60d-4b7261095e82"]
Query: select "user_id", "department", "specialization", "profile_picture", "contact_number", "date_of_birth", "gender", "address", "employee_id", "created_at", "updated_at" from "teacher_profiles" "teacherProfiles" where "teacherProfiles"."user_id" = $1 limit $2 -- params: ["bd1fdd95-f1fb-4049-a60d-4b7261095e82", 1]
2026-04-24 14:48:25 [34mdebug[39m [JwtStrategy] [JWT-STRAT] User lookup for bd1fdd95-f1fb-4049-a60d-4b7261095e82: found=true
2026-04-24 14:48:25 [34mdebug[39m [RolesGuard] [ROLES] Required: ["teacher","admin"] | User roles: ["teacher"] | Path: /api/ai/teacher/jobs/551795f4-0831-4ef4-974a-962cd3c596da
Query: select "id", "teacher_id" from "ai_generation_jobs" "aiGenerationJobs" where "aiGenerationJobs"."id" = $1 limit $2 -- params: ["551795f4-0831-4ef4-974a-962cd3c596da", 1]
2026-04-24 14:48:28 [34mdebug[39m [JwtAuthGuard] [AUTH-GUARD] Authorization header present: true
2026-04-24 14:48:28 [34mdebug[39m [JwtStrategy] [JWT-STRAT] Validating token for userId: bd1fdd95-f1fb-4049-a60d-4b7261095e82
Query: select "id", "email", "password", "first_name", "middle_name", "last_name", "account_status", "is_email_verified", "last_login_at", "created_at", "updated_at" from "users" "users" where "users"."id" = $1 limit $2 -- params: ["bd1fdd95-f1fb-4049-a60d-4b7261095e82", 1]
Query: select "user_id", "date_of_birth", "profile_picture", "gender", "phone", "address", "family_name", "family_relationship", "family_contact", "grade_level", "lrn", "created_at", "updated_at" from "student_profiles" "studentProfiles" where "studentProfiles"."user_id" = $1 limit $2 -- params: ["bd1fdd95-f1fb-4049-a60d-4b7261095e82", 1]
Query: select "userRoles"."user_id", "userRoles"."role_id", "userRoles"."assigned_at", "userRoles"."assigned_by", "userRoles_role"."data" as "role" from "user_roles" "userRoles" left join lateral (select json_build_array("userRoles_role"."id", "userRoles_role"."name", "userRoles_role"."description", "userRoles_role"."created_at") as "data" from (select * from "roles" "userRoles_role" where "userRoles_role"."id" = "userRoles"."role_id" limit $1) "userRoles_role") "userRoles_role" on true where "userRoles"."user_id" = $2 -- params: [1, "bd1fdd95-f1fb-4049-a60d-4b7261095e82"]
Query: select "user_id", "department", "specialization", "profile_picture", "contact_number", "date_of_birth", "gender", "address", "employee_id", "created_at", "updated_at" from "teacher_profiles" "teacherProfiles" where "teacherProfiles"."user_id" = $1 limit $2 -- params: ["bd1fdd95-f1fb-4049-a60d-4b7261095e82", 1]
2026-04-24 14:48:28 [34mdebug[39m [JwtStrategy] [JWT-STRAT] User lookup for bd1fdd95-f1fb-4049-a60d-4b7261095e82: found=true
2026-04-24 14:48:28 [34mdebug[39m [JwtAuthGuard] [AUTH-GUARD] Authorization header present: true
2026-04-24 14:48:28 [34mdebug[39m [JwtStrategy] [JWT-STRAT] Validating token for userId: bd1fdd95-f1fb-4049-a60d-4b7261095e82
Query: select "id", "email", "password", "first_name", "middle_name", "last_name", "account_status", "is_email_verified", "last_login_at", "created_at", "updated_at" from "users" "users" where "users"."id" = $1 limit $2 -- params: ["bd1fdd95-f1fb-4049-a60d-4b7261095e82", 1]
Query: select "user_id", "date_of_birth", "profile_picture", "gender", "phone", "address", "family_name", "family_relationship", "family_contact", "grade_level", "lrn", "created_at", "updated_at" from "student_profiles" "studentProfiles" where "studentProfiles"."user_id" = $1 limit $2 -- params: ["bd1fdd95-f1fb-4049-a60d-4b7261095e82", 1]
Query: select "userRoles"."user_id", "userRoles"."role_id", "userRoles"."assigned_at", "userRoles"."assigned_by", "userRoles_role"."data" as "role" from "user_roles" "userRoles" left join lateral (select json_build_array("userRoles_role"."id", "userRoles_role"."name", "userRoles_role"."description", "userRoles_role"."created_at") as "data" from (select * from "roles" "userRoles_role" where "userRoles_role"."id" = "userRoles"."role_id" limit $1) "userRoles_role") "userRoles_role" on true where "userRoles"."user_id" = $2 -- params: [1, "bd1fdd95-f1fb-4049-a60d-4b7261095e82"]
Query: select "user_id", "department", "specialization", "profile_picture", "contact_number", "date_of_birth", "gender", "address", "employee_id", "created_at", "updated_at" from "teacher_profiles" "teacherProfiles" where "teacherProfiles"."user_id" = $1 limit $2 -- params: ["bd1fdd95-f1fb-4049-a60d-4b7261095e82", 1]
2026-04-24 14:48:28 [34mdebug[39m [JwtStrategy] [JWT-STRAT] User lookup for bd1fdd95-f1fb-4049-a60d-4b7261095e82: found=true
2026-04-24 14:48:28 [34mdebug[39m [RolesGuard] [ROLES] Required: ["teacher","admin"] | User roles: ["teacher"] | Path: /api/ai/teacher/jobs/551795f4-0831-4ef4-974a-962cd3c596da
Query: select "id", "teacher_id" from "ai_generation_jobs" "aiGenerationJobs" where "aiGenerationJobs"."id" = $1 limit $2 -- params: ["551795f4-0831-4ef4-974a-962cd3c596da", 1]
2026-04-24 14:48:30 [34mdebug[39m [JwtAuthGuard] [AUTH-GUARD] Authorization header present: true
2026-04-24 14:48:30 [34mdebug[39m [JwtStrategy] [JWT-STRAT] Validating token for userId: bd1fdd95-f1fb-4049-a60d-4b7261095e82
Query: select "id", "email", "password", "first_name", "middle_name", "last_name", "account_status", "is_email_verified", "last_login_at", "created_at", "updated_at" from "users" "users" where "users"."id" = $1 limit $2 -- params: ["bd1fdd95-f1fb-4049-a60d-4b7261095e82", 1]
Query: select "user_id", "date_of_birth", "profile_picture", "gender", "phone", "address", "family_name", "family_relationship", "family_contact", "grade_level", "lrn", "created_at", "updated_at" from "student_profiles" "studentProfiles" where "studentProfiles"."user_id" = $1 limit $2 -- params: ["bd1fdd95-f1fb-4049-a60d-4b7261095e82", 1]
Query: select "userRoles"."user_id", "userRoles"."role_id", "userRoles"."assigned_at", "userRoles"."assigned_by", "userRoles_role"."data" as "role" from "user_roles" "userRoles" left join lateral (select json_build_array("userRoles_role"."id", "userRoles_role"."name", "userRoles_role"."description", "userRoles_role"."created_at") as "data" from (select * from "roles" "userRoles_role" where "userRoles_role"."id" = "userRoles"."role_id" limit $1) "userRoles_role") "userRoles_role" on true where "userRoles"."user_id" = $2 -- params: [1, "bd1fdd95-f1fb-4049-a60d-4b7261095e82"]
Query: select "user_id", "department", "specialization", "profile_picture", "contact_number", "date_of_birth", "gender", "address", "employee_id", "created_at", "updated_at" from "teacher_profiles" "teacherProfiles" where "teacherProfiles"."user_id" = $1 limit $2 -- params: ["bd1fdd95-f1fb-4049-a60d-4b7261095e82", 1]
2026-04-24 14:48:30 [34mdebug[39m [JwtStrategy] [JWT-STRAT] User lookup for bd1fdd95-f1fb-4049-a60d-4b7261095e82: found=true
2026-04-24 14:48:30 [34mdebug[39m [JwtAuthGuard] [AUTH-GUARD] Authorization header present: true
2026-04-24 14:48:30 [34mdebug[39m [JwtStrategy] [JWT-STRAT] Validating token for userId: bd1fdd95-f1fb-4049-a60d-4b7261095e82
Query: select "id", "email", "password", "first_name", "middle_name", "last_name", "account_status", "is_email_verified", "last_login_at", "created_at", "updated_at" from "users" "users" where "users"."id" = $1 limit $2 -- params: ["bd1fdd95-f1fb-4049-a60d-4b7261095e82", 1]
Query: select "user_id", "date_of_birth", "profile_picture", "gender", "phone", "address", "family_name", "family_relationship", "family_contact", "grade_level", "lrn", "created_at", "updated_at" from "student_profiles" "studentProfiles" where "studentProfiles"."user_id" = $1 limit $2 -- params: ["bd1fdd95-f1fb-4049-a60d-4b7261095e82", 1]
Query: select "userRoles"."user_id", "userRoles"."role_id", "userRoles"."assigned_at", "userRoles"."assigned_by", "userRoles_role"."data" as "role" from "user_roles" "userRoles" left join lateral (select json_build_array("userRoles_role"."id", "userRoles_role"."name", "userRoles_role"."description", "userRoles_role"."created_at") as "data" from (select * from "roles" "userRoles_role" where "userRoles_role"."id" = "userRoles"."role_id" limit $1) "userRoles_role") "userRoles_role" on true where "userRoles"."user_id" = $2 -- params: [1, "bd1fdd95-f1fb-4049-a60d-4b7261095e82"]
Query: select "user_id", "department", "specialization", "profile_picture", "contact_number", "date_of_birth", "gender", "address", "employee_id", "created_at", "updated_at" from "teacher_profiles" "teacherProfiles" where "teacherProfiles"."user_id" = $1 limit $2 -- params: ["bd1fdd95-f1fb-4049-a60d-4b7261095e82", 1]
2026-04-24 14:48:30 [34mdebug[39m [JwtStrategy] [JWT-STRAT] User lookup for bd1fdd95-f1fb-4049-a60d-4b7261095e82: found=true
2026-04-24 14:48:30 [34mdebug[39m [RolesGuard] [ROLES] Required: ["teacher","admin"] | User roles: ["teacher"] | Path: /api/ai/teacher/jobs/551795f4-0831-4ef4-974a-962cd3c596da
Query: select "id", "teacher_id" from "ai_generation_jobs" "aiGenerationJobs" where "aiGenerationJobs"."id" = $1 limit $2 -- params: ["551795f4-0831-4ef4-974a-962cd3c596da", 1]
2026-04-24 14:48:33 [34mdebug[39m [JwtAuthGuard] [AUTH-GUARD] Authorization header present: true
2026-04-24 14:48:33 [34mdebug[39m [JwtStrategy] [JWT-STRAT] Validating token for userId: bd1fdd95-f1fb-4049-a60d-4b7261095e82
Query: select "id", "email", "password", "first_name", "middle_name", "last_name", "account_status", "is_email_verified", "last_login_at", "created_at", "updated_at" from "users" "users" where "users"."id" = $1 limit $2 -- params: ["bd1fdd95-f1fb-4049-a60d-4b7261095e82", 1]
Query: select "user_id", "date_of_birth", "profile_picture", "gender", "phone", "address", "family_name", "family_relationship", "family_contact", "grade_level", "lrn", "created_at", "updated_at" from "student_profiles" "studentProfiles" where "studentProfiles"."user_id" = $1 limit $2 -- params: ["bd1fdd95-f1fb-4049-a60d-4b7261095e82", 1]
Query: select "userRoles"."user_id", "userRoles"."role_id", "userRoles"."assigned_at", "userRoles"."assigned_by", "userRoles_role"."data" as "role" from "user_roles" "userRoles" left join lateral (select json_build_array("userRoles_role"."id", "userRoles_role"."name", "userRoles_role"."description", "userRoles_role"."created_at") as "data" from (select * from "roles" "userRoles_role" where "userRoles_role"."id" = "userRoles"."role_id" limit $1) "userRoles_role") "userRoles_role" on true where "userRoles"."user_id" = $2 -- params: [1, "bd1fdd95-f1fb-4049-a60d-4b7261095e82"]
Query: select "user_id", "department", "specialization", "profile_picture", "contact_number", "date_of_birth", "gender", "address", "employee_id", "created_at", "updated_at" from "teacher_profiles" "teacherProfiles" where "teacherProfiles"."user_id" = $1 limit $2 -- params: ["bd1fdd95-f1fb-4049-a60d-4b7261095e82", 1]
2026-04-24 14:48:33 [34mdebug[39m [JwtStrategy] [JWT-STRAT] User lookup for bd1fdd95-f1fb-4049-a60d-4b7261095e82: found=true
2026-04-24 14:48:33 [34mdebug[39m [JwtAuthGuard] [AUTH-GUARD] Authorization header present: true
2026-04-24 14:48:33 [34mdebug[39m [JwtStrategy] [JWT-STRAT] Validating token for userId: bd1fdd95-f1fb-4049-a60d-4b7261095e82
Query: select "id", "email", "password", "first_name", "middle_name", "last_name", "account_status", "is_email_verified", "last_login_at", "created_at", "updated_at" from "users" "users" where "users"."id" = $1 limit $2 -- params: ["bd1fdd95-f1fb-4049-a60d-4b7261095e82", 1]
Query: select "user_id", "date_of_birth", "profile_picture", "gender", "phone", "address", "family_name", "family_relationship", "family_contact", "grade_level", "lrn", "created_at", "updated_at" from "student_profiles" "studentProfiles" where "studentProfiles"."user_id" = $1 limit $2 -- params: ["bd1fdd95-f1fb-4049-a60d-4b7261095e82", 1]
Query: select "userRoles"."user_id", "userRoles"."role_id", "userRoles"."assigned_at", "userRoles"."assigned_by", "userRoles_role"."data" as "role" from "user_roles" "userRoles" left join lateral (select json_build_array("userRoles_role"."id", "userRoles_role"."name", "userRoles_role"."description", "userRoles_role"."created_at") as "data" from (select * from "roles" "userRoles_role" where "userRoles_role"."id" = "userRoles"."role_id" limit $1) "userRoles_role") "userRoles_role" on true where "userRoles"."user_id" = $2 -- params: [1, "bd1fdd95-f1fb-4049-a60d-4b7261095e82"]
Query: select "user_id", "department", "specialization", "profile_picture", "contact_number", "date_of_birth", "gender", "address", "employee_id", "created_at", "updated_at" from "teacher_profiles" "teacherProfiles" where "teacherProfiles"."user_id" = $1 limit $2 -- params: ["bd1fdd95-f1fb-4049-a60d-4b7261095e82", 1]
2026-04-24 14:48:33 [34mdebug[39m [JwtStrategy] [JWT-STRAT] User lookup for bd1fdd95-f1fb-4049-a60d-4b7261095e82: found=true
2026-04-24 14:48:33 [34mdebug[39m [RolesGuard] [ROLES] Required: ["teacher","admin"] | User roles: ["teacher"] | Path: /api/ai/teacher/jobs/551795f4-0831-4ef4-974a-962cd3c596da
Query: select "id", "teacher_id" from "ai_generation_jobs" "aiGenerationJobs" where "aiGenerationJobs"."id" = $1 limit $2 -- params: ["551795f4-0831-4ef4-974a-962cd3c596da", 1]
2026-04-24 14:48:35 [34mdebug[39m [JwtAuthGuard] [AUTH-GUARD] Authorization header present: true
2026-04-24 14:48:35 [34mdebug[39m [JwtStrategy] [JWT-STRAT] Validating token for userId: bd1fdd95-f1fb-4049-a60d-4b7261095e82
Query: select "id", "email", "password", "first_name", "middle_name", "last_name", "account_status", "is_email_verified", "last_login_at", "created_at", "updated_at" from "users" "users" where "users"."id" = $1 limit $2 -- params: ["bd1fdd95-f1fb-4049-a60d-4b7261095e82", 1]
Query: select "user_id", "date_of_birth", "profile_picture", "gender", "phone", "address", "family_name", "family_relationship", "family_contact", "grade_level", "lrn", "created_at", "updated_at" from "student_profiles" "studentProfiles" where "studentProfiles"."user_id" = $1 limit $2 -- params: ["bd1fdd95-f1fb-4049-a60d-4b7261095e82", 1]
Query: select "userRoles"."user_id", "userRoles"."role_id", "userRoles"."assigned_at", "userRoles"."assigned_by", "userRoles_role"."data" as "role" from "user_roles" "userRoles" left join lateral (select json_build_array("userRoles_role"."id", "userRoles_role"."name", "userRoles_role"."description", "userRoles_role"."created_at") as "data" from (select * from "roles" "userRoles_role" where "userRoles_role"."id" = "userRoles"."role_id" limit $1) "userRoles_role") "userRoles_role" on true where "userRoles"."user_id" = $2 -- params: [1, "bd1fdd95-f1fb-4049-a60d-4b7261095e82"]
Query: select "user_id", "department", "specialization", "profile_picture", "contact_number", "date_of_birth", "gender", "address", "employee_id", "created_at", "updated_at" from "teacher_profiles" "teacherProfiles" where "teacherProfiles"."user_id" = $1 limit $2 -- params: ["bd1fdd95-f1fb-4049-a60d-4b7261095e82", 1]
2026-04-24 14:48:35 [34mdebug[39m [JwtStrategy] [JWT-STRAT] User lookup for bd1fdd95-f1fb-4049-a60d-4b7261095e82: found=true
2026-04-24 14:48:35 [34mdebug[39m [JwtAuthGuard] [AUTH-GUARD] Authorization header present: true
2026-04-24 14:48:35 [34mdebug[39m [JwtStrategy] [JWT-STRAT] Validating token for userId: bd1fdd95-f1fb-4049-a60d-4b7261095e82
Query: select "id", "email", "password", "first_name", "middle_name", "last_name", "account_status", "is_email_verified", "last_login_at", "created_at", "updated_at" from "users" "users" where "users"."id" = $1 limit $2 -- params: ["bd1fdd95-f1fb-4049-a60d-4b7261095e82", 1]
Query: select "user_id", "date_of_birth", "profile_picture", "gender", "phone", "address", "family_name", "family_relationship", "family_contact", "grade_level", "lrn", "created_at", "updated_at" from "student_profiles" "studentProfiles" where "studentProfiles"."user_id" = $1 limit $2 -- params: ["bd1fdd95-f1fb-4049-a60d-4b7261095e82", 1]
Query: select "userRoles"."user_id", "userRoles"."role_id", "userRoles"."assigned_at", "userRoles"."assigned_by", "userRoles_role"."data" as "role" from "user_roles" "userRoles" left join lateral (select json_build_array("userRoles_role"."id", "userRoles_role"."name", "userRoles_role"."description", "userRoles_role"."created_at") as "data" from (select * from "roles" "userRoles_role" where "userRoles_role"."id" = "userRoles"."role_id" limit $1) "userRoles_role") "userRoles_role" on true where "userRoles"."user_id" = $2 -- params: [1, "bd1fdd95-f1fb-4049-a60d-4b7261095e82"]
Query: select "user_id", "department", "specialization", "profile_picture", "contact_number", "date_of_birth", "gender", "address", "employee_id", "created_at", "updated_at" from "teacher_profiles" "teacherProfiles" where "teacherProfiles"."user_id" = $1 limit $2 -- params: ["bd1fdd95-f1fb-4049-a60d-4b7261095e82", 1]
2026-04-24 14:48:35 [34mdebug[39m [JwtStrategy] [JWT-STRAT] User lookup for bd1fdd95-f1fb-4049-a60d-4b7261095e82: found=true
2026-04-24 14:48:35 [34mdebug[39m [RolesGuard] [ROLES] Required: ["teacher","admin"] | User roles: ["teacher"] | Path: /api/ai/teacher/jobs/551795f4-0831-4ef4-974a-962cd3c596da
Query: select "id", "teacher_id" from "ai_generation_jobs" "aiGenerationJobs" where "aiGenerationJobs"."id" = $1 limit $2 -- params: ["551795f4-0831-4ef4-974a-962cd3c596da", 1]
2026-04-24 14:48:38 [34mdebug[39m [JwtAuthGuard] [AUTH-GUARD] Authorization header present: true
2026-04-24 14:48:38 [34mdebug[39m [JwtStrategy] [JWT-STRAT] Validating token for userId: bd1fdd95-f1fb-4049-a60d-4b7261095e82
Query: select "id", "email", "password", "first_name", "middle_name", "last_name", "account_status", "is_email_verified", "last_login_at", "created_at", "updated_at" from "users" "users" where "users"."id" = $1 limit $2 -- params: ["bd1fdd95-f1fb-4049-a60d-4b7261095e82", 1]
Query: select "user_id", "date_of_birth", "profile_picture", "gender", "phone", "address", "family_name", "family_relationship", "family_contact", "grade_level", "lrn", "created_at", "updated_at" from "student_profiles" "studentProfiles" where "studentProfiles"."user_id" = $1 limit $2 -- params: ["bd1fdd95-f1fb-4049-a60d-4b7261095e82", 1]
Query: select "userRoles"."user_id", "userRoles"."role_id", "userRoles"."assigned_at", "userRoles"."assigned_by", "userRoles_role"."data" as "role" from "user_roles" "userRoles" left join lateral (select json_build_array("userRoles_role"."id", "userRoles_role"."name", "userRoles_role"."description", "userRoles_role"."created_at") as "data" from (select * from "roles" "userRoles_role" where "userRoles_role"."id" = "userRoles"."role_id" limit $1) "userRoles_role") "userRoles_role" on true where "userRoles"."user_id" = $2 -- params: [1, "bd1fdd95-f1fb-4049-a60d-4b7261095e82"]
Query: select "user_id", "department", "specialization", "profile_picture", "contact_number", "date_of_birth", "gender", "address", "employee_id", "created_at", "updated_at" from "teacher_profiles" "teacherProfiles" where "teacherProfiles"."user_id" = $1 limit $2 -- params: ["bd1fdd95-f1fb-4049-a60d-4b7261095e82", 1]
2026-04-24 14:48:38 [34mdebug[39m [JwtStrategy] [JWT-STRAT] User lookup for bd1fdd95-f1fb-4049-a60d-4b7261095e82: found=true
2026-04-24 14:48:38 [34mdebug[39m [JwtAuthGuard] [AUTH-GUARD] Authorization header present: true
2026-04-24 14:48:38 [34mdebug[39m [JwtStrategy] [JWT-STRAT] Validating token for userId: bd1fdd95-f1fb-4049-a60d-4b7261095e82
Query: select "id", "email", "password", "first_name", "middle_name", "last_name", "account_status", "is_email_verified", "last_login_at", "created_at", "updated_at" from "users" "users" where "users"."id" = $1 limit $2 -- params: ["bd1fdd95-f1fb-4049-a60d-4b7261095e82", 1]
Query: select "user_id", "date_of_birth", "profile_picture", "gender", "phone", "address", "family_name", "family_relationship", "family_contact", "grade_level", "lrn", "created_at", "updated_at" from "student_profiles" "studentProfiles" where "studentProfiles"."user_id" = $1 limit $2 -- params: ["bd1fdd95-f1fb-4049-a60d-4b7261095e82", 1]
Query: select "userRoles"."user_id", "userRoles"."role_id", "userRoles"."assigned_at", "userRoles"."assigned_by", "userRoles_role"."data" as "role" from "user_roles" "userRoles" left join lateral (select json_build_array("userRoles_role"."id", "userRoles_role"."name", "userRoles_role"."description", "userRoles_role"."created_at") as "data" from (select * from "roles" "userRoles_role" where "userRoles_role"."id" = "userRoles"."role_id" limit $1) "userRoles_role") "userRoles_role" on true where "userRoles"."user_id" = $2 -- params: [1, "bd1fdd95-f1fb-4049-a60d-4b7261095e82"]
Query: select "user_id", "department", "specialization", "profile_picture", "contact_number", "date_of_birth", "gender", "address", "employee_id", "created_at", "updated_at" from "teacher_profiles" "teacherProfiles" where "teacherProfiles"."user_id" = $1 limit $2 -- params: ["bd1fdd95-f1fb-4049-a60d-4b7261095e82", 1]
2026-04-24 14:48:38 [34mdebug[39m [JwtStrategy] [JWT-STRAT] User lookup for bd1fdd95-f1fb-4049-a60d-4b7261095e82: found=true
2026-04-24 14:48:38 [34mdebug[39m [RolesGuard] [ROLES] Required: ["teacher","admin"] | User roles: ["teacher"] | Path: /api/ai/teacher/jobs/551795f4-0831-4ef4-974a-962cd3c596da
Query: select "id", "teacher_id" from "ai_generation_jobs" "aiGenerationJobs" where "aiGenerationJobs"."id" = $1 limit $2 -- params: ["551795f4-0831-4ef4-974a-962cd3c596da", 1]
2026-04-24 14:48:40 [34mdebug[39m [JwtAuthGuard] [AUTH-GUARD] Authorization header present: true
2026-04-24 14:48:40 [34mdebug[39m [JwtStrategy] [JWT-STRAT] Validating token for userId: bd1fdd95-f1fb-4049-a60d-4b7261095e82
Query: select "id", "email", "password", "first_name", "middle_name", "last_name", "account_status", "is_email_verified", "last_login_at", "created_at", "updated_at" from "users" "users" where "users"."id" = $1 limit $2 -- params: ["bd1fdd95-f1fb-4049-a60d-4b7261095e82", 1]
Query: select "user_id", "date_of_birth", "profile_picture", "gender", "phone", "address", "family_name", "family_relationship", "family_contact", "grade_level", "lrn", "created_at", "updated_at" from "student_profiles" "studentProfiles" where "studentProfiles"."user_id" = $1 limit $2 -- params: ["bd1fdd95-f1fb-4049-a60d-4b7261095e82", 1]
Query: select "userRoles"."user_id", "userRoles"."role_id", "userRoles"."assigned_at", "userRoles"."assigned_by", "userRoles_role"."data" as "role" from "user_roles" "userRoles" left join lateral (select json_build_array("userRoles_role"."id", "userRoles_role"."name", "userRoles_role"."description", "userRoles_role"."created_at") as "data" from (select * from "roles" "userRoles_role" where "userRoles_role"."id" = "userRoles"."role_id" limit $1) "userRoles_role") "userRoles_role" on true where "userRoles"."user_id" = $2 -- params: [1, "bd1fdd95-f1fb-4049-a60d-4b7261095e82"]
Query: select "user_id", "department", "specialization", "profile_picture", "contact_number", "date_of_birth", "gender", "address", "employee_id", "created_at", "updated_at" from "teacher_profiles" "teacherProfiles" where "teacherProfiles"."user_id" = $1 limit $2 -- params: ["bd1fdd95-f1fb-4049-a60d-4b7261095e82", 1]
2026-04-24 14:48:40 [34mdebug[39m [JwtStrategy] [JWT-STRAT] User lookup for bd1fdd95-f1fb-4049-a60d-4b7261095e82: found=true
2026-04-24 14:48:40 [34mdebug[39m [JwtAuthGuard] [AUTH-GUARD] Authorization header present: true
2026-04-24 14:48:40 [34mdebug[39m [JwtStrategy] [JWT-STRAT] Validating token for userId: bd1fdd95-f1fb-4049-a60d-4b7261095e82
Query: select "id", "email", "password", "first_name", "middle_name", "last_name", "account_status", "is_email_verified", "last_login_at", "created_at", "updated_at" from "users" "users" where "users"."id" = $1 limit $2 -- params: ["bd1fdd95-f1fb-4049-a60d-4b7261095e82", 1]
Query: select "user_id", "date_of_birth", "profile_picture", "gender", "phone", "address", "family_name", "family_relationship", "family_contact", "grade_level", "lrn", "created_at", "updated_at" from "student_profiles" "studentProfiles" where "studentProfiles"."user_id" = $1 limit $2 -- params: ["bd1fdd95-f1fb-4049-a60d-4b7261095e82", 1]
Query: select "userRoles"."user_id", "userRoles"."role_id", "userRoles"."assigned_at", "userRoles"."assigned_by", "userRoles_role"."data" as "role" from "user_roles" "userRoles" left join lateral (select json_build_array("userRoles_role"."id", "userRoles_role"."name", "userRoles_role"."description", "userRoles_role"."created_at") as "data" from (select * from "roles" "userRoles_role" where "userRoles_role"."id" = "userRoles"."role_id" limit $1) "userRoles_role") "userRoles_role" on true where "userRoles"."user_id" = $2 -- params: [1, "bd1fdd95-f1fb-4049-a60d-4b7261095e82"]
Query: select "user_id", "department", "specialization", "profile_picture", "contact_number", "date_of_birth", "gender", "address", "employee_id", "created_at", "updated_at" from "teacher_profiles" "teacherProfiles" where "teacherProfiles"."user_id" = $1 limit $2 -- params: ["bd1fdd95-f1fb-4049-a60d-4b7261095e82", 1]
2026-04-24 14:48:40 [34mdebug[39m [JwtStrategy] [JWT-STRAT] User lookup for bd1fdd95-f1fb-4049-a60d-4b7261095e82: found=true
2026-04-24 14:48:40 [34mdebug[39m [RolesGuard] [ROLES] Required: ["teacher","admin"] | User roles: ["teacher"] | Path: /api/ai/teacher/jobs/551795f4-0831-4ef4-974a-962cd3c596da
Query: select "id", "teacher_id" from "ai_generation_jobs" "aiGenerationJobs" where "aiGenerationJobs"."id" = $1 limit $2 -- params: ["551795f4-0831-4ef4-974a-962cd3c596da", 1]
2026-04-24 14:48:43 [34mdebug[39m [JwtAuthGuard] [AUTH-GUARD] Authorization header present: true
2026-04-24 14:48:43 [34mdebug[39m [JwtStrategy] [JWT-STRAT] Validating token for userId: bd1fdd95-f1fb-4049-a60d-4b7261095e82
Query: select "id", "email", "password", "first_name", "middle_name", "last_name", "account_status", "is_email_verified", "last_login_at", "created_at", "updated_at" from "users" "users" where "users"."id" = $1 limit $2 -- params: ["bd1fdd95-f1fb-4049-a60d-4b7261095e82", 1]
Query: select "user_id", "date_of_birth", "profile_picture", "gender", "phone", "address", "family_name", "family_relationship", "family_contact", "grade_level", "lrn", "created_at", "updated_at" from "student_profiles" "studentProfiles" where "studentProfiles"."user_id" = $1 limit $2 -- params: ["bd1fdd95-f1fb-4049-a60d-4b7261095e82", 1]
Query: select "userRoles"."user_id", "userRoles"."role_id", "userRoles"."assigned_at", "userRoles"."assigned_by", "userRoles_role"."data" as "role" from "user_roles" "userRoles" left join lateral (select json_build_array("userRoles_role"."id", "userRoles_role"."name", "userRoles_role"."description", "userRoles_role"."created_at") as "data" from (select * from "roles" "userRoles_role" where "userRoles_role"."id" = "userRoles"."role_id" limit $1) "userRoles_role") "userRoles_role" on true where "userRoles"."user_id" = $2 -- params: [1, "bd1fdd95-f1fb-4049-a60d-4b7261095e82"]
Query: select "user_id", "department", "specialization", "profile_picture", "contact_number", "date_of_birth", "gender", "address", "employee_id", "created_at", "updated_at" from "teacher_profiles" "teacherProfiles" where "teacherProfiles"."user_id" = $1 limit $2 -- params: ["bd1fdd95-f1fb-4049-a60d-4b7261095e82", 1]
2026-04-24 14:48:43 [34mdebug[39m [JwtStrategy] [JWT-STRAT] User lookup for bd1fdd95-f1fb-4049-a60d-4b7261095e82: found=true
2026-04-24 14:48:43 [34mdebug[39m [JwtAuthGuard] [AUTH-GUARD] Authorization header present: true
2026-04-24 14:48:43 [34mdebug[39m [JwtStrategy] [JWT-STRAT] Validating token for userId: bd1fdd95-f1fb-4049-a60d-4b7261095e82
Query: select "id", "email", "password", "first_name", "middle_name", "last_name", "account_status", "is_email_verified", "last_login_at", "created_at", "updated_at" from "users" "users" where "users"."id" = $1 limit $2 -- params: ["bd1fdd95-f1fb-4049-a60d-4b7261095e82", 1]
Query: select "user_id", "date_of_birth", "profile_picture", "gender", "phone", "address", "family_name", "family_relationship", "family_contact", "grade_level", "lrn", "created_at", "updated_at" from "student_profiles" "studentProfiles" where "studentProfiles"."user_id" = $1 limit $2 -- params: ["bd1fdd95-f1fb-4049-a60d-4b7261095e82", 1]
Query: select "userRoles"."user_id", "userRoles"."role_id", "userRoles"."assigned_at", "userRoles"."assigned_by", "userRoles_role"."data" as "role" from "user_roles" "userRoles" left join lateral (select json_build_array("userRoles_role"."id", "userRoles_role"."name", "userRoles_role"."description", "userRoles_role"."created_at") as "data" from (select * from "roles" "userRoles_role" where "userRoles_role"."id" = "userRoles"."role_id" limit $1) "userRoles_role") "userRoles_role" on true where "userRoles"."user_id" = $2 -- params: [1, "bd1fdd95-f1fb-4049-a60d-4b7261095e82"]
Query: select "user_id", "department", "specialization", "profile_picture", "contact_number", "date_of_birth", "gender", "address", "employee_id", "created_at", "updated_at" from "teacher_profiles" "teacherProfiles" where "teacherProfiles"."user_id" = $1 limit $2 -- params: ["bd1fdd95-f1fb-4049-a60d-4b7261095e82", 1]
2026-04-24 14:48:43 [34mdebug[39m [JwtStrategy] [JWT-STRAT] User lookup for bd1fdd95-f1fb-4049-a60d-4b7261095e82: found=true
2026-04-24 14:48:43 [34mdebug[39m [RolesGuard] [ROLES] Required: ["teacher","admin"] | User roles: ["teacher"] | Path: /api/ai/teacher/jobs/551795f4-0831-4ef4-974a-962cd3c596da
Query: select "id", "teacher_id" from "ai_generation_jobs" "aiGenerationJobs" where "aiGenerationJobs"."id" = $1 limit $2 -- params: ["551795f4-0831-4ef4-974a-962cd3c596da", 1]
2026-04-24 14:48:45 [34mdebug[39m [JwtAuthGuard] [AUTH-GUARD] Authorization header present: true
2026-04-24 14:48:45 [34mdebug[39m [JwtStrategy] [JWT-STRAT] Validating token for userId: bd1fdd95-f1fb-4049-a60d-4b7261095e82
Query: select "id", "email", "password", "first_name", "middle_name", "last_name", "account_status", "is_email_verified", "last_login_at", "created_at", "updated_at" from "users" "users" where "users"."id" = $1 limit $2 -- params: ["bd1fdd95-f1fb-4049-a60d-4b7261095e82", 1]
Query: select "user_id", "date_of_birth", "profile_picture", "gender", "phone", "address", "family_name", "family_relationship", "family_contact", "grade_level", "lrn", "created_at", "updated_at" from "student_profiles" "studentProfiles" where "studentProfiles"."user_id" = $1 limit $2 -- params: ["bd1fdd95-f1fb-4049-a60d-4b7261095e82", 1]
Query: select "userRoles"."user_id", "userRoles"."role_id", "userRoles"."assigned_at", "userRoles"."assigned_by", "userRoles_role"."data" as "role" from "user_roles" "userRoles" left join lateral (select json_build_array("userRoles_role"."id", "userRoles_role"."name", "userRoles_role"."description", "userRoles_role"."created_at") as "data" from (select * from "roles" "userRoles_role" where "userRoles_role"."id" = "userRoles"."role_id" limit $1) "userRoles_role") "userRoles_role" on true where "userRoles"."user_id" = $2 -- params: [1, "bd1fdd95-f1fb-4049-a60d-4b7261095e82"]
Query: select "user_id", "department", "specialization", "profile_picture", "contact_number", "date_of_birth", "gender", "address", "employee_id", "created_at", "updated_at" from "teacher_profiles" "teacherProfiles" where "teacherProfiles"."user_id" = $1 limit $2 -- params: ["bd1fdd95-f1fb-4049-a60d-4b7261095e82", 1]
2026-04-24 14:48:45 [34mdebug[39m [JwtStrategy] [JWT-STRAT] User lookup for bd1fdd95-f1fb-4049-a60d-4b7261095e82: found=true
2026-04-24 14:48:45 [34mdebug[39m [JwtAuthGuard] [AUTH-GUARD] Authorization header present: true
2026-04-24 14:48:45 [34mdebug[39m [JwtStrategy] [JWT-STRAT] Validating token for userId: bd1fdd95-f1fb-4049-a60d-4b7261095e82
Query: select "id", "email", "password", "first_name", "middle_name", "last_name", "account_status", "is_email_verified", "last_login_at", "created_at", "updated_at" from "users" "users" where "users"."id" = $1 limit $2 -- params: ["bd1fdd95-f1fb-4049-a60d-4b7261095e82", 1]
Query: select "user_id", "date_of_birth", "profile_picture", "gender", "phone", "address", "family_name", "family_relationship", "family_contact", "grade_level", "lrn", "created_at", "updated_at" from "student_profiles" "studentProfiles" where "studentProfiles"."user_id" = $1 limit $2 -- params: ["bd1fdd95-f1fb-4049-a60d-4b7261095e82", 1]
Query: select "userRoles"."user_id", "userRoles"."role_id", "userRoles"."assigned_at", "userRoles"."assigned_by", "userRoles_role"."data" as "role" from "user_roles" "userRoles" left join lateral (select json_build_array("userRoles_role"."id", "userRoles_role"."name", "userRoles_role"."description", "userRoles_role"."created_at") as "data" from (select * from "roles" "userRoles_role" where "userRoles_role"."id" = "userRoles"."role_id" limit $1) "userRoles_role") "userRoles_role" on true where "userRoles"."user_id" = $2 -- params: [1, "bd1fdd95-f1fb-4049-a60d-4b7261095e82"]
Query: select "user_id", "department", "specialization", "profile_picture", "contact_number", "date_of_birth", "gender", "address", "employee_id", "created_at", "updated_at" from "teacher_profiles" "teacherProfiles" where "teacherProfiles"."user_id" = $1 limit $2 -- params: ["bd1fdd95-f1fb-4049-a60d-4b7261095e82", 1]
2026-04-24 14:48:45 [34mdebug[39m [JwtStrategy] [JWT-STRAT] User lookup for bd1fdd95-f1fb-4049-a60d-4b7261095e82: found=true
2026-04-24 14:48:45 [34mdebug[39m [RolesGuard] [ROLES] Required: ["teacher","admin"] | User roles: ["teacher"] | Path: /api/ai/teacher/jobs/551795f4-0831-4ef4-974a-962cd3c596da
Query: select "id", "teacher_id" from "ai_generation_jobs" "aiGenerationJobs" where "aiGenerationJobs"."id" = $1 limit $2 -- params: ["551795f4-0831-4ef4-974a-962cd3c596da", 1]
2026-04-24 14:48:48 [34mdebug[39m [JwtAuthGuard] [AUTH-GUARD] Authorization header present: true
2026-04-24 14:48:48 [34mdebug[39m [JwtStrategy] [JWT-STRAT] Validating token for userId: bd1fdd95-f1fb-4049-a60d-4b7261095e82
Query: select "id", "email", "password", "first_name", "middle_name", "last_name", "account_status", "is_email_verified", "last_login_at", "created_at", "updated_at" from "users" "users" where "users"."id" = $1 limit $2 -- params: ["bd1fdd95-f1fb-4049-a60d-4b7261095e82", 1]
Query: select "user_id", "date_of_birth", "profile_picture", "gender", "phone", "address", "family_name", "family_relationship", "family_contact", "grade_level", "lrn", "created_at", "updated_at" from "student_profiles" "studentProfiles" where "studentProfiles"."user_id" = $1 limit $2 -- params: ["bd1fdd95-f1fb-4049-a60d-4b7261095e82", 1]
Query: select "userRoles"."user_id", "userRoles"."role_id", "userRoles"."assigned_at", "userRoles"."assigned_by", "userRoles_role"."data" as "role" from "user_roles" "userRoles" left join lateral (select json_build_array("userRoles_role"."id", "userRoles_role"."name", "userRoles_role"."description", "userRoles_role"."created_at") as "data" from (select * from "roles" "userRoles_role" where "userRoles_role"."id" = "userRoles"."role_id" limit $1) "userRoles_role") "userRoles_role" on true where "userRoles"."user_id" = $2 -- params: [1, "bd1fdd95-f1fb-4049-a60d-4b7261095e82"]
Query: select "user_id", "department", "specialization", "profile_picture", "contact_number", "date_of_birth", "gender", "address", "employee_id", "created_at", "updated_at" from "teacher_profiles" "teacherProfiles" where "teacherProfiles"."user_id" = $1 limit $2 -- params: ["bd1fdd95-f1fb-4049-a60d-4b7261095e82", 1]
2026-04-24 14:48:48 [34mdebug[39m [JwtStrategy] [JWT-STRAT] User lookup for bd1fdd95-f1fb-4049-a60d-4b7261095e82: found=true
2026-04-24 14:48:48 [34mdebug[39m [JwtAuthGuard] [AUTH-GUARD] Authorization header present: true
2026-04-24 14:48:48 [34mdebug[39m [JwtStrategy] [JWT-STRAT] Validating token for userId: bd1fdd95-f1fb-4049-a60d-4b7261095e82
Query: select "id", "email", "password", "first_name", "middle_name", "last_name", "account_status", "is_email_verified", "last_login_at", "created_at", "updated_at" from "users" "users" where "users"."id" = $1 limit $2 -- params: ["bd1fdd95-f1fb-4049-a60d-4b7261095e82", 1]
Query: select "user_id", "date_of_birth", "profile_picture", "gender", "phone", "address", "family_name", "family_relationship", "family_contact", "grade_level", "lrn", "created_at", "updated_at" from "student_profiles" "studentProfiles" where "studentProfiles"."user_id" = $1 limit $2 -- params: ["bd1fdd95-f1fb-4049-a60d-4b7261095e82", 1]
Query: select "userRoles"."user_id", "userRoles"."role_id", "userRoles"."assigned_at", "userRoles"."assigned_by", "userRoles_role"."data" as "role" from "user_roles" "userRoles" left join lateral (select json_build_array("userRoles_role"."id", "userRoles_role"."name", "userRoles_role"."description", "userRoles_role"."created_at") as "data" from (select * from "roles" "userRoles_role" where "userRoles_role"."id" = "userRoles"."role_id" limit $1) "userRoles_role") "userRoles_role" on true where "userRoles"."user_id" = $2 -- params: [1, "bd1fdd95-f1fb-4049-a60d-4b7261095e82"]
Query: select "user_id", "department", "specialization", "profile_picture", "contact_number", "date_of_birth", "gender", "address", "employee_id", "created_at", "updated_at" from "teacher_profiles" "teacherProfiles" where "teacherProfiles"."user_id" = $1 limit $2 -- params: ["bd1fdd95-f1fb-4049-a60d-4b7261095e82", 1]
2026-04-24 14:48:48 [34mdebug[39m [JwtStrategy] [JWT-STRAT] User lookup for bd1fdd95-f1fb-4049-a60d-4b7261095e82: found=true
2026-04-24 14:48:48 [34mdebug[39m [RolesGuard] [ROLES] Required: ["teacher","admin"] | User roles: ["teacher"] | Path: /api/ai/teacher/jobs/551795f4-0831-4ef4-974a-962cd3c596da
Query: select "id", "teacher_id" from "ai_generation_jobs" "aiGenerationJobs" where "aiGenerationJobs"."id" = $1 limit $2 -- params: ["551795f4-0831-4ef4-974a-962cd3c596da", 1]
2026-04-24 14:48:50 [34mdebug[39m [JwtAuthGuard] [AUTH-GUARD] Authorization header present: true
2026-04-24 14:48:50 [34mdebug[39m [JwtStrategy] [JWT-STRAT] Validating token for userId: bd1fdd95-f1fb-4049-a60d-4b7261095e82
Query: select "id", "email", "password", "first_name", "middle_name", "last_name", "account_status", "is_email_verified", "last_login_at", "created_at", "updated_at" from "users" "users" where "users"."id" = $1 limit $2 -- params: ["bd1fdd95-f1fb-4049-a60d-4b7261095e82", 1]
Query: select "user_id", "date_of_birth", "profile_picture", "gender", "phone", "address", "family_name", "family_relationship", "family_contact", "grade_level", "lrn", "created_at", "updated_at" from "student_profiles" "studentProfiles" where "studentProfiles"."user_id" = $1 limit $2 -- params: ["bd1fdd95-f1fb-4049-a60d-4b7261095e82", 1]
Query: select "userRoles"."user_id", "userRoles"."role_id", "userRoles"."assigned_at", "userRoles"."assigned_by", "userRoles_role"."data" as "role" from "user_roles" "userRoles" left join lateral (select json_build_array("userRoles_role"."id", "userRoles_role"."name", "userRoles_role"."description", "userRoles_role"."created_at") as "data" from (select * from "roles" "userRoles_role" where "userRoles_role"."id" = "userRoles"."role_id" limit $1) "userRoles_role") "userRoles_role" on true where "userRoles"."user_id" = $2 -- params: [1, "bd1fdd95-f1fb-4049-a60d-4b7261095e82"]
Query: select "user_id", "department", "specialization", "profile_picture", "contact_number", "date_of_birth", "gender", "address", "employee_id", "created_at", "updated_at" from "teacher_profiles" "teacherProfiles" where "teacherProfiles"."user_id" = $1 limit $2 -- params: ["bd1fdd95-f1fb-4049-a60d-4b7261095e82", 1]
2026-04-24 14:48:50 [34mdebug[39m [JwtStrategy] [JWT-STRAT] User lookup for bd1fdd95-f1fb-4049-a60d-4b7261095e82: found=true
2026-04-24 14:48:50 [34mdebug[39m [JwtAuthGuard] [AUTH-GUARD] Authorization header present: true
2026-04-24 14:48:50 [34mdebug[39m [JwtStrategy] [JWT-STRAT] Validating token for userId: bd1fdd95-f1fb-4049-a60d-4b7261095e82
Query: select "id", "email", "password", "first_name", "middle_name", "last_name", "account_status", "is_email_verified", "last_login_at", "created_at", "updated_at" from "users" "users" where "users"."id" = $1 limit $2 -- params: ["bd1fdd95-f1fb-4049-a60d-4b7261095e82", 1]
Query: select "user_id", "date_of_birth", "profile_picture", "gender", "phone", "address", "family_name", "family_relationship", "family_contact", "grade_level", "lrn", "created_at", "updated_at" from "student_profiles" "studentProfiles" where "studentProfiles"."user_id" = $1 limit $2 -- params: ["bd1fdd95-f1fb-4049-a60d-4b7261095e82", 1]
Query: select "userRoles"."user_id", "userRoles"."role_id", "userRoles"."assigned_at", "userRoles"."assigned_by", "userRoles_role"."data" as "role" from "user_roles" "userRoles" left join lateral (select json_build_array("userRoles_role"."id", "userRoles_role"."name", "userRoles_role"."description", "userRoles_role"."created_at") as "data" from (select * from "roles" "userRoles_role" where "userRoles_role"."id" = "userRoles"."role_id" limit $1) "userRoles_role") "userRoles_role" on true where "userRoles"."user_id" = $2 -- params: [1, "bd1fdd95-f1fb-4049-a60d-4b7261095e82"]
Query: select "user_id", "department", "specialization", "profile_picture", "contact_number", "date_of_birth", "gender", "address", "employee_id", "created_at", "updated_at" from "teacher_profiles" "teacherProfiles" where "teacherProfiles"."user_id" = $1 limit $2 -- params: ["bd1fdd95-f1fb-4049-a60d-4b7261095e82", 1]
2026-04-24 14:48:50 [34mdebug[39m [JwtStrategy] [JWT-STRAT] User lookup for bd1fdd95-f1fb-4049-a60d-4b7261095e82: found=true
2026-04-24 14:48:50 [34mdebug[39m [RolesGuard] [ROLES] Required: ["teacher","admin"] | User roles: ["teacher"] | Path: /api/ai/teacher/jobs/551795f4-0831-4ef4-974a-962cd3c596da
Query: select "id", "teacher_id" from "ai_generation_jobs" "aiGenerationJobs" where "aiGenerationJobs"."id" = $1 limit $2 -- params: ["551795f4-0831-4ef4-974a-962cd3c596da", 1]
2026-04-24 14:48:53 [34mdebug[39m [JwtAuthGuard] [AUTH-GUARD] Authorization header present: true
2026-04-24 14:48:53 [34mdebug[39m [JwtStrategy] [JWT-STRAT] Validating token for userId: bd1fdd95-f1fb-4049-a60d-4b7261095e82
Query: select "id", "email", "password", "first_name", "middle_name", "last_name", "account_status", "is_email_verified", "last_login_at", "created_at", "updated_at" from "users" "users" where "users"."id" = $1 limit $2 -- params: ["bd1fdd95-f1fb-4049-a60d-4b7261095e82", 1]
Query: select "user_id", "date_of_birth", "profile_picture", "gender", "phone", "address", "family_name", "family_relationship", "family_contact", "grade_level", "lrn", "created_at", "updated_at" from "student_profiles" "studentProfiles" where "studentProfiles"."user_id" = $1 limit $2 -- params: ["bd1fdd95-f1fb-4049-a60d-4b7261095e82", 1]
Query: select "userRoles"."user_id", "userRoles"."role_id", "userRoles"."assigned_at", "userRoles"."assigned_by", "userRoles_role"."data" as "role" from "user_roles" "userRoles" left join lateral (select json_build_array("userRoles_role"."id", "userRoles_role"."name", "userRoles_role"."description", "userRoles_role"."created_at") as "data" from (select * from "roles" "userRoles_role" where "userRoles_role"."id" = "userRoles"."role_id" limit $1) "userRoles_role") "userRoles_role" on true where "userRoles"."user_id" = $2 -- params: [1, "bd1fdd95-f1fb-4049-a60d-4b7261095e82"]
Query: select "user_id", "department", "specialization", "profile_picture", "contact_number", "date_of_birth", "gender", "address", "employee_id", "created_at", "updated_at" from "teacher_profiles" "teacherProfiles" where "teacherProfiles"."user_id" = $1 limit $2 -- params: ["bd1fdd95-f1fb-4049-a60d-4b7261095e82", 1]
2026-04-24 14:48:53 [34mdebug[39m [JwtStrategy] [JWT-STRAT] User lookup for bd1fdd95-f1fb-4049-a60d-4b7261095e82: found=true
2026-04-24 14:48:53 [34mdebug[39m [JwtAuthGuard] [AUTH-GUARD] Authorization header present: true
2026-04-24 14:48:53 [34mdebug[39m [JwtStrategy] [JWT-STRAT] Validating token for userId: bd1fdd95-f1fb-4049-a60d-4b7261095e82
Query: select "id", "email", "password", "first_name", "middle_name", "last_name", "account_status", "is_email_verified", "last_login_at", "created_at", "updated_at" from "users" "users" where "users"."id" = $1 limit $2 -- params: ["bd1fdd95-f1fb-4049-a60d-4b7261095e82", 1]
Query: select "user_id", "date_of_birth", "profile_picture", "gender", "phone", "address", "family_name", "family_relationship", "family_contact", "grade_level", "lrn", "created_at", "updated_at" from "student_profiles" "studentProfiles" where "studentProfiles"."user_id" = $1 limit $2 -- params: ["bd1fdd95-f1fb-4049-a60d-4b7261095e82", 1]
Query: select "userRoles"."user_id", "userRoles"."role_id", "userRoles"."assigned_at", "userRoles"."assigned_by", "userRoles_role"."data" as "role" from "user_roles" "userRoles" left join lateral (select json_build_array("userRoles_role"."id", "userRoles_role"."name", "userRoles_role"."description", "userRoles_role"."created_at") as "data" from (select * from "roles" "userRoles_role" where "userRoles_role"."id" = "userRoles"."role_id" limit $1) "userRoles_role") "userRoles_role" on true where "userRoles"."user_id" = $2 -- params: [1, "bd1fdd95-f1fb-4049-a60d-4b7261095e82"]
Query: select "user_id", "department", "specialization", "profile_picture", "contact_number", "date_of_birth", "gender", "address", "employee_id", "created_at", "updated_at" from "teacher_profiles" "teacherProfiles" where "teacherProfiles"."user_id" = $1 limit $2 -- params: ["bd1fdd95-f1fb-4049-a60d-4b7261095e82", 1]
2026-04-24 14:48:53 [34mdebug[39m [JwtStrategy] [JWT-STRAT] User lookup for bd1fdd95-f1fb-4049-a60d-4b7261095e82: found=true
2026-04-24 14:48:53 [34mdebug[39m [RolesGuard] [ROLES] Required: ["teacher","admin"] | User roles: ["teacher"] | Path: /api/ai/teacher/jobs/551795f4-0831-4ef4-974a-962cd3c596da
Query: select "id", "teacher_id" from "ai_generation_jobs" "aiGenerationJobs" where "aiGenerationJobs"."id" = $1 limit $2 -- params: ["551795f4-0831-4ef4-974a-962cd3c596da", 1]
2026-04-24 14:48:55 [34mdebug[39m [JwtAuthGuard] [AUTH-GUARD] Authorization header present: true
2026-04-24 14:48:55 [34mdebug[39m [JwtStrategy] [JWT-STRAT] Validating token for userId: bd1fdd95-f1fb-4049-a60d-4b7261095e82
Query: select "id", "email", "password", "first_name", "middle_name", "last_name", "account_status", "is_email_verified", "last_login_at", "created_at", "updated_at" from "users" "users" where "users"."id" = $1 limit $2 -- params: ["bd1fdd95-f1fb-4049-a60d-4b7261095e82", 1]
Query: select "user_id", "date_of_birth", "profile_picture", "gender", "phone", "address", "family_name", "family_relationship", "family_contact", "grade_level", "lrn", "created_at", "updated_at" from "student_profiles" "studentProfiles" where "studentProfiles"."user_id" = $1 limit $2 -- params: ["bd1fdd95-f1fb-4049-a60d-4b7261095e82", 1]
Query: select "userRoles"."user_id", "userRoles"."role_id", "userRoles"."assigned_at", "userRoles"."assigned_by", "userRoles_role"."data" as "role" from "user_roles" "userRoles" left join lateral (select json_build_array("userRoles_role"."id", "userRoles_role"."name", "userRoles_role"."description", "userRoles_role"."created_at") as "data" from (select * from "roles" "userRoles_role" where "userRoles_role"."id" = "userRoles"."role_id" limit $1) "userRoles_role") "userRoles_role" on true where "userRoles"."user_id" = $2 -- params: [1, "bd1fdd95-f1fb-4049-a60d-4b7261095e82"]
Query: select "user_id", "department", "specialization", "profile_picture", "contact_number", "date_of_birth", "gender", "address", "employee_id", "created_at", "updated_at" from "teacher_profiles" "teacherProfiles" where "teacherProfiles"."user_id" = $1 limit $2 -- params: ["bd1fdd95-f1fb-4049-a60d-4b7261095e82", 1]
2026-04-24 14:48:55 [34mdebug[39m [JwtStrategy] [JWT-STRAT] User lookup for bd1fdd95-f1fb-4049-a60d-4b7261095e82: found=true
2026-04-24 14:48:55 [34mdebug[39m [JwtAuthGuard] [AUTH-GUARD] Authorization header present: true
2026-04-24 14:48:55 [34mdebug[39m [JwtStrategy] [JWT-STRAT] Validating token for userId: bd1fdd95-f1fb-4049-a60d-4b7261095e82
Query: select "id", "email", "password", "first_name", "middle_name", "last_name", "account_status", "is_email_verified", "last_login_at", "created_at", "updated_at" from "users" "users" where "users"."id" = $1 limit $2 -- params: ["bd1fdd95-f1fb-4049-a60d-4b7261095e82", 1]
Query: select "user_id", "date_of_birth", "profile_picture", "gender", "phone", "address", "family_name", "family_relationship", "family_contact", "grade_level", "lrn", "created_at", "updated_at" from "student_profiles" "studentProfiles" where "studentProfiles"."user_id" = $1 limit $2 -- params: ["bd1fdd95-f1fb-4049-a60d-4b7261095e82", 1]
Query: select "userRoles"."user_id", "userRoles"."role_id", "userRoles"."assigned_at", "userRoles"."assigned_by", "userRoles_role"."data" as "role" from "user_roles" "userRoles" left join lateral (select json_build_array("userRoles_role"."id", "userRoles_role"."name", "userRoles_role"."description", "userRoles_role"."created_at") as "data" from (select * from "roles" "userRoles_role" where "userRoles_role"."id" = "userRoles"."role_id" limit $1) "userRoles_role") "userRoles_role" on true where "userRoles"."user_id" = $2 -- params: [1, "bd1fdd95-f1fb-4049-a60d-4b7261095e82"]
Query: select "user_id", "department", "specialization", "profile_picture", "contact_number", "date_of_birth", "gender", "address", "employee_id", "created_at", "updated_at" from "teacher_profiles" "teacherProfiles" where "teacherProfiles"."user_id" = $1 limit $2 -- params: ["bd1fdd95-f1fb-4049-a60d-4b7261095e82", 1]
2026-04-24 14:48:55 [34mdebug[39m [JwtStrategy] [JWT-STRAT] User lookup for bd1fdd95-f1fb-4049-a60d-4b7261095e82: found=true
2026-04-24 14:48:55 [34mdebug[39m [RolesGuard] [ROLES] Required: ["teacher","admin"] | User roles: ["teacher"] | Path: /api/ai/teacher/jobs/551795f4-0831-4ef4-974a-962cd3c596da
Query: select "id", "teacher_id" from "ai_generation_jobs" "aiGenerationJobs" where "aiGenerationJobs"."id" = $1 limit $2 -- params: ["551795f4-0831-4ef4-974a-962cd3c596da", 1]
2026-04-24 14:48:58 [34mdebug[39m [JwtAuthGuard] [AUTH-GUARD] Authorization header present: true
2026-04-24 14:48:58 [34mdebug[39m [JwtStrategy] [JWT-STRAT] Validating token for userId: bd1fdd95-f1fb-4049-a60d-4b7261095e82
Query: select "id", "email", "password", "first_name", "middle_name", "last_name", "account_status", "is_email_verified", "last_login_at", "created_at", "updated_at" from "users" "users" where "users"."id" = $1 limit $2 -- params: ["bd1fdd95-f1fb-4049-a60d-4b7261095e82", 1]
Query: select "user_id", "date_of_birth", "profile_picture", "gender", "phone", "address", "family_name", "family_relationship", "family_contact", "grade_level", "lrn", "created_at", "updated_at" from "student_profiles" "studentProfiles" where "studentProfiles"."user_id" = $1 limit $2 -- params: ["bd1fdd95-f1fb-4049-a60d-4b7261095e82", 1]
Query: select "userRoles"."user_id", "userRoles"."role_id", "userRoles"."assigned_at", "userRoles"."assigned_by", "userRoles_role"."data" as "role" from "user_roles" "userRoles" left join lateral (select json_build_array("userRoles_role"."id", "userRoles_role"."name", "userRoles_role"."description", "userRoles_role"."created_at") as "data" from (select * from "roles" "userRoles_role" where "userRoles_role"."id" = "userRoles"."role_id" limit $1) "userRoles_role") "userRoles_role" on true where "userRoles"."user_id" = $2 -- params: [1, "bd1fdd95-f1fb-4049-a60d-4b7261095e82"]
Query: select "user_id", "department", "specialization", "profile_picture", "contact_number", "date_of_birth", "gender", "address", "employee_id", "created_at", "updated_at" from "teacher_profiles" "teacherProfiles" where "teacherProfiles"."user_id" = $1 limit $2 -- params: ["bd1fdd95-f1fb-4049-a60d-4b7261095e82", 1]
2026-04-24 14:48:58 [34mdebug[39m [JwtStrategy] [JWT-STRAT] User lookup for bd1fdd95-f1fb-4049-a60d-4b7261095e82: found=true
2026-04-24 14:48:58 [34mdebug[39m [JwtAuthGuard] [AUTH-GUARD] Authorization header present: true
2026-04-24 14:48:58 [34mdebug[39m [JwtStrategy] [JWT-STRAT] Validating token for userId: bd1fdd95-f1fb-4049-a60d-4b7261095e82
Query: select "id", "email", "password", "first_name", "middle_name", "last_name", "account_status", "is_email_verified", "last_login_at", "created_at", "updated_at" from "users" "users" where "users"."id" = $1 limit $2 -- params: ["bd1fdd95-f1fb-4049-a60d-4b7261095e82", 1]
Query: select "user_id", "date_of_birth", "profile_picture", "gender", "phone", "address", "family_name", "family_relationship", "family_contact", "grade_level", "lrn", "created_at", "updated_at" from "student_profiles" "studentProfiles" where "studentProfiles"."user_id" = $1 limit $2 -- params: ["bd1fdd95-f1fb-4049-a60d-4b7261095e82", 1]
Query: select "userRoles"."user_id", "userRoles"."role_id", "userRoles"."assigned_at", "userRoles"."assigned_by", "userRoles_role"."data" as "role" from "user_roles" "userRoles" left join lateral (select json_build_array("userRoles_role"."id", "userRoles_role"."name", "userRoles_role"."description", "userRoles_role"."created_at") as "data" from (select * from "roles" "userRoles_role" where "userRoles_role"."id" = "userRoles"."role_id" limit $1) "userRoles_role") "userRoles_role" on true where "userRoles"."user_id" = $2 -- params: [1, "bd1fdd95-f1fb-4049-a60d-4b7261095e82"]
Query: select "user_id", "department", "specialization", "profile_picture", "contact_number", "date_of_birth", "gender", "address", "employee_id", "created_at", "updated_at" from "teacher_profiles" "teacherProfiles" where "teacherProfiles"."user_id" = $1 limit $2 -- params: ["bd1fdd95-f1fb-4049-a60d-4b7261095e82", 1]
2026-04-24 14:48:58 [34mdebug[39m [JwtStrategy] [JWT-STRAT] User lookup for bd1fdd95-f1fb-4049-a60d-4b7261095e82: found=true
2026-04-24 14:48:58 [34mdebug[39m [RolesGuard] [ROLES] Required: ["teacher","admin"] | User roles: ["teacher"] | Path: /api/ai/teacher/jobs/551795f4-0831-4ef4-974a-962cd3c596da
Query: select "id", "teacher_id" from "ai_generation_jobs" "aiGenerationJobs" where "aiGenerationJobs"."id" = $1 limit $2 -- params: ["551795f4-0831-4ef4-974a-962cd3c596da", 1]
2026-04-24 14:49:00 [34mdebug[39m [AnnouncementsScheduler] Checking for due scheduled announcements...
Query: select "id", "class_id", "author_id", "title", "content", "is_pinned", "is_visible", "is_core_template_asset", "template_id", "template_source_id", "scheduled_at", "published_at", "archived_at", "created_at", "updated_at" from "announcements" "announcements" where ("announcements"."published_at" is null and "announcements"."archived_at" is null and "announcements"."scheduled_at" <= $1) -- params: ["2026-04-24T06:49:00.013Z"]
2026-04-24 14:49:00 [34mdebug[39m [JwtAuthGuard] [AUTH-GUARD] Authorization header present: true
2026-04-24 14:49:00 [34mdebug[39m [JwtStrategy] [JWT-STRAT] Validating token for userId: bd1fdd95-f1fb-4049-a60d-4b7261095e82
Query: select "id", "email", "password", "first_name", "middle_name", "last_name", "account_status", "is_email_verified", "last_login_at", "created_at", "updated_at" from "users" "users" where "users"."id" = $1 limit $2 -- params: ["bd1fdd95-f1fb-4049-a60d-4b7261095e82", 1]
Query: select "user_id", "date_of_birth", "profile_picture", "gender", "phone", "address", "family_name", "family_relationship", "family_contact", "grade_level", "lrn", "created_at", "updated_at" from "student_profiles" "studentProfiles" where "studentProfiles"."user_id" = $1 limit $2 -- params: ["bd1fdd95-f1fb-4049-a60d-4b7261095e82", 1]
Query: select "userRoles"."user_id", "userRoles"."role_id", "userRoles"."assigned_at", "userRoles"."assigned_by", "userRoles_role"."data" as "role" from "user_roles" "userRoles" left join lateral (select json_build_array("userRoles_role"."id", "userRoles_role"."name", "userRoles_role"."description", "userRoles_role"."created_at") as "data" from (select * from "roles" "userRoles_role" where "userRoles_role"."id" = "userRoles"."role_id" limit $1) "userRoles_role") "userRoles_role" on true where "userRoles"."user_id" = $2 -- params: [1, "bd1fdd95-f1fb-4049-a60d-4b7261095e82"]
Query: select "user_id", "department", "specialization", "profile_picture", "contact_number", "date_of_birth", "gender", "address", "employee_id", "created_at", "updated_at" from "teacher_profiles" "teacherProfiles" where "teacherProfiles"."user_id" = $1 limit $2 -- params: ["bd1fdd95-f1fb-4049-a60d-4b7261095e82", 1]
2026-04-24 14:49:00 [34mdebug[39m [JwtStrategy] [JWT-STRAT] User lookup for bd1fdd95-f1fb-4049-a60d-4b7261095e82: found=true
2026-04-24 14:49:00 [34mdebug[39m [JwtAuthGuard] [AUTH-GUARD] Authorization header present: true
2026-04-24 14:49:00 [34mdebug[39m [JwtStrategy] [JWT-STRAT] Validating token for userId: bd1fdd95-f1fb-4049-a60d-4b7261095e82
Query: select "id", "email", "password", "first_name", "middle_name", "last_name", "account_status", "is_email_verified", "last_login_at", "created_at", "updated_at" from "users" "users" where "users"."id" = $1 limit $2 -- params: ["bd1fdd95-f1fb-4049-a60d-4b7261095e82", 1]
Query: select "user_id", "date_of_birth", "profile_picture", "gender", "phone", "address", "family_name", "family_relationship", "family_contact", "grade_level", "lrn", "created_at", "updated_at" from "student_profiles" "studentProfiles" where "studentProfiles"."user_id" = $1 limit $2 -- params: ["bd1fdd95-f1fb-4049-a60d-4b7261095e82", 1]
Query: select "userRoles"."user_id", "userRoles"."role_id", "userRoles"."assigned_at", "userRoles"."assigned_by", "userRoles_role"."data" as "role" from "user_roles" "userRoles" left join lateral (select json_build_array("userRoles_role"."id", "userRoles_role"."name", "userRoles_role"."description", "userRoles_role"."created_at") as "data" from (select * from "roles" "userRoles_role" where "userRoles_role"."id" = "userRoles"."role_id" limit $1) "userRoles_role") "userRoles_role" on true where "userRoles"."user_id" = $2 -- params: [1, "bd1fdd95-f1fb-4049-a60d-4b7261095e82"]
Query: select "user_id", "department", "specialization", "profile_picture", "contact_number", "date_of_birth", "gender", "address", "employee_id", "created_at", "updated_at" from "teacher_profiles" "teacherProfiles" where "teacherProfiles"."user_id" = $1 limit $2 -- params: ["bd1fdd95-f1fb-4049-a60d-4b7261095e82", 1]
2026-04-24 14:49:00 [34mdebug[39m [JwtStrategy] [JWT-STRAT] User lookup for bd1fdd95-f1fb-4049-a60d-4b7261095e82: found=true
2026-04-24 14:49:00 [34mdebug[39m [RolesGuard] [ROLES] Required: ["teacher","admin"] | User roles: ["teacher"] | Path: /api/ai/teacher/jobs/551795f4-0831-4ef4-974a-962cd3c596da
Query: select "id", "teacher_id" from "ai_generation_jobs" "aiGenerationJobs" where "aiGenerationJobs"."id" = $1 limit $2 -- params: ["551795f4-0831-4ef4-974a-962cd3c596da", 1]
2026-04-24 14:49:03 [34mdebug[39m [JwtAuthGuard] [AUTH-GUARD] Authorization header present: true
2026-04-24 14:49:03 [34mdebug[39m [JwtStrategy] [JWT-STRAT] Validating token for userId: bd1fdd95-f1fb-4049-a60d-4b7261095e82
Query: select "id", "email", "password", "first_name", "middle_name", "last_name", "account_status", "is_email_verified", "last_login_at", "created_at", "updated_at" from "users" "users" where "users"."id" = $1 limit $2 -- params: ["bd1fdd95-f1fb-4049-a60d-4b7261095e82", 1]
Query: select "user_id", "date_of_birth", "profile_picture", "gender", "phone", "address", "family_name", "family_relationship", "family_contact", "grade_level", "lrn", "created_at", "updated_at" from "student_profiles" "studentProfiles" where "studentProfiles"."user_id" = $1 limit $2 -- params: ["bd1fdd95-f1fb-4049-a60d-4b7261095e82", 1]
Query: select "userRoles"."user_id", "userRoles"."role_id", "userRoles"."assigned_at", "userRoles"."assigned_by", "userRoles_role"."data" as "role" from "user_roles" "userRoles" left join lateral (select json_build_array("userRoles_role"."id", "userRoles_role"."name", "userRoles_role"."description", "userRoles_role"."created_at") as "data" from (select * from "roles" "userRoles_role" where "userRoles_role"."id" = "userRoles"."role_id" limit $1) "userRoles_role") "userRoles_role" on true where "userRoles"."user_id" = $2 -- params: [1, "bd1fdd95-f1fb-4049-a60d-4b7261095e82"]
Query: select "user_id", "department", "specialization", "profile_picture", "contact_number", "date_of_birth", "gender", "address", "employee_id", "created_at", "updated_at" from "teacher_profiles" "teacherProfiles" where "teacherProfiles"."user_id" = $1 limit $2 -- params: ["bd1fdd95-f1fb-4049-a60d-4b7261095e82", 1]
2026-04-24 14:49:03 [34mdebug[39m [JwtStrategy] [JWT-STRAT] User lookup for bd1fdd95-f1fb-4049-a60d-4b7261095e82: found=true
2026-04-24 14:49:03 [34mdebug[39m [JwtAuthGuard] [AUTH-GUARD] Authorization header present: true
2026-04-24 14:49:03 [34mdebug[39m [JwtStrategy] [JWT-STRAT] Validating token for userId: bd1fdd95-f1fb-4049-a60d-4b7261095e82
Query: select "id", "email", "password", "first_name", "middle_name", "last_name", "account_status", "is_email_verified", "last_login_at", "created_at", "updated_at" from "users" "users" where "users"."id" = $1 limit $2 -- params: ["bd1fdd95-f1fb-4049-a60d-4b7261095e82", 1]
Query: select "user_id", "date_of_birth", "profile_picture", "gender", "phone", "address", "family_name", "family_relationship", "family_contact", "grade_level", "lrn", "created_at", "updated_at" from "student_profiles" "studentProfiles" where "studentProfiles"."user_id" = $1 limit $2 -- params: ["bd1fdd95-f1fb-4049-a60d-4b7261095e82", 1]
Query: select "userRoles"."user_id", "userRoles"."role_id", "userRoles"."assigned_at", "userRoles"."assigned_by", "userRoles_role"."data" as "role" from "user_roles" "userRoles" left join lateral (select json_build_array("userRoles_role"."id", "userRoles_role"."name", "userRoles_role"."description", "userRoles_role"."created_at") as "data" from (select * from "roles" "userRoles_role" where "userRoles_role"."id" = "userRoles"."role_id" limit $1) "userRoles_role") "userRoles_role" on true where "userRoles"."user_id" = $2 -- params: [1, "bd1fdd95-f1fb-4049-a60d-4b7261095e82"]
Query: select "user_id", "department", "specialization", "profile_picture", "contact_number", "date_of_birth", "gender", "address", "employee_id", "created_at", "updated_at" from "teacher_profiles" "teacherProfiles" where "teacherProfiles"."user_id" = $1 limit $2 -- params: ["bd1fdd95-f1fb-4049-a60d-4b7261095e82", 1]
2026-04-24 14:49:03 [34mdebug[39m [JwtStrategy] [JWT-STRAT] User lookup for bd1fdd95-f1fb-4049-a60d-4b7261095e82: found=true
2026-04-24 14:49:03 [34mdebug[39m [RolesGuard] [ROLES] Required: ["teacher","admin"] | User roles: ["teacher"] | Path: /api/ai/teacher/jobs/551795f4-0831-4ef4-974a-962cd3c596da
Query: select "id", "teacher_id" from "ai_generation_jobs" "aiGenerationJobs" where "aiGenerationJobs"."id" = $1 limit $2 -- params: ["551795f4-0831-4ef4-974a-962cd3c596da", 1]
2026-04-24 14:49:05 [34mdebug[39m [JwtAuthGuard] [AUTH-GUARD] Authorization header present: true
2026-04-24 14:49:05 [34mdebug[39m [JwtStrategy] [JWT-STRAT] Validating token for userId: bd1fdd95-f1fb-4049-a60d-4b7261095e82
Query: select "id", "email", "password", "first_name", "middle_name", "last_name", "account_status", "is_email_verified", "last_login_at", "created_at", "updated_at" from "users" "users" where "users"."id" = $1 limit $2 -- params: ["bd1fdd95-f1fb-4049-a60d-4b7261095e82", 1]
Query: select "user_id", "date_of_birth", "profile_picture", "gender", "phone", "address", "family_name", "family_relationship", "family_contact", "grade_level", "lrn", "created_at", "updated_at" from "student_profiles" "studentProfiles" where "studentProfiles"."user_id" = $1 limit $2 -- params: ["bd1fdd95-f1fb-4049-a60d-4b7261095e82", 1]
Query: select "userRoles"."user_id", "userRoles"."role_id", "userRoles"."assigned_at", "userRoles"."assigned_by", "userRoles_role"."data" as "role" from "user_roles" "userRoles" left join lateral (select json_build_array("userRoles_role"."id", "userRoles_role"."name", "userRoles_role"."description", "userRoles_role"."created_at") as "data" from (select * from "roles" "userRoles_role" where "userRoles_role"."id" = "userRoles"."role_id" limit $1) "userRoles_role") "userRoles_role" on true where "userRoles"."user_id" = $2 -- params: [1, "bd1fdd95-f1fb-4049-a60d-4b7261095e82"]
Query: select "user_id", "department", "specialization", "profile_picture", "contact_number", "date_of_birth", "gender", "address", "employee_id", "created_at", "updated_at" from "teacher_profiles" "teacherProfiles" where "teacherProfiles"."user_id" = $1 limit $2 -- params: ["bd1fdd95-f1fb-4049-a60d-4b7261095e82", 1]
2026-04-24 14:49:05 [34mdebug[39m [JwtStrategy] [JWT-STRAT] User lookup for bd1fdd95-f1fb-4049-a60d-4b7261095e82: found=true
2026-04-24 14:49:05 [34mdebug[39m [JwtAuthGuard] [AUTH-GUARD] Authorization header present: true
2026-04-24 14:49:05 [34mdebug[39m [JwtStrategy] [JWT-STRAT] Validating token for userId: bd1fdd95-f1fb-4049-a60d-4b7261095e82
Query: select "id", "email", "password", "first_name", "middle_name", "last_name", "account_status", "is_email_verified", "last_login_at", "created_at", "updated_at" from "users" "users" where "users"."id" = $1 limit $2 -- params: ["bd1fdd95-f1fb-4049-a60d-4b7261095e82", 1]
Query: select "user_id", "date_of_birth", "profile_picture", "gender", "phone", "address", "family_name", "family_relationship", "family_contact", "grade_level", "lrn", "created_at", "updated_at" from "student_profiles" "studentProfiles" where "studentProfiles"."user_id" = $1 limit $2 -- params: ["bd1fdd95-f1fb-4049-a60d-4b7261095e82", 1]
Query: select "userRoles"."user_id", "userRoles"."role_id", "userRoles"."assigned_at", "userRoles"."assigned_by", "userRoles_role"."data" as "role" from "user_roles" "userRoles" left join lateral (select json_build_array("userRoles_role"."id", "userRoles_role"."name", "userRoles_role"."description", "userRoles_role"."created_at") as "data" from (select * from "roles" "userRoles_role" where "userRoles_role"."id" = "userRoles"."role_id" limit $1) "userRoles_role") "userRoles_role" on true where "userRoles"."user_id" = $2 -- params: [1, "bd1fdd95-f1fb-4049-a60d-4b7261095e82"]
Query: select "user_id", "department", "specialization", "profile_picture", "contact_number", "date_of_birth", "gender", "address", "employee_id", "created_at", "updated_at" from "teacher_profiles" "teacherProfiles" where "teacherProfiles"."user_id" = $1 limit $2 -- params: ["bd1fdd95-f1fb-4049-a60d-4b7261095e82", 1]
2026-04-24 14:49:05 [34mdebug[39m [JwtStrategy] [JWT-STRAT] User lookup for bd1fdd95-f1fb-4049-a60d-4b7261095e82: found=true
2026-04-24 14:49:05 [34mdebug[39m [RolesGuard] [ROLES] Required: ["teacher","admin"] | User roles: ["teacher"] | Path: /api/ai/teacher/jobs/551795f4-0831-4ef4-974a-962cd3c596da
Query: select "id", "teacher_id" from "ai_generation_jobs" "aiGenerationJobs" where "aiGenerationJobs"."id" = $1 limit $2 -- params: ["551795f4-0831-4ef4-974a-962cd3c596da", 1]
2026-04-24 14:49:08 [34mdebug[39m [JwtAuthGuard] [AUTH-GUARD] Authorization header present: true
2026-04-24 14:49:08 [34mdebug[39m [JwtStrategy] [JWT-STRAT] Validating token for userId: bd1fdd95-f1fb-4049-a60d-4b7261095e82
Query: select "id", "email", "password", "first_name", "middle_name", "last_name", "account_status", "is_email_verified", "last_login_at", "created_at", "updated_at" from "users" "users" where "users"."id" = $1 limit $2 -- params: ["bd1fdd95-f1fb-4049-a60d-4b7261095e82", 1]
Query: select "user_id", "date_of_birth", "profile_picture", "gender", "phone", "address", "family_name", "family_relationship", "family_contact", "grade_level", "lrn", "created_at", "updated_at" from "student_profiles" "studentProfiles" where "studentProfiles"."user_id" = $1 limit $2 -- params: ["bd1fdd95-f1fb-4049-a60d-4b7261095e82", 1]
Query: select "userRoles"."user_id", "userRoles"."role_id", "userRoles"."assigned_at", "userRoles"."assigned_by", "userRoles_role"."data" as "role" from "user_roles" "userRoles" left join lateral (select json_build_array("userRoles_role"."id", "userRoles_role"."name", "userRoles_role"."description", "userRoles_role"."created_at") as "data" from (select * from "roles" "userRoles_role" where "userRoles_role"."id" = "userRoles"."role_id" limit $1) "userRoles_role") "userRoles_role" on true where "userRoles"."user_id" = $2 -- params: [1, "bd1fdd95-f1fb-4049-a60d-4b7261095e82"]
Query: select "user_id", "department", "specialization", "profile_picture", "contact_number", "date_of_birth", "gender", "address", "employee_id", "created_at", "updated_at" from "teacher_profiles" "teacherProfiles" where "teacherProfiles"."user_id" = $1 limit $2 -- params: ["bd1fdd95-f1fb-4049-a60d-4b7261095e82", 1]
2026-04-24 14:49:08 [34mdebug[39m [JwtStrategy] [JWT-STRAT] User lookup for bd1fdd95-f1fb-4049-a60d-4b7261095e82: found=true
2026-04-24 14:49:08 [34mdebug[39m [JwtAuthGuard] [AUTH-GUARD] Authorization header present: true
2026-04-24 14:49:08 [34mdebug[39m [JwtStrategy] [JWT-STRAT] Validating token for userId: bd1fdd95-f1fb-4049-a60d-4b7261095e82
Query: select "id", "email", "password", "first_name", "middle_name", "last_name", "account_status", "is_email_verified", "last_login_at", "created_at", "updated_at" from "users" "users" where "users"."id" = $1 limit $2 -- params: ["bd1fdd95-f1fb-4049-a60d-4b7261095e82", 1]
Query: select "user_id", "date_of_birth", "profile_picture", "gender", "phone", "address", "family_name", "family_relationship", "family_contact", "grade_level", "lrn", "created_at", "updated_at" from "student_profiles" "studentProfiles" where "studentProfiles"."user_id" = $1 limit $2 -- params: ["bd1fdd95-f1fb-4049-a60d-4b7261095e82", 1]
Query: select "userRoles"."user_id", "userRoles"."role_id", "userRoles"."assigned_at", "userRoles"."assigned_by", "userRoles_role"."data" as "role" from "user_roles" "userRoles" left join lateral (select json_build_array("userRoles_role"."id", "userRoles_role"."name", "userRoles_role"."description", "userRoles_role"."created_at") as "data" from (select * from "roles" "userRoles_role" where "userRoles_role"."id" = "userRoles"."role_id" limit $1) "userRoles_role") "userRoles_role" on true where "userRoles"."user_id" = $2 -- params: [1, "bd1fdd95-f1fb-4049-a60d-4b7261095e82"]
Query: select "user_id", "department", "specialization", "profile_picture", "contact_number", "date_of_birth", "gender", "address", "employee_id", "created_at", "updated_at" from "teacher_profiles" "teacherProfiles" where "teacherProfiles"."user_id" = $1 limit $2 -- params: ["bd1fdd95-f1fb-4049-a60d-4b7261095e82", 1]
2026-04-24 14:49:08 [34mdebug[39m [JwtStrategy] [JWT-STRAT] User lookup for bd1fdd95-f1fb-4049-a60d-4b7261095e82: found=true
2026-04-24 14:49:08 [34mdebug[39m [RolesGuard] [ROLES] Required: ["teacher","admin"] | User roles: ["teacher"] | Path: /api/ai/teacher/jobs/551795f4-0831-4ef4-974a-962cd3c596da
Query: select "id", "teacher_id" from "ai_generation_jobs" "aiGenerationJobs" where "aiGenerationJobs"."id" = $1 limit $2 -- params: ["551795f4-0831-4ef4-974a-962cd3c596da", 1]
2026-04-24 14:49:10 [34mdebug[39m [JwtAuthGuard] [AUTH-GUARD] Authorization header present: true
2026-04-24 14:49:10 [34mdebug[39m [JwtStrategy] [JWT-STRAT] Validating token for userId: bd1fdd95-f1fb-4049-a60d-4b7261095e82
Query: select "id", "email", "password", "first_name", "middle_name", "last_name", "account_status", "is_email_verified", "last_login_at", "created_at", "updated_at" from "users" "users" where "users"."id" = $1 limit $2 -- params: ["bd1fdd95-f1fb-4049-a60d-4b7261095e82", 1]
Query: select "user_id", "date_of_birth", "profile_picture", "gender", "phone", "address", "family_name", "family_relationship", "family_contact", "grade_level", "lrn", "created_at", "updated_at" from "student_profiles" "studentProfiles" where "studentProfiles"."user_id" = $1 limit $2 -- params: ["bd1fdd95-f1fb-4049-a60d-4b7261095e82", 1]
Query: select "userRoles"."user_id", "userRoles"."role_id", "userRoles"."assigned_at", "userRoles"."assigned_by", "userRoles_role"."data" as "role" from "user_roles" "userRoles" left join lateral (select json_build_array("userRoles_role"."id", "userRoles_role"."name", "userRoles_role"."description", "userRoles_role"."created_at") as "data" from (select * from "roles" "userRoles_role" where "userRoles_role"."id" = "userRoles"."role_id" limit $1) "userRoles_role") "userRoles_role" on true where "userRoles"."user_id" = $2 -- params: [1, "bd1fdd95-f1fb-4049-a60d-4b7261095e82"]
Query: select "user_id", "department", "specialization", "profile_picture", "contact_number", "date_of_birth", "gender", "address", "employee_id", "created_at", "updated_at" from "teacher_profiles" "teacherProfiles" where "teacherProfiles"."user_id" = $1 limit $2 -- params: ["bd1fdd95-f1fb-4049-a60d-4b7261095e82", 1]
2026-04-24 14:49:10 [34mdebug[39m [JwtStrategy] [JWT-STRAT] User lookup for bd1fdd95-f1fb-4049-a60d-4b7261095e82: found=true
2026-04-24 14:49:10 [34mdebug[39m [JwtAuthGuard] [AUTH-GUARD] Authorization header present: true
2026-04-24 14:49:10 [34mdebug[39m [JwtStrategy] [JWT-STRAT] Validating token for userId: bd1fdd95-f1fb-4049-a60d-4b7261095e82
Query: select "id", "email", "password", "first_name", "middle_name", "last_name", "account_status", "is_email_verified", "last_login_at", "created_at", "updated_at" from "users" "users" where "users"."id" = $1 limit $2 -- params: ["bd1fdd95-f1fb-4049-a60d-4b7261095e82", 1]
Query: select "user_id", "date_of_birth", "profile_picture", "gender", "phone", "address", "family_name", "family_relationship", "family_contact", "grade_level", "lrn", "created_at", "updated_at" from "student_profiles" "studentProfiles" where "studentProfiles"."user_id" = $1 limit $2 -- params: ["bd1fdd95-f1fb-4049-a60d-4b7261095e82", 1]
Query: select "userRoles"."user_id", "userRoles"."role_id", "userRoles"."assigned_at", "userRoles"."assigned_by", "userRoles_role"."data" as "role" from "user_roles" "userRoles" left join lateral (select json_build_array("userRoles_role"."id", "userRoles_role"."name", "userRoles_role"."description", "userRoles_role"."created_at") as "data" from (select * from "roles" "userRoles_role" where "userRoles_role"."id" = "userRoles"."role_id" limit $1) "userRoles_role") "userRoles_role" on true where "userRoles"."user_id" = $2 -- params: [1, "bd1fdd95-f1fb-4049-a60d-4b7261095e82"]
Query: select "user_id", "department", "specialization", "profile_picture", "contact_number", "date_of_birth", "gender", "address", "employee_id", "created_at", "updated_at" from "teacher_profiles" "teacherProfiles" where "teacherProfiles"."user_id" = $1 limit $2 -- params: ["bd1fdd95-f1fb-4049-a60d-4b7261095e82", 1]
2026-04-24 14:49:10 [34mdebug[39m [JwtStrategy] [JWT-STRAT] User lookup for bd1fdd95-f1fb-4049-a60d-4b7261095e82: found=true
2026-04-24 14:49:10 [34mdebug[39m [RolesGuard] [ROLES] Required: ["teacher","admin"] | User roles: ["teacher"] | Path: /api/ai/teacher/jobs/551795f4-0831-4ef4-974a-962cd3c596da
Query: select "id", "teacher_id" from "ai_generation_jobs" "aiGenerationJobs" where "aiGenerationJobs"."id" = $1 limit $2 -- params: ["551795f4-0831-4ef4-974a-962cd3c596da", 1]
2026-04-24 14:49:13 [34mdebug[39m [JwtAuthGuard] [AUTH-GUARD] Authorization header present: true
2026-04-24 14:49:13 [34mdebug[39m [JwtStrategy] [JWT-STRAT] Validating token for userId: bd1fdd95-f1fb-4049-a60d-4b7261095e82
Query: select "id", "email", "password", "first_name", "middle_name", "last_name", "account_status", "is_email_verified", "last_login_at", "created_at", "updated_at" from "users" "users" where "users"."id" = $1 limit $2 -- params: ["bd1fdd95-f1fb-4049-a60d-4b7261095e82", 1]
Query: select "user_id", "date_of_birth", "profile_picture", "gender", "phone", "address", "family_name", "family_relationship", "family_contact", "grade_level", "lrn", "created_at", "updated_at" from "student_profiles" "studentProfiles" where "studentProfiles"."user_id" = $1 limit $2 -- params: ["bd1fdd95-f1fb-4049-a60d-4b7261095e82", 1]
Query: select "userRoles"."user_id", "userRoles"."role_id", "userRoles"."assigned_at", "userRoles"."assigned_by", "userRoles_role"."data" as "role" from "user_roles" "userRoles" left join lateral (select json_build_array("userRoles_role"."id", "userRoles_role"."name", "userRoles_role"."description", "userRoles_role"."created_at") as "data" from (select * from "roles" "userRoles_role" where "userRoles_role"."id" = "userRoles"."role_id" limit $1) "userRoles_role") "userRoles_role" on true where "userRoles"."user_id" = $2 -- params: [1, "bd1fdd95-f1fb-4049-a60d-4b7261095e82"]
Query: select "user_id", "department", "specialization", "profile_picture", "contact_number", "date_of_birth", "gender", "address", "employee_id", "created_at", "updated_at" from "teacher_profiles" "teacherProfiles" where "teacherProfiles"."user_id" = $1 limit $2 -- params: ["bd1fdd95-f1fb-4049-a60d-4b7261095e82", 1]
2026-04-24 14:49:13 [34mdebug[39m [JwtStrategy] [JWT-STRAT] User lookup for bd1fdd95-f1fb-4049-a60d-4b7261095e82: found=true
2026-04-24 14:49:13 [34mdebug[39m [JwtAuthGuard] [AUTH-GUARD] Authorization header present: true
2026-04-24 14:49:13 [34mdebug[39m [JwtStrategy] [JWT-STRAT] Validating token for userId: bd1fdd95-f1fb-4049-a60d-4b7261095e82
Query: select "id", "email", "password", "first_name", "middle_name", "last_name", "account_status", "is_email_verified", "last_login_at", "created_at", "updated_at" from "users" "users" where "users"."id" = $1 limit $2 -- params: ["bd1fdd95-f1fb-4049-a60d-4b7261095e82", 1]
Query: select "user_id", "date_of_birth", "profile_picture", "gender", "phone", "address", "family_name", "family_relationship", "family_contact", "grade_level", "lrn", "created_at", "updated_at" from "student_profiles" "studentProfiles" where "studentProfiles"."user_id" = $1 limit $2 -- params: ["bd1fdd95-f1fb-4049-a60d-4b7261095e82", 1]
Query: select "userRoles"."user_id", "userRoles"."role_id", "userRoles"."assigned_at", "userRoles"."assigned_by", "userRoles_role"."data" as "role" from "user_roles" "userRoles" left join lateral (select json_build_array("userRoles_role"."id", "userRoles_role"."name", "userRoles_role"."description", "userRoles_role"."created_at") as "data" from (select * from "roles" "userRoles_role" where "userRoles_role"."id" = "userRoles"."role_id" limit $1) "userRoles_role") "userRoles_role" on true where "userRoles"."user_id" = $2 -- params: [1, "bd1fdd95-f1fb-4049-a60d-4b7261095e82"]
Query: select "user_id", "department", "specialization", "profile_picture", "contact_number", "date_of_birth", "gender", "address", "employee_id", "created_at", "updated_at" from "teacher_profiles" "teacherProfiles" where "teacherProfiles"."user_id" = $1 limit $2 -- params: ["bd1fdd95-f1fb-4049-a60d-4b7261095e82", 1]
2026-04-24 14:49:13 [34mdebug[39m [JwtStrategy] [JWT-STRAT] User lookup for bd1fdd95-f1fb-4049-a60d-4b7261095e82: found=true
2026-04-24 14:49:13 [34mdebug[39m [RolesGuard] [ROLES] Required: ["teacher","admin"] | User roles: ["teacher"] | Path: /api/ai/teacher/jobs/551795f4-0831-4ef4-974a-962cd3c596da
Query: select "id", "teacher_id" from "ai_generation_jobs" "aiGenerationJobs" where "aiGenerationJobs"."id" = $1 limit $2 -- params: ["551795f4-0831-4ef4-974a-962cd3c596da", 1]
2026-04-24 14:49:15 [34mdebug[39m [JwtAuthGuard] [AUTH-GUARD] Authorization header present: true
2026-04-24 14:49:15 [34mdebug[39m [JwtStrategy] [JWT-STRAT] Validating token for userId: bd1fdd95-f1fb-4049-a60d-4b7261095e82
Query: select "id", "email", "password", "first_name", "middle_name", "last_name", "account_status", "is_email_verified", "last_login_at", "created_at", "updated_at" from "users" "users" where "users"."id" = $1 limit $2 -- params: ["bd1fdd95-f1fb-4049-a60d-4b7261095e82", 1]
Query: select "user_id", "date_of_birth", "profile_picture", "gender", "phone", "address", "family_name", "family_relationship", "family_contact", "grade_level", "lrn", "created_at", "updated_at" from "student_profiles" "studentProfiles" where "studentProfiles"."user_id" = $1 limit $2 -- params: ["bd1fdd95-f1fb-4049-a60d-4b7261095e82", 1]
Query: select "userRoles"."user_id", "userRoles"."role_id", "userRoles"."assigned_at", "userRoles"."assigned_by", "userRoles_role"."data" as "role" from "user_roles" "userRoles" left join lateral (select json_build_array("userRoles_role"."id", "userRoles_role"."name", "userRoles_role"."description", "userRoles_role"."created_at") as "data" from (select * from "roles" "userRoles_role" where "userRoles_role"."id" = "userRoles"."role_id" limit $1) "userRoles_role") "userRoles_role" on true where "userRoles"."user_id" = $2 -- params: [1, "bd1fdd95-f1fb-4049-a60d-4b7261095e82"]
Query: select "user_id", "department", "specialization", "profile_picture", "contact_number", "date_of_birth", "gender", "address", "employee_id", "created_at", "updated_at" from "teacher_profiles" "teacherProfiles" where "teacherProfiles"."user_id" = $1 limit $2 -- params: ["bd1fdd95-f1fb-4049-a60d-4b7261095e82", 1]
2026-04-24 14:49:15 [34mdebug[39m [JwtStrategy] [JWT-STRAT] User lookup for bd1fdd95-f1fb-4049-a60d-4b7261095e82: found=true
2026-04-24 14:49:15 [34mdebug[39m [JwtAuthGuard] [AUTH-GUARD] Authorization header present: true
2026-04-24 14:49:15 [34mdebug[39m [JwtStrategy] [JWT-STRAT] Validating token for userId: bd1fdd95-f1fb-4049-a60d-4b7261095e82
Query: select "id", "email", "password", "first_name", "middle_name", "last_name", "account_status", "is_email_verified", "last_login_at", "created_at", "updated_at" from "users" "users" where "users"."id" = $1 limit $2 -- params: ["bd1fdd95-f1fb-4049-a60d-4b7261095e82", 1]
Query: select "user_id", "date_of_birth", "profile_picture", "gender", "phone", "address", "family_name", "family_relationship", "family_contact", "grade_level", "lrn", "created_at", "updated_at" from "student_profiles" "studentProfiles" where "studentProfiles"."user_id" = $1 limit $2 -- params: ["bd1fdd95-f1fb-4049-a60d-4b7261095e82", 1]
Query: select "userRoles"."user_id", "userRoles"."role_id", "userRoles"."assigned_at", "userRoles"."assigned_by", "userRoles_role"."data" as "role" from "user_roles" "userRoles" left join lateral (select json_build_array("userRoles_role"."id", "userRoles_role"."name", "userRoles_role"."description", "userRoles_role"."created_at") as "data" from (select * from "roles" "userRoles_role" where "userRoles_role"."id" = "userRoles"."role_id" limit $1) "userRoles_role") "userRoles_role" on true where "userRoles"."user_id" = $2 -- params: [1, "bd1fdd95-f1fb-4049-a60d-4b7261095e82"]
Query: select "user_id", "department", "specialization", "profile_picture", "contact_number", "date_of_birth", "gender", "address", "employee_id", "created_at", "updated_at" from "teacher_profiles" "teacherProfiles" where "teacherProfiles"."user_id" = $1 limit $2 -- params: ["bd1fdd95-f1fb-4049-a60d-4b7261095e82", 1]
2026-04-24 14:49:15 [34mdebug[39m [JwtStrategy] [JWT-STRAT] User lookup for bd1fdd95-f1fb-4049-a60d-4b7261095e82: found=true
2026-04-24 14:49:15 [34mdebug[39m [RolesGuard] [ROLES] Required: ["teacher","admin"] | User roles: ["teacher"] | Path: /api/ai/teacher/jobs/551795f4-0831-4ef4-974a-962cd3c596da
Query: select "id", "teacher_id" from "ai_generation_jobs" "aiGenerationJobs" where "aiGenerationJobs"."id" = $1 limit $2 -- params: ["551795f4-0831-4ef4-974a-962cd3c596da", 1]
2026-04-24 14:49:15 [34mdebug[39m [JwtAuthGuard] [AUTH-GUARD] Authorization header present: true
2026-04-24 14:49:15 [34mdebug[39m [JwtStrategy] [JWT-STRAT] Validating token for userId: bd1fdd95-f1fb-4049-a60d-4b7261095e82
Query: select "id", "email", "password", "first_name", "middle_name", "last_name", "account_status", "is_email_verified", "last_login_at", "created_at", "updated_at" from "users" "users" where "users"."id" = $1 limit $2 -- params: ["bd1fdd95-f1fb-4049-a60d-4b7261095e82", 1]
Query: select "user_id", "date_of_birth", "profile_picture", "gender", "phone", "address", "family_name", "family_relationship", "family_contact", "grade_level", "lrn", "created_at", "updated_at" from "student_profiles" "studentProfiles" where "studentProfiles"."user_id" = $1 limit $2 -- params: ["bd1fdd95-f1fb-4049-a60d-4b7261095e82", 1]
Query: select "userRoles"."user_id", "userRoles"."role_id", "userRoles"."assigned_at", "userRoles"."assigned_by", "userRoles_role"."data" as "role" from "user_roles" "userRoles" left join lateral (select json_build_array("userRoles_role"."id", "userRoles_role"."name", "userRoles_role"."description", "userRoles_role"."created_at") as "data" from (select * from "roles" "userRoles_role" where "userRoles_role"."id" = "userRoles"."role_id" limit $1) "userRoles_role") "userRoles_role" on true where "userRoles"."user_id" = $2 -- params: [1, "bd1fdd95-f1fb-4049-a60d-4b7261095e82"]
Query: select "user_id", "department", "specialization", "profile_picture", "contact_number", "date_of_birth", "gender", "address", "employee_id", "created_at", "updated_at" from "teacher_profiles" "teacherProfiles" where "teacherProfiles"."user_id" = $1 limit $2 -- params: ["bd1fdd95-f1fb-4049-a60d-4b7261095e82", 1]
2026-04-24 14:49:15 [34mdebug[39m [JwtStrategy] [JWT-STRAT] User lookup for bd1fdd95-f1fb-4049-a60d-4b7261095e82: found=true
2026-04-24 14:49:15 [34mdebug[39m [JwtAuthGuard] [AUTH-GUARD] Authorization header present: true
2026-04-24 14:49:15 [34mdebug[39m [JwtStrategy] [JWT-STRAT] Validating token for userId: bd1fdd95-f1fb-4049-a60d-4b7261095e82
Query: select "id", "email", "password", "first_name", "middle_name", "last_name", "account_status", "is_email_verified", "last_login_at", "created_at", "updated_at" from "users" "users" where "users"."id" = $1 limit $2 -- params: ["bd1fdd95-f1fb-4049-a60d-4b7261095e82", 1]
Query: select "user_id", "date_of_birth", "profile_picture", "gender", "phone", "address", "family_name", "family_relationship", "family_contact", "grade_level", "lrn", "created_at", "updated_at" from "student_profiles" "studentProfiles" where "studentProfiles"."user_id" = $1 limit $2 -- params: ["bd1fdd95-f1fb-4049-a60d-4b7261095e82", 1]
Query: select "userRoles"."user_id", "userRoles"."role_id", "userRoles"."assigned_at", "userRoles"."assigned_by", "userRoles_role"."data" as "role" from "user_roles" "userRoles" left join lateral (select json_build_array("userRoles_role"."id", "userRoles_role"."name", "userRoles_role"."description", "userRoles_role"."created_at") as "data" from (select * from "roles" "userRoles_role" where "userRoles_role"."id" = "userRoles"."role_id" limit $1) "userRoles_role") "userRoles_role" on true where "userRoles"."user_id" = $2 -- params: [1, "bd1fdd95-f1fb-4049-a60d-4b7261095e82"]
Query: select "user_id", "department", "specialization", "profile_picture", "contact_number", "date_of_birth", "gender", "address", "employee_id", "created_at", "updated_at" from "teacher_profiles" "teacherProfiles" where "teacherProfiles"."user_id" = $1 limit $2 -- params: ["bd1fdd95-f1fb-4049-a60d-4b7261095e82", 1]
2026-04-24 14:49:15 [34mdebug[39m [JwtStrategy] [JWT-STRAT] User lookup for bd1fdd95-f1fb-4049-a60d-4b7261095e82: found=true
2026-04-24 14:49:15 [34mdebug[39m [RolesGuard] [ROLES] Required: ["teacher","admin"] | User roles: ["teacher"] | Path: /api/ai/teacher/jobs/551795f4-0831-4ef4-974a-962cd3c596da/result
Query: select "id", "teacher_id" from "ai_generation_jobs" "aiGenerationJobs" where "aiGenerationJobs"."id" = $1 limit $2 -- params: ["551795f4-0831-4ef4-974a-962cd3c596da", 1]
2026-04-24 14:49:15 [34mdebug[39m [JwtAuthGuard] [AUTH-GUARD] Authorization header present: true
2026-04-24 14:49:15 [34mdebug[39m [JwtStrategy] [JWT-STRAT] Validating token for userId: bd1fdd95-f1fb-4049-a60d-4b7261095e82
Query: select "id", "email", "password", "first_name", "middle_name", "last_name", "account_status", "is_email_verified", "last_login_at", "created_at", "updated_at" from "users" "users" where "users"."id" = $1 limit $2 -- params: ["bd1fdd95-f1fb-4049-a60d-4b7261095e82", 1]
Query: select "user_id", "date_of_birth", "profile_picture", "gender", "phone", "address", "family_name", "family_relationship", "family_contact", "grade_level", "lrn", "created_at", "updated_at" from "student_profiles" "studentProfiles" where "studentProfiles"."user_id" = $1 limit $2 -- params: ["bd1fdd95-f1fb-4049-a60d-4b7261095e82", 1]
Query: select "userRoles"."user_id", "userRoles"."role_id", "userRoles"."assigned_at", "userRoles"."assigned_by", "userRoles_role"."data" as "role" from "user_roles" "userRoles" left join lateral (select json_build_array("userRoles_role"."id", "userRoles_role"."name", "userRoles_role"."description", "userRoles_role"."created_at") as "data" from (select * from "roles" "userRoles_role" where "userRoles_role"."id" = "userRoles"."role_id" limit $1) "userRoles_role") "userRoles_role" on true where "userRoles"."user_id" = $2 -- params: [1, "bd1fdd95-f1fb-4049-a60d-4b7261095e82"]
Query: select "user_id", "department", "specialization", "profile_picture", "contact_number", "date_of_birth", "gender", "address", "employee_id", "created_at", "updated_at" from "teacher_profiles" "teacherProfiles" where "teacherProfiles"."user_id" = $1 limit $2 -- params: ["bd1fdd95-f1fb-4049-a60d-4b7261095e82", 1]
2026-04-24 14:49:15 [34mdebug[39m [JwtStrategy] [JWT-STRAT] User lookup for bd1fdd95-f1fb-4049-a60d-4b7261095e82: found=true
2026-04-24 14:49:15 [34mdebug[39m [JwtAuthGuard] [AUTH-GUARD] Authorization header present: true
2026-04-24 14:49:15 [34mdebug[39m [JwtStrategy] [JWT-STRAT] Validating token for userId: bd1fdd95-f1fb-4049-a60d-4b7261095e82
Query: select "id", "email", "password", "first_name", "middle_name", "last_name", "account_status", "is_email_verified", "last_login_at", "created_at", "updated_at" from "users" "users" where "users"."id" = $1 limit $2 -- params: ["bd1fdd95-f1fb-4049-a60d-4b7261095e82", 1]
Query: select "user_id", "date_of_birth", "profile_picture", "gender", "phone", "address", "family_name", "family_relationship", "family_contact", "grade_level", "lrn", "created_at", "updated_at" from "student_profiles" "studentProfiles" where "studentProfiles"."user_id" = $1 limit $2 -- params: ["bd1fdd95-f1fb-4049-a60d-4b7261095e82", 1]
Query: select "userRoles"."user_id", "userRoles"."role_id", "userRoles"."assigned_at", "userRoles"."assigned_by", "userRoles_role"."data" as "role" from "user_roles" "userRoles" left join lateral (select json_build_array("userRoles_role"."id", "userRoles_role"."name", "userRoles_role"."description", "userRoles_role"."created_at") as "data" from (select * from "roles" "userRoles_role" where "userRoles_role"."id" = "userRoles"."role_id" limit $1) "userRoles_role") "userRoles_role" on true where "userRoles"."user_id" = $2 -- params: [1, "bd1fdd95-f1fb-4049-a60d-4b7261095e82"]
Query: select "user_id", "department", "specialization", "profile_picture", "contact_number", "date_of_birth", "gender", "address", "employee_id", "created_at", "updated_at" from "teacher_profiles" "teacherProfiles" where "teacherProfiles"."user_id" = $1 limit $2 -- params: ["bd1fdd95-f1fb-4049-a60d-4b7261095e82", 1]
2026-04-24 14:49:15 [34mdebug[39m [JwtStrategy] [JWT-STRAT] User lookup for bd1fdd95-f1fb-4049-a60d-4b7261095e82: found=true
2026-04-24 14:49:15 [34mdebug[39m [RolesGuard] [ROLES] Required: ["teacher","admin"] | User roles: ["teacher"] | Path: /api/ai/index/classes/a1482efb-4f1c-4d11-baf1-e4e61a894595/status
Query: select "id", "teacher_id" from "classes" "classes" where "classes"."id" = $1 limit $2 -- params: ["a1482efb-4f1c-4d11-baf1-e4e61a894595", 1]
2026-04-24 14:50:00 [34mdebug[39m [AnnouncementsScheduler] Checking for due scheduled announcements...
Query: select "id", "class_id", "author_id", "title", "content", "is_pinned", "is_visible", "is_core_template_asset", "template_id", "template_source_id", "scheduled_at", "published_at", "archived_at", "created_at", "updated_at" from "announcements" "announcements" where ("announcements"."published_at" is null and "announcements"."archived_at" is null and "announcements"."scheduled_at" <= $1) -- params: ["2026-04-24T06:50:00.012Z"]
2026-04-24 14:50:00 [34mdebug[39m [DatabaseService] New database connection established
2026-04-24 14:50:10 [34mdebug[39m [JwtAuthGuard] [AUTH-GUARD] Authorization header present: true
2026-04-24 14:50:10 [34mdebug[39m [JwtStrategy] [JWT-STRAT] Validating token for userId: bd1fdd95-f1fb-4049-a60d-4b7261095e82
Query: select "id", "email", "password", "first_name", "middle_name", "last_name", "account_status", "is_email_verified", "last_login_at", "created_at", "updated_at" from "users" "users" where "users"."id" = $1 limit $2 -- params: ["bd1fdd95-f1fb-4049-a60d-4b7261095e82", 1]
Query: select "user_id", "date_of_birth", "profile_picture", "gender", "phone", "address", "family_name", "family_relationship", "family_contact", "grade_level", "lrn", "created_at", "updated_at" from "student_profiles" "studentProfiles" where "studentProfiles"."user_id" = $1 limit $2 -- params: ["bd1fdd95-f1fb-4049-a60d-4b7261095e82", 1]
Query: select "userRoles"."user_id", "userRoles"."role_id", "userRoles"."assigned_at", "userRoles"."assigned_by", "userRoles_role"."data" as "role" from "user_roles" "userRoles" left join lateral (select json_build_array("userRoles_role"."id", "userRoles_role"."name", "userRoles_role"."description", "userRoles_role"."created_at") as "data" from (select * from "roles" "userRoles_role" where "userRoles_role"."id" = "userRoles"."role_id" limit $1) "userRoles_role") "userRoles_role" on true where "userRoles"."user_id" = $2 -- params: [1, "bd1fdd95-f1fb-4049-a60d-4b7261095e82"]
2026-04-24 14:50:10 [34mdebug[39m [DatabaseService] New database connection established
Query: select "user_id", "department", "specialization", "profile_picture", "contact_number", "date_of_birth", "gender", "address", "employee_id", "created_at", "updated_at" from "teacher_profiles" "teacherProfiles" where "teacherProfiles"."user_id" = $1 limit $2 -- params: ["bd1fdd95-f1fb-4049-a60d-4b7261095e82", 1]
2026-04-24 14:50:10 [34mdebug[39m [JwtStrategy] [JWT-STRAT] User lookup for bd1fdd95-f1fb-4049-a60d-4b7261095e82: found=true
2026-04-24 14:50:10 [34mdebug[39m [JwtAuthGuard] [AUTH-GUARD] Authorization header present: true
2026-04-24 14:50:10 [34mdebug[39m [JwtStrategy] [JWT-STRAT] Validating token for userId: bd1fdd95-f1fb-4049-a60d-4b7261095e82
Query: select "id", "email", "password", "first_name", "middle_name", "last_name", "account_status", "is_email_verified", "last_login_at", "created_at", "updated_at" from "users" "users" where "users"."id" = $1 limit $2 -- params: ["bd1fdd95-f1fb-4049-a60d-4b7261095e82", 1]
Query: select "user_id", "date_of_birth", "profile_picture", "gender", "phone", "address", "family_name", "family_relationship", "family_contact", "grade_level", "lrn", "created_at", "updated_at" from "student_profiles" "studentProfiles" where "studentProfiles"."user_id" = $1 limit $2 -- params: ["bd1fdd95-f1fb-4049-a60d-4b7261095e82", 1]
Query: select "userRoles"."user_id", "userRoles"."role_id", "userRoles"."assigned_at", "userRoles"."assigned_by", "userRoles_role"."data" as "role" from "user_roles" "userRoles" left join lateral (select json_build_array("userRoles_role"."id", "userRoles_role"."name", "userRoles_role"."description", "userRoles_role"."created_at") as "data" from (select * from "roles" "userRoles_role" where "userRoles_role"."id" = "userRoles"."role_id" limit $1) "userRoles_role") "userRoles_role" on true where "userRoles"."user_id" = $2 -- params: [1, "bd1fdd95-f1fb-4049-a60d-4b7261095e82"]
Query: select "user_id", "department", "specialization", "profile_picture", "contact_number", "date_of_birth", "gender", "address", "employee_id", "created_at", "updated_at" from "teacher_profiles" "teacherProfiles" where "teacherProfiles"."user_id" = $1 limit $2 -- params: ["bd1fdd95-f1fb-4049-a60d-4b7261095e82", 1]
2026-04-24 14:50:10 [34mdebug[39m [JwtStrategy] [JWT-STRAT] User lookup for bd1fdd95-f1fb-4049-a60d-4b7261095e82: found=true
2026-04-24 14:50:10 [34mdebug[39m [RolesGuard] [ROLES] Required: ["admin","teacher","student"] | User roles: ["teacher"] | Path: /api/assessments/8e0dd693-e2b5-4fa6-ab9c-29bcd9bf7e89
Query: select "assessments"."id", "assessments"."title", "assessments"."description", "assessments"."class_id", "assessments"."type", "assessments"."due_date", "assessments"."close_when_due", "assessments"."randomize_questions", "assessments"."timed_questions_enabled", "assessments"."question_time_limit_seconds", "assessments"."strict_mode", "assessments"."file_upload_instructions", "assessments"."teacher_attachment_file_id", "assessments"."rubric_source_file_id", "assessments"."rubric_parse_status", "assessments"."rubric_parsed_at", "assessments"."rubric_raw_text", "assessments"."rubric_parse_error", "assessments"."rubric_criteria", "assessments"."allowed_upload_mime_types", "assessments"."allowed_upload_extensions", "assessments"."max_upload_size_bytes", "assessments"."total_points", "assessments"."passing_score", "assessments"."max_attempts", "assessments"."time_limit_minutes", "assessments"."is_published", "assessments"."feedback_level", "assessments"."feedback_delay_hours", "assessments"."is_core_template_asset", "assessments"."template_id", "assessments"."template_source_id", "assessments"."class_record_category", "assessments"."quarter", "assessments"."ai_origin", "assessments"."ai_generation_output_id", "assessments"."created_at", "assessments"."updated_at", "assessments_class"."data" as "class", "assessments_questions"."data" as "questions" from "assessments" "assessments" left join lateral (select json_build_array("assessments_class"."id", "assessments_class"."subject_name", "assessments_class"."subject_code", "assessments_class"."subject_grade_level", "assessments_class"."section_id", "assessments_class"."teacher_id", "assessments_class"."room", "assessments_class"."card_preset", "assessments_class"."card_banner_url", "assessments_class"."school_year", "assessments_class"."is_active", "assessments_class"."created_at", "assessments_class"."updated_at") as "data" from (select * from "classes" "assessments_class" where "assessments_class"."id" = "assessments"."class_id" limit $1) "assessments_class") "assessments_class" on true left join lateral (select coalesce(json_agg(json_build_array("assessments_questions"."id", "assessments_questions"."assessment_id", "assessments_questions"."type", "assessments_questions"."content", "assessments_questions"."points", "assessments_questions"."order", "assessments_questions"."is_required", "assessments_questions"."explanation", "assessments_questions"."image_url", "assessments_questions"."concept_tags", "assessments_questions"."created_at", "assessments_questions"."updated_at", "assessments_questions_options"."data") order by "assessments_questions"."order" asc), '[]'::json) as "data" from (select * from "assessment_questions" "assessments_questions" where "assessments_questions"."assessment_id" = "assessments"."id" order by "assessments_questions"."order" asc) "assessments_questions" left join lateral (select coalesce(json_agg(json_build_array("assessments_questions_options"."id", "assessments_questions_options"."question_id", "assessments_questions_options"."text", "assessments_questions_options"."is_correct", "assessments_questions_options"."order", "assessments_questions_options"."created_at") order by "assessments_questions_options"."order" asc), '[]'::json) as "data" from (select * from "assessment_question_options" "assessments_questions_options" where "assessments_questions_options"."question_id" = "assessments_questions"."id" order by "assessments_questions_options"."order" asc) "assessments_questions_options") "assessments_questions_options" on true) "assessments_questions" on true where "assessments"."id" = $2 limit $3 -- params: [1, "8e0dd693-e2b5-4fa6-ab9c-29bcd9bf7e89", 1]
Query: select "classRecordItems"."id", "classRecordItems"."gradebook_id", "classRecordItems"."category_id", "classRecordItems"."assessment_id", "classRecordItems"."title", "classRecordItems"."max_score", "classRecordItems"."item_order", "classRecordItems"."date_given", "classRecordItems"."created_at", "classRecordItems_category"."data" as "category", "classRecordItems_classRecord"."data" as "classRecord", "classRecordItems_scores"."data" as "scores" from "class_record_items" "classRecordItems" left join lateral (select json_build_array("classRecordItems_category"."id", "classRecordItems_category"."name") as "data" from (select * from "class_record_categories" "classRecordItems_category" where "classRecordItems_category"."id" = "classRecordItems"."category_id" limit $1) "classRecordItems_category") "classRecordItems_category" on true left join lateral (select json_build_array("classRecordItems_classRecord"."id", "classRecordItems_classRecord"."class_id", "classRecordItems_classRecord"."grading_period") as "data" from (select * from "class_records" "classRecordItems_classRecord" where "classRecordItems_classRecord"."id" = "classRecordItems"."gradebook_id" limit $2) "classRecordItems_classRecord") "classRecordItems_classRecord" on true left join lateral (select coalesce(json_agg(json_build_array("classRecordItems_scores"."id")), '[]'::json) as "data" from "class_record_scores" "classRecordItems_scores" where "classRecordItems_scores"."gradebook_item_id" = "classRecordItems"."id") "classRecordItems_scores" on true where "classRecordItems"."assessment_id" = $3 limit $4 -- params: [1, 1, "8e0dd693-e2b5-4fa6-ab9c-29bcd9bf7e89", 1]
2026-04-24 14:50:10 [34mdebug[39m [JwtAuthGuard] [AUTH-GUARD] Authorization header present: true
2026-04-24 14:50:10 [34mdebug[39m [JwtStrategy] [JWT-STRAT] Validating token for userId: bd1fdd95-f1fb-4049-a60d-4b7261095e82
Query: select "id", "email", "password", "first_name", "middle_name", "last_name", "account_status", "is_email_verified", "last_login_at", "created_at", "updated_at" from "users" "users" where "users"."id" = $1 limit $2 -- params: ["bd1fdd95-f1fb-4049-a60d-4b7261095e82", 1]
Query: select "user_id", "date_of_birth", "profile_picture", "gender", "phone", "address", "family_name", "family_relationship", "family_contact", "grade_level", "lrn", "created_at", "updated_at" from "student_profiles" "studentProfiles" where "studentProfiles"."user_id" = $1 limit $2 -- params: ["bd1fdd95-f1fb-4049-a60d-4b7261095e82", 1]
Query: select "userRoles"."user_id", "userRoles"."role_id", "userRoles"."assigned_at", "userRoles"."assigned_by", "userRoles_role"."data" as "role" from "user_roles" "userRoles" left join lateral (select json_build_array("userRoles_role"."id", "userRoles_role"."name", "userRoles_role"."description", "userRoles_role"."created_at") as "data" from (select * from "roles" "userRoles_role" where "userRoles_role"."id" = "userRoles"."role_id" limit $1) "userRoles_role") "userRoles_role" on true where "userRoles"."user_id" = $2 -- params: [1, "bd1fdd95-f1fb-4049-a60d-4b7261095e82"]
Query: select "user_id", "department", "specialization", "profile_picture", "contact_number", "date_of_birth", "gender", "address", "employee_id", "created_at", "updated_at" from "teacher_profiles" "teacherProfiles" where "teacherProfiles"."user_id" = $1 limit $2 -- params: ["bd1fdd95-f1fb-4049-a60d-4b7261095e82", 1]
2026-04-24 14:50:10 [34mdebug[39m [JwtStrategy] [JWT-STRAT] User lookup for bd1fdd95-f1fb-4049-a60d-4b7261095e82: found=true
2026-04-24 14:50:10 [34mdebug[39m [JwtAuthGuard] [AUTH-GUARD] Authorization header present: true
2026-04-24 14:50:10 [34mdebug[39m [JwtStrategy] [JWT-STRAT] Validating token for userId: bd1fdd95-f1fb-4049-a60d-4b7261095e82
Query: select "id", "email", "password", "first_name", "middle_name", "last_name", "account_status", "is_email_verified", "last_login_at", "created_at", "updated_at" from "users" "users" where "users"."id" = $1 limit $2 -- params: ["bd1fdd95-f1fb-4049-a60d-4b7261095e82", 1]
Query: select "user_id", "date_of_birth", "profile_picture", "gender", "phone", "address", "family_name", "family_relationship", "family_contact", "grade_level", "lrn", "created_at", "updated_at" from "student_profiles" "studentProfiles" where "studentProfiles"."user_id" = $1 limit $2 -- params: ["bd1fdd95-f1fb-4049-a60d-4b7261095e82", 1]
Query: select "userRoles"."user_id", "userRoles"."role_id", "userRoles"."assigned_at", "userRoles"."assigned_by", "userRoles_role"."data" as "role" from "user_roles" "userRoles" left join lateral (select json_build_array("userRoles_role"."id", "userRoles_role"."name", "userRoles_role"."description", "userRoles_role"."created_at") as "data" from (select * from "roles" "userRoles_role" where "userRoles_role"."id" = "userRoles"."role_id" limit $1) "userRoles_role") "userRoles_role" on true where "userRoles"."user_id" = $2 -- params: [1, "bd1fdd95-f1fb-4049-a60d-4b7261095e82"]
Query: select "user_id", "department", "specialization", "profile_picture", "contact_number", "date_of_birth", "gender", "address", "employee_id", "created_at", "updated_at" from "teacher_profiles" "teacherProfiles" where "teacherProfiles"."user_id" = $1 limit $2 -- params: ["bd1fdd95-f1fb-4049-a60d-4b7261095e82", 1]
2026-04-24 14:50:10 [34mdebug[39m [JwtStrategy] [JWT-STRAT] User lookup for bd1fdd95-f1fb-4049-a60d-4b7261095e82: found=true
2026-04-24 14:50:10 [34mdebug[39m [RolesGuard] [ROLES] Required: ["admin","teacher","student"] | User roles: ["teacher"] | Path: /api/assessments/8e0dd693-e2b5-4fa6-ab9c-29bcd9bf7e89
Query: select "assessments"."id", "assessments"."title", "assessments"."description", "assessments"."class_id", "assessments"."type", "assessments"."due_date", "assessments"."close_when_due", "assessments"."randomize_questions", "assessments"."timed_questions_enabled", "assessments"."question_time_limit_seconds", "assessments"."strict_mode", "assessments"."file_upload_instructions", "assessments"."teacher_attachment_file_id", "assessments"."rubric_source_file_id", "assessments"."rubric_parse_status", "assessments"."rubric_parsed_at", "assessments"."rubric_raw_text", "assessments"."rubric_parse_error", "assessments"."rubric_criteria", "assessments"."allowed_upload_mime_types", "assessments"."allowed_upload_extensions", "assessments"."max_upload_size_bytes", "assessments"."total_points", "assessments"."passing_score", "assessments"."max_attempts", "assessments"."time_limit_minutes", "assessments"."is_published", "assessments"."feedback_level", "assessments"."feedback_delay_hours", "assessments"."is_core_template_asset", "assessments"."template_id", "assessments"."template_source_id", "assessments"."class_record_category", "assessments"."quarter", "assessments"."ai_origin", "assessments"."ai_generation_output_id", "assessments"."created_at", "assessments"."updated_at", "assessments_class"."data" as "class", "assessments_questions"."data" as "questions" from "assessments" "assessments" left join lateral (select json_build_array("assessments_class"."id", "assessments_class"."subject_name", "assessments_class"."subject_code", "assessments_class"."subject_grade_level", "assessments_class"."section_id", "assessments_class"."teacher_id", "assessments_class"."room", "assessments_class"."card_preset", "assessments_class"."card_banner_url", "assessments_class"."school_year", "assessments_class"."is_active", "assessments_class"."created_at", "assessments_class"."updated_at") as "data" from (select * from "classes" "assessments_class" where "assessments_class"."id" = "assessments"."class_id" limit $1) "assessments_class") "assessments_class" on true left join lateral (select coalesce(json_agg(json_build_array("assessments_questions"."id", "assessments_questions"."assessment_id", "assessments_questions"."type", "assessments_questions"."content", "assessments_questions"."points", "assessments_questions"."order", "assessments_questions"."is_required", "assessments_questions"."explanation", "assessments_questions"."image_url", "assessments_questions"."concept_tags", "assessments_questions"."created_at", "assessments_questions"."updated_at", "assessments_questions_options"."data") order by "assessments_questions"."order" asc), '[]'::json) as "data" from (select * from "assessment_questions" "assessments_questions" where "assessments_questions"."assessment_id" = "assessments"."id" order by "assessments_questions"."order" asc) "assessments_questions" left join lateral (select coalesce(json_agg(json_build_array("assessments_questions_options"."id", "assessments_questions_options"."question_id", "assessments_questions_options"."text", "assessments_questions_options"."is_correct", "assessments_questions_options"."order", "assessments_questions_options"."created_at") order by "assessments_questions_options"."order" asc), '[]'::json) as "data" from (select * from "assessment_question_options" "assessments_questions_options" where "assessments_questions_options"."question_id" = "assessments_questions"."id" order by "assessments_questions_options"."order" asc) "assessments_questions_options") "assessments_questions_options" on true) "assessments_questions" on true where "assessments"."id" = $2 limit $3 -- params: [1, "8e0dd693-e2b5-4fa6-ab9c-29bcd9bf7e89", 1]
Query: select "classRecordItems"."id", "classRecordItems"."gradebook_id", "classRecordItems"."category_id", "classRecordItems"."assessment_id", "classRecordItems"."title", "classRecordItems"."max_score", "classRecordItems"."item_order", "classRecordItems"."date_given", "classRecordItems"."created_at", "classRecordItems_category"."data" as "category", "classRecordItems_classRecord"."data" as "classRecord", "classRecordItems_scores"."data" as "scores" from "class_record_items" "classRecordItems" left join lateral (select json_build_array("classRecordItems_category"."id", "classRecordItems_category"."name") as "data" from (select * from "class_record_categories" "classRecordItems_category" where "classRecordItems_category"."id" = "classRecordItems"."category_id" limit $1) "classRecordItems_category") "classRecordItems_category" on true left join lateral (select json_build_array("classRecordItems_classRecord"."id", "classRecordItems_classRecord"."class_id", "classRecordItems_classRecord"."grading_period") as "data" from (select * from "class_records" "classRecordItems_classRecord" where "classRecordItems_classRecord"."id" = "classRecordItems"."gradebook_id" limit $2) "classRecordItems_classRecord") "classRecordItems_classRecord" on true left join lateral (select coalesce(json_agg(json_build_array("classRecordItems_scores"."id")), '[]'::json) as "data" from "class_record_scores" "classRecordItems_scores" where "classRecordItems_scores"."gradebook_item_id" = "classRecordItems"."id") "classRecordItems_scores" on true where "classRecordItems"."assessment_id" = $3 limit $4 -- params: [1, 1, "8e0dd693-e2b5-4fa6-ab9c-29bcd9bf7e89", 1]
2026-04-24 14:50:24 [34mdebug[39m [JwtAuthGuard] [AUTH-GUARD] Authorization header present: true
2026-04-24 14:50:24 [34mdebug[39m [JwtStrategy] [JWT-STRAT] Validating token for userId: bd1fdd95-f1fb-4049-a60d-4b7261095e82
Query: select "id", "email", "password", "first_name", "middle_name", "last_name", "account_status", "is_email_verified", "last_login_at", "created_at", "updated_at" from "users" "users" where "users"."id" = $1 limit $2 -- params: ["bd1fdd95-f1fb-4049-a60d-4b7261095e82", 1]
Query: select "user_id", "date_of_birth", "profile_picture", "gender", "phone", "address", "family_name", "family_relationship", "family_contact", "grade_level", "lrn", "created_at", "updated_at" from "student_profiles" "studentProfiles" where "studentProfiles"."user_id" = $1 limit $2 -- params: ["bd1fdd95-f1fb-4049-a60d-4b7261095e82", 1]
Query: select "userRoles"."user_id", "userRoles"."role_id", "userRoles"."assigned_at", "userRoles"."assigned_by", "userRoles_role"."data" as "role" from "user_roles" "userRoles" left join lateral (select json_build_array("userRoles_role"."id", "userRoles_role"."name", "userRoles_role"."description", "userRoles_role"."created_at") as "data" from (select * from "roles" "userRoles_role" where "userRoles_role"."id" = "userRoles"."role_id" limit $1) "userRoles_role") "userRoles_role" on true where "userRoles"."user_id" = $2 -- params: [1, "bd1fdd95-f1fb-4049-a60d-4b7261095e82"]
2026-04-24 14:50:24 [34mdebug[39m [JwtAuthGuard] [AUTH-GUARD] Authorization header present: true
2026-04-24 14:50:24 [34mdebug[39m [JwtStrategy] [JWT-STRAT] Validating token for userId: bd1fdd95-f1fb-4049-a60d-4b7261095e82
Query: select "id", "email", "password", "first_name", "middle_name", "last_name", "account_status", "is_email_verified", "last_login_at", "created_at", "updated_at" from "users" "users" where "users"."id" = $1 limit $2 -- params: ["bd1fdd95-f1fb-4049-a60d-4b7261095e82", 1]
Query: select "user_id", "department", "specialization", "profile_picture", "contact_number", "date_of_birth", "gender", "address", "employee_id", "created_at", "updated_at" from "teacher_profiles" "teacherProfiles" where "teacherProfiles"."user_id" = $1 limit $2 -- params: ["bd1fdd95-f1fb-4049-a60d-4b7261095e82", 1]
2026-04-24 14:50:24 [34mdebug[39m [JwtAuthGuard] [AUTH-GUARD] Authorization header present: true
2026-04-24 14:50:24 [34mdebug[39m [JwtStrategy] [JWT-STRAT] Validating token for userId: bd1fdd95-f1fb-4049-a60d-4b7261095e82
Query: select "id", "email", "password", "first_name", "middle_name", "last_name", "account_status", "is_email_verified", "last_login_at", "created_at", "updated_at" from "users" "users" where "users"."id" = $1 limit $2 -- params: ["bd1fdd95-f1fb-4049-a60d-4b7261095e82", 1]
2026-04-24 14:50:24 [34mdebug[39m [JwtStrategy] [JWT-STRAT] User lookup for bd1fdd95-f1fb-4049-a60d-4b7261095e82: found=true
2026-04-24 14:50:24 [34mdebug[39m [JwtAuthGuard] [AUTH-GUARD] Authorization header present: true
2026-04-24 14:50:24 [34mdebug[39m [JwtStrategy] [JWT-STRAT] Validating token for userId: bd1fdd95-f1fb-4049-a60d-4b7261095e82
Query: select "id", "email", "password", "first_name", "middle_name", "last_name", "account_status", "is_email_verified", "last_login_at", "created_at", "updated_at" from "users" "users" where "users"."id" = $1 limit $2 -- params: ["bd1fdd95-f1fb-4049-a60d-4b7261095e82", 1]
Query: select "user_id", "date_of_birth", "profile_picture", "gender", "phone", "address", "family_name", "family_relationship", "family_contact", "grade_level", "lrn", "created_at", "updated_at" from "student_profiles" "studentProfiles" where "studentProfiles"."user_id" = $1 limit $2 -- params: ["bd1fdd95-f1fb-4049-a60d-4b7261095e82", 1]
Query: select "userRoles"."user_id", "userRoles"."role_id", "userRoles"."assigned_at", "userRoles"."assigned_by", "userRoles_role"."data" as "role" from "user_roles" "userRoles" left join lateral (select json_build_array("userRoles_role"."id", "userRoles_role"."name", "userRoles_role"."description", "userRoles_role"."created_at") as "data" from (select * from "roles" "userRoles_role" where "userRoles_role"."id" = "userRoles"."role_id" limit $1) "userRoles_role") "userRoles_role" on true where "userRoles"."user_id" = $2 -- params: [1, "bd1fdd95-f1fb-4049-a60d-4b7261095e82"]
Query: select "user_id", "date_of_birth", "profile_picture", "gender", "phone", "address", "family_name", "family_relationship", "family_contact", "grade_level", "lrn", "created_at", "updated_at" from "student_profiles" "studentProfiles" where "studentProfiles"."user_id" = $1 limit $2 -- params: ["bd1fdd95-f1fb-4049-a60d-4b7261095e82", 1]
Query: select "userRoles"."user_id", "userRoles"."role_id", "userRoles"."assigned_at", "userRoles"."assigned_by", "userRoles_role"."data" as "role" from "user_roles" "userRoles" left join lateral (select json_build_array("userRoles_role"."id", "userRoles_role"."name", "userRoles_role"."description", "userRoles_role"."created_at") as "data" from (select * from "roles" "userRoles_role" where "userRoles_role"."id" = "userRoles"."role_id" limit $1) "userRoles_role") "userRoles_role" on true where "userRoles"."user_id" = $2 -- params: [1, "bd1fdd95-f1fb-4049-a60d-4b7261095e82"]
Query: select "user_id", "department", "specialization", "profile_picture", "contact_number", "date_of_birth", "gender", "address", "employee_id", "created_at", "updated_at" from "teacher_profiles" "teacherProfiles" where "teacherProfiles"."user_id" = $1 limit $2 -- params: ["bd1fdd95-f1fb-4049-a60d-4b7261095e82", 1]
2026-04-24 14:50:24 [34mdebug[39m [JwtStrategy] [JWT-STRAT] User lookup for bd1fdd95-f1fb-4049-a60d-4b7261095e82: found=true
2026-04-24 14:50:24 [34mdebug[39m [RolesGuard] [ROLES] Required: ["admin","teacher","student"] | User roles: ["teacher"] | Path: /api/classes/a1482efb-4f1c-4d11-baf1-e4e61a894595
Query: select "classes"."id", "classes"."subject_name", "classes"."subject_code", "classes"."subject_grade_level", "classes"."section_id", "classes"."teacher_id", "classes"."room", "classes"."card_preset", "classes"."card_banner_url", "classes"."school_year", "classes"."is_active", "classes"."created_at", "classes"."updated_at", "classes_section"."data" as "section", "classes_schedules"."data" as "schedules", "classes_teacher"."data" as "teacher", "classes_enrollments"."data" as "enrollments" from "classes" "classes" left join lateral (select json_build_array("classes_section"."id", "classes_section"."name", "classes_section"."grade_level", "classes_section"."school_year", "classes_section"."capacity", "classes_section"."room_number", "classes_section"."card_banner_url", "classes_section"."adviser_id", "classes_section"."is_active", "classes_section"."created_at", "classes_section"."updated_at") as "data" from (select * from "sections" "classes_section" where "classes_section"."id" = "classes"."section_id" limit $1) "classes_section") "classes_section" on true left join lateral (select coalesce(json_agg(json_build_array("classes_schedules"."id", "classes_schedules"."class_id", "classes_schedules"."days", "classes_schedules"."start_time", "classes_schedules"."end_time", "classes_schedules"."created_at", "classes_schedules"."updated_at")), '[]'::json) as "data" from "class_schedules" "classes_schedules" where "classes_schedules"."class_id" = "classes"."id") "classes_schedules" on true left join lateral (select json_build_array("classes_teacher"."id", "classes_teacher"."first_name", "classes_teacher"."last_name", "classes_teacher"."email") as "data" from (select * from "users" "classes_teacher" where "classes_teacher"."id" = "classes"."teacher_id" limit $2) "classes_teacher") "classes_teacher" on true left join lateral (select coalesce(json_agg(json_build_array("classes_enrollments"."id", "classes_enrollments"."student_id", "classes_enrollments"."class_id", "classes_enrollments"."section_id", "classes_enrollments_student"."data")), '[]'::json) as "data" from "enrollments" "classes_enrollments" left join lateral (select json_build_array("classes_enrollments_student"."id", "classes_enrollments_student"."first_name", "classes_enrollments_student"."last_name", "classes_enrollments_student"."email", "classes_enrollments_student_profile"."data") as "data" from (select * from "users" "classes_enrollments_student" where "classes_enrollments_student"."id" = "classes_enrollments"."student_id" limit $3) "classes_enrollments_student" left join lateral (select json_build_array("classes_enrollments_student_profile"."grade_level", "classes_enrollments_student_profile"."lrn", "classes_enrollments_student_profile"."profile_picture") as "data" from (select * from "student_profiles" "classes_enrollments_student_profile" where "classes_enrollments_student_profile"."user_id" = "classes_enrollments_student"."id" limit $4) "classes_enrollments_student_profile") "classes_enrollments_student_profile" on true) "classes_enrollments_student" on true where ("classes_enrollments"."class_id" = "classes"."id" and "classes_enrollments"."status" = $5)) "classes_enrollments" on true where "classes"."id" = $6 limit $7 -- params: [1, 1, 1, 1, "enrolled", "a1482efb-4f1c-4d11-baf1-e4e61a894595", 1]
2026-04-24 14:50:25 [34mdebug[39m [DatabaseService] New database connection established
Query: select "user_id", "date_of_birth", "profile_picture", "gender", "phone", "address", "family_name", "family_relationship", "family_contact", "grade_level", "lrn", "created_at", "updated_at" from "student_profiles" "studentProfiles" where "studentProfiles"."user_id" = $1 limit $2 -- params: ["bd1fdd95-f1fb-4049-a60d-4b7261095e82", 1]
Query: select "userRoles"."user_id", "userRoles"."role_id", "userRoles"."assigned_at", "userRoles"."assigned_by", "userRoles_role"."data" as "role" from "user_roles" "userRoles" left join lateral (select json_build_array("userRoles_role"."id", "userRoles_role"."name", "userRoles_role"."description", "userRoles_role"."created_at") as "data" from (select * from "roles" "userRoles_role" where "userRoles_role"."id" = "userRoles"."role_id" limit $1) "userRoles_role") "userRoles_role" on true where "userRoles"."user_id" = $2 -- params: [1, "bd1fdd95-f1fb-4049-a60d-4b7261095e82"]
2026-04-24 14:50:25 [34mdebug[39m [JwtAuthGuard] [AUTH-GUARD] Authorization header present: true
2026-04-24 14:50:25 [34mdebug[39m [JwtStrategy] [JWT-STRAT] Validating token for userId: bd1fdd95-f1fb-4049-a60d-4b7261095e82
Query: select "id", "email", "password", "first_name", "middle_name", "last_name", "account_status", "is_email_verified", "last_login_at", "created_at", "updated_at" from "users" "users" where "users"."id" = $1 limit $2 -- params: ["bd1fdd95-f1fb-4049-a60d-4b7261095e82", 1]
Query: select "user_id", "department", "specialization", "profile_picture", "contact_number", "date_of_birth", "gender", "address", "employee_id", "created_at", "updated_at" from "teacher_profiles" "teacherProfiles" where "teacherProfiles"."user_id" = $1 limit $2 -- params: ["bd1fdd95-f1fb-4049-a60d-4b7261095e82", 1]
Query: select "user_id", "date_of_birth", "profile_picture", "gender", "phone", "address", "family_name", "family_relationship", "family_contact", "grade_level", "lrn", "created_at", "updated_at" from "student_profiles" "studentProfiles" where "studentProfiles"."user_id" = $1 limit $2 -- params: ["bd1fdd95-f1fb-4049-a60d-4b7261095e82", 1]
Query: select "userRoles"."user_id", "userRoles"."role_id", "userRoles"."assigned_at", "userRoles"."assigned_by", "userRoles_role"."data" as "role" from "user_roles" "userRoles" left join lateral (select json_build_array("userRoles_role"."id", "userRoles_role"."name", "userRoles_role"."description", "userRoles_role"."created_at") as "data" from (select * from "roles" "userRoles_role" where "userRoles_role"."id" = "userRoles"."role_id" limit $1) "userRoles_role") "userRoles_role" on true where "userRoles"."user_id" = $2 -- params: [1, "bd1fdd95-f1fb-4049-a60d-4b7261095e82"]
Query: select "user_id", "department", "specialization", "profile_picture", "contact_number", "date_of_birth", "gender", "address", "employee_id", "created_at", "updated_at" from "teacher_profiles" "teacherProfiles" where "teacherProfiles"."user_id" = $1 limit $2 -- params: ["bd1fdd95-f1fb-4049-a60d-4b7261095e82", 1]
2026-04-24 14:50:25 [34mdebug[39m [JwtStrategy] [JWT-STRAT] User lookup for bd1fdd95-f1fb-4049-a60d-4b7261095e82: found=true
2026-04-24 14:50:25 [34mdebug[39m [JwtAuthGuard] [AUTH-GUARD] Authorization header present: true
2026-04-24 14:50:25 [34mdebug[39m [JwtStrategy] [JWT-STRAT] Validating token for userId: bd1fdd95-f1fb-4049-a60d-4b7261095e82
Query: select "id", "email", "password", "first_name", "middle_name", "last_name", "account_status", "is_email_verified", "last_login_at", "created_at", "updated_at" from "users" "users" where "users"."id" = $1 limit $2 -- params: ["bd1fdd95-f1fb-4049-a60d-4b7261095e82", 1]
2026-04-24 14:50:25 [34mdebug[39m [JwtStrategy] [JWT-STRAT] User lookup for bd1fdd95-f1fb-4049-a60d-4b7261095e82: found=true
2026-04-24 14:50:25 [34mdebug[39m [JwtAuthGuard] [AUTH-GUARD] Authorization header present: true
2026-04-24 14:50:25 [34mdebug[39m [JwtStrategy] [JWT-STRAT] Validating token for userId: bd1fdd95-f1fb-4049-a60d-4b7261095e82
Query: select "id", "email", "password", "first_name", "middle_name", "last_name", "account_status", "is_email_verified", "last_login_at", "created_at", "updated_at" from "users" "users" where "users"."id" = $1 limit $2 -- params: ["bd1fdd95-f1fb-4049-a60d-4b7261095e82", 1]
Query: select "user_id", "date_of_birth", "profile_picture", "gender", "phone", "address", "family_name", "family_relationship", "family_contact", "grade_level", "lrn", "created_at", "updated_at" from "student_profiles" "studentProfiles" where "studentProfiles"."user_id" = $1 limit $2 -- params: ["bd1fdd95-f1fb-4049-a60d-4b7261095e82", 1]
Query: select "userRoles"."user_id", "userRoles"."role_id", "userRoles"."assigned_at", "userRoles"."assigned_by", "userRoles_role"."data" as "role" from "user_roles" "userRoles" left join lateral (select json_build_array("userRoles_role"."id", "userRoles_role"."name", "userRoles_role"."description", "userRoles_role"."created_at") as "data" from (select * from "roles" "userRoles_role" where "userRoles_role"."id" = "userRoles"."role_id" limit $1) "userRoles_role") "userRoles_role" on true where "userRoles"."user_id" = $2 -- params: [1, "bd1fdd95-f1fb-4049-a60d-4b7261095e82"]
2026-04-24 14:50:25 [34mdebug[39m [DatabaseService] New database connection established
Query: select "user_id", "date_of_birth", "profile_picture", "gender", "phone", "address", "family_name", "family_relationship", "family_contact", "grade_level", "lrn", "created_at", "updated_at" from "student_profiles" "studentProfiles" where "studentProfiles"."user_id" = $1 limit $2 -- params: ["bd1fdd95-f1fb-4049-a60d-4b7261095e82", 1]
Query: select "userRoles"."user_id", "userRoles"."role_id", "userRoles"."assigned_at", "userRoles"."assigned_by", "userRoles_role"."data" as "role" from "user_roles" "userRoles" left join lateral (select json_build_array("userRoles_role"."id", "userRoles_role"."name", "userRoles_role"."description", "userRoles_role"."created_at") as "data" from (select * from "roles" "userRoles_role" where "userRoles_role"."id" = "userRoles"."role_id" limit $1) "userRoles_role") "userRoles_role" on true where "userRoles"."user_id" = $2 -- params: [1, "bd1fdd95-f1fb-4049-a60d-4b7261095e82"]
Query: select "user_id", "department", "specialization", "profile_picture", "contact_number", "date_of_birth", "gender", "address", "employee_id", "created_at", "updated_at" from "teacher_profiles" "teacherProfiles" where "teacherProfiles"."user_id" = $1 limit $2 -- params: ["bd1fdd95-f1fb-4049-a60d-4b7261095e82", 1]
2026-04-24 14:50:25 [34mdebug[39m [JwtStrategy] [JWT-STRAT] User lookup for bd1fdd95-f1fb-4049-a60d-4b7261095e82: found=true
2026-04-24 14:50:25 [34mdebug[39m [RolesGuard] [ROLES] Required: ["admin","teacher","student"] | User roles: ["teacher"] | Path: /api/lessons/class/a1482efb-4f1c-4d11-baf1-e4e61a894595?status=all&pageSize=100
Query: select "lessons"."id", "lessons"."title", "lessons"."description", "lessons"."class_id", "lessons"."order", "lessons"."is_draft", "lessons"."source_extraction_id", "lessons"."is_core_template_asset", "lessons"."template_id", "lessons"."template_source_id", "lessons"."created_at", "lessons"."updated_at", "lessons_contentBlocks"."data" as "contentBlocks" from "lessons" "lessons" left join lateral (select coalesce(json_agg(json_build_array("lessons_contentBlocks"."id", "lessons_contentBlocks"."lesson_id", "lessons_contentBlocks"."type", "lessons_contentBlocks"."order", "lessons_contentBlocks"."content", "lessons_contentBlocks"."metadata", "lessons_contentBlocks"."created_at", "lessons_contentBlocks"."updated_at") order by "lessons_contentBlocks"."order" asc), '[]'::json) as "data" from (select * from "lesson_content_blocks" "lessons_contentBlocks" where "lessons_contentBlocks"."lesson_id" = "lessons"."id" order by "lessons_contentBlocks"."order" asc) "lessons_contentBlocks") "lessons_contentBlocks" on true where "lessons"."class_id" = $1 order by "lessons"."order" asc -- params: ["a1482efb-4f1c-4d11-baf1-e4e61a894595"]
Query: select count(*) from "lessons" where "lessons"."class_id" = $1 -- params: ["a1482efb-4f1c-4d11-baf1-e4e61a894595"]
Query: select "user_id", "department", "specialization", "profile_picture", "contact_number", "date_of_birth", "gender", "address", "employee_id", "created_at", "updated_at" from "teacher_profiles" "teacherProfiles" where "teacherProfiles"."user_id" = $1 limit $2 -- params: ["bd1fdd95-f1fb-4049-a60d-4b7261095e82", 1]
2026-04-24 14:50:25 [34mdebug[39m [JwtStrategy] [JWT-STRAT] User lookup for bd1fdd95-f1fb-4049-a60d-4b7261095e82: found=true
2026-04-24 14:50:25 [34mdebug[39m [JwtAuthGuard] [AUTH-GUARD] Authorization header present: true
2026-04-24 14:50:25 [34mdebug[39m [JwtStrategy] [JWT-STRAT] Validating token for userId: bd1fdd95-f1fb-4049-a60d-4b7261095e82
Query: select "id", "email", "password", "first_name", "middle_name", "last_name", "account_status", "is_email_verified", "last_login_at", "created_at", "updated_at" from "users" "users" where "users"."id" = $1 limit $2 -- params: ["bd1fdd95-f1fb-4049-a60d-4b7261095e82", 1]
Query: select "user_id", "date_of_birth", "profile_picture", "gender", "phone", "address", "family_name", "family_relationship", "family_contact", "grade_level", "lrn", "created_at", "updated_at" from "student_profiles" "studentProfiles" where "studentProfiles"."user_id" = $1 limit $2 -- params: ["bd1fdd95-f1fb-4049-a60d-4b7261095e82", 1]
Query: select "userRoles"."user_id", "userRoles"."role_id", "userRoles"."assigned_at", "userRoles"."assigned_by", "userRoles_role"."data" as "role" from "user_roles" "userRoles" left join lateral (select json_build_array("userRoles_role"."id", "userRoles_role"."name", "userRoles_role"."description", "userRoles_role"."created_at") as "data" from (select * from "roles" "userRoles_role" where "userRoles_role"."id" = "userRoles"."role_id" limit $1) "userRoles_role") "userRoles_role" on true where "userRoles"."user_id" = $2 -- params: [1, "bd1fdd95-f1fb-4049-a60d-4b7261095e82"]
Query: select "user_id", "department", "specialization", "profile_picture", "contact_number", "date_of_birth", "gender", "address", "employee_id", "created_at", "updated_at" from "teacher_profiles" "teacherProfiles" where "teacherProfiles"."user_id" = $1 limit $2 -- params: ["bd1fdd95-f1fb-4049-a60d-4b7261095e82", 1]
2026-04-24 14:50:25 [34mdebug[39m [JwtStrategy] [JWT-STRAT] User lookup for bd1fdd95-f1fb-4049-a60d-4b7261095e82: found=true
2026-04-24 14:50:25 [34mdebug[39m [RolesGuard] [ROLES] Required: ["teacher","admin"] | User roles: ["teacher"] | Path: /api/ai/teacher/jobs/551795f4-0831-4ef4-974a-962cd3c596da
Query: select "id", "teacher_id" from "ai_generation_jobs" "aiGenerationJobs" where "aiGenerationJobs"."id" = $1 limit $2 -- params: ["551795f4-0831-4ef4-974a-962cd3c596da", 1]
2026-04-24 14:50:25 [34mdebug[39m [JwtAuthGuard] [AUTH-GUARD] Authorization header present: true
2026-04-24 14:50:25 [34mdebug[39m [JwtStrategy] [JWT-STRAT] Validating token for userId: bd1fdd95-f1fb-4049-a60d-4b7261095e82
Query: select "id", "email", "password", "first_name", "middle_name", "last_name", "account_status", "is_email_verified", "last_login_at", "created_at", "updated_at" from "users" "users" where "users"."id" = $1 limit $2 -- params: ["bd1fdd95-f1fb-4049-a60d-4b7261095e82", 1]
2026-04-24 14:50:25 [34mdebug[39m [JwtAuthGuard] [AUTH-GUARD] Authorization header present: true
2026-04-24 14:50:25 [34mdebug[39m [JwtStrategy] [JWT-STRAT] Validating token for userId: bd1fdd95-f1fb-4049-a60d-4b7261095e82
Query: select "id", "email", "password", "first_name", "middle_name", "last_name", "account_status", "is_email_verified", "last_login_at", "created_at", "updated_at" from "users" "users" where "users"."id" = $1 limit $2 -- params: ["bd1fdd95-f1fb-4049-a60d-4b7261095e82", 1]
Query: select "user_id", "date_of_birth", "profile_picture", "gender", "phone", "address", "family_name", "family_relationship", "family_contact", "grade_level", "lrn", "created_at", "updated_at" from "student_profiles" "studentProfiles" where "studentProfiles"."user_id" = $1 limit $2 -- params: ["bd1fdd95-f1fb-4049-a60d-4b7261095e82", 1]
Query: select "userRoles"."user_id", "userRoles"."role_id", "userRoles"."assigned_at", "userRoles"."assigned_by", "userRoles_role"."data" as "role" from "user_roles" "userRoles" left join lateral (select json_build_array("userRoles_role"."id", "userRoles_role"."name", "userRoles_role"."description", "userRoles_role"."created_at") as "data" from (select * from "roles" "userRoles_role" where "userRoles_role"."id" = "userRoles"."role_id" limit $1) "userRoles_role") "userRoles_role" on true where "userRoles"."user_id" = $2 -- params: [1, "bd1fdd95-f1fb-4049-a60d-4b7261095e82"]
Query: select "user_id", "date_of_birth", "profile_picture", "gender", "phone", "address", "family_name", "family_relationship", "family_contact", "grade_level", "lrn", "created_at", "updated_at" from "student_profiles" "studentProfiles" where "studentProfiles"."user_id" = $1 limit $2 -- params: ["bd1fdd95-f1fb-4049-a60d-4b7261095e82", 1]
Query: select "userRoles"."user_id", "userRoles"."role_id", "userRoles"."assigned_at", "userRoles"."assigned_by", "userRoles_role"."data" as "role" from "user_roles" "userRoles" left join lateral (select json_build_array("userRoles_role"."id", "userRoles_role"."name", "userRoles_role"."description", "userRoles_role"."created_at") as "data" from (select * from "roles" "userRoles_role" where "userRoles_role"."id" = "userRoles"."role_id" limit $1) "userRoles_role") "userRoles_role" on true where "userRoles"."user_id" = $2 -- params: [1, "bd1fdd95-f1fb-4049-a60d-4b7261095e82"]
Query: select "user_id", "department", "specialization", "profile_picture", "contact_number", "date_of_birth", "gender", "address", "employee_id", "created_at", "updated_at" from "teacher_profiles" "teacherProfiles" where "teacherProfiles"."user_id" = $1 limit $2 -- params: ["bd1fdd95-f1fb-4049-a60d-4b7261095e82", 1]
Query: select "user_id", "department", "specialization", "profile_picture", "contact_number", "date_of_birth", "gender", "address", "employee_id", "created_at", "updated_at" from "teacher_profiles" "teacherProfiles" where "teacherProfiles"."user_id" = $1 limit $2 -- params: ["bd1fdd95-f1fb-4049-a60d-4b7261095e82", 1]
2026-04-24 14:50:25 [34mdebug[39m [JwtStrategy] [JWT-STRAT] User lookup for bd1fdd95-f1fb-4049-a60d-4b7261095e82: found=true
2026-04-24 14:50:25 [34mdebug[39m [JwtAuthGuard] [AUTH-GUARD] Authorization header present: true
2026-04-24 14:50:25 [34mdebug[39m [JwtStrategy] [JWT-STRAT] Validating token for userId: bd1fdd95-f1fb-4049-a60d-4b7261095e82
Query: select "id", "email", "password", "first_name", "middle_name", "last_name", "account_status", "is_email_verified", "last_login_at", "created_at", "updated_at" from "users" "users" where "users"."id" = $1 limit $2 -- params: ["bd1fdd95-f1fb-4049-a60d-4b7261095e82", 1]
2026-04-24 14:50:25 [34mdebug[39m [JwtStrategy] [JWT-STRAT] User lookup for bd1fdd95-f1fb-4049-a60d-4b7261095e82: found=true
2026-04-24 14:50:25 [34mdebug[39m [JwtAuthGuard] [AUTH-GUARD] Authorization header present: true
2026-04-24 14:50:25 [34mdebug[39m [JwtStrategy] [JWT-STRAT] Validating token for userId: bd1fdd95-f1fb-4049-a60d-4b7261095e82
Query: select "id", "email", "password", "first_name", "middle_name", "last_name", "account_status", "is_email_verified", "last_login_at", "created_at", "updated_at" from "users" "users" where "users"."id" = $1 limit $2 -- params: ["bd1fdd95-f1fb-4049-a60d-4b7261095e82", 1]
Query: select "user_id", "date_of_birth", "profile_picture", "gender", "phone", "address", "family_name", "family_relationship", "family_contact", "grade_level", "lrn", "created_at", "updated_at" from "student_profiles" "studentProfiles" where "studentProfiles"."user_id" = $1 limit $2 -- params: ["bd1fdd95-f1fb-4049-a60d-4b7261095e82", 1]
Query: select "userRoles"."user_id", "userRoles"."role_id", "userRoles"."assigned_at", "userRoles"."assigned_by", "userRoles_role"."data" as "role" from "user_roles" "userRoles" left join lateral (select json_build_array("userRoles_role"."id", "userRoles_role"."name", "userRoles_role"."description", "userRoles_role"."created_at") as "data" from (select * from "roles" "userRoles_role" where "userRoles_role"."id" = "userRoles"."role_id" limit $1) "userRoles_role") "userRoles_role" on true where "userRoles"."user_id" = $2 -- params: [1, "bd1fdd95-f1fb-4049-a60d-4b7261095e82"]
Query: select "user_id", "date_of_birth", "profile_picture", "gender", "phone", "address", "family_name", "family_relationship", "family_contact", "grade_level", "lrn", "created_at", "updated_at" from "student_profiles" "studentProfiles" where "studentProfiles"."user_id" = $1 limit $2 -- params: ["bd1fdd95-f1fb-4049-a60d-4b7261095e82", 1]
Query: select "userRoles"."user_id", "userRoles"."role_id", "userRoles"."assigned_at", "userRoles"."assigned_by", "userRoles_role"."data" as "role" from "user_roles" "userRoles" left join lateral (select json_build_array("userRoles_role"."id", "userRoles_role"."name", "userRoles_role"."description", "userRoles_role"."created_at") as "data" from (select * from "roles" "userRoles_role" where "userRoles_role"."id" = "userRoles"."role_id" limit $1) "userRoles_role") "userRoles_role" on true where "userRoles"."user_id" = $2 -- params: [1, "bd1fdd95-f1fb-4049-a60d-4b7261095e82"]
Query: select "user_id", "department", "specialization", "profile_picture", "contact_number", "date_of_birth", "gender", "address", "employee_id", "created_at", "updated_at" from "teacher_profiles" "teacherProfiles" where "teacherProfiles"."user_id" = $1 limit $2 -- params: ["bd1fdd95-f1fb-4049-a60d-4b7261095e82", 1]
2026-04-24 14:50:25 [34mdebug[39m [JwtStrategy] [JWT-STRAT] User lookup for bd1fdd95-f1fb-4049-a60d-4b7261095e82: found=true
2026-04-24 14:50:25 [34mdebug[39m [RolesGuard] [ROLES] Required: ["admin","teacher","student"] | User roles: ["teacher"] | Path: /api/lessons/class/a1482efb-4f1c-4d11-baf1-e4e61a894595?status=all&pageSize=100
Query: select "lessons"."id", "lessons"."title", "lessons"."description", "lessons"."class_id", "lessons"."order", "lessons"."is_draft", "lessons"."source_extraction_id", "lessons"."is_core_template_asset", "lessons"."template_id", "lessons"."template_source_id", "lessons"."created_at", "lessons"."updated_at", "lessons_contentBlocks"."data" as "contentBlocks" from "lessons" "lessons" left join lateral (select coalesce(json_agg(json_build_array("lessons_contentBlocks"."id", "lessons_contentBlocks"."lesson_id", "lessons_contentBlocks"."type", "lessons_contentBlocks"."order", "lessons_contentBlocks"."content", "lessons_contentBlocks"."metadata", "lessons_contentBlocks"."created_at", "lessons_contentBlocks"."updated_at") order by "lessons_contentBlocks"."order" asc), '[]'::json) as "data" from (select * from "lesson_content_blocks" "lessons_contentBlocks" where "lessons_contentBlocks"."lesson_id" = "lessons"."id" order by "lessons_contentBlocks"."order" asc) "lessons_contentBlocks") "lessons_contentBlocks" on true where "lessons"."class_id" = $1 order by "lessons"."order" asc -- params: ["a1482efb-4f1c-4d11-baf1-e4e61a894595"]
Query: select count(*) from "lessons" where "lessons"."class_id" = $1 -- params: ["a1482efb-4f1c-4d11-baf1-e4e61a894595"]
Query: select "user_id", "department", "specialization", "profile_picture", "contact_number", "date_of_birth", "gender", "address", "employee_id", "created_at", "updated_at" from "teacher_profiles" "teacherProfiles" where "teacherProfiles"."user_id" = $1 limit $2 -- params: ["bd1fdd95-f1fb-4049-a60d-4b7261095e82", 1]
2026-04-24 14:50:25 [34mdebug[39m [DatabaseService] New database connection established
2026-04-24 14:50:25 [34mdebug[39m [JwtStrategy] [JWT-STRAT] User lookup for bd1fdd95-f1fb-4049-a60d-4b7261095e82: found=true
2026-04-24 14:50:25 [34mdebug[39m [RolesGuard] [ROLES] Required: ["teacher","admin"] | User roles: ["teacher"] | Path: /api/ai/extractions?classId=a1482efb-4f1c-4d11-baf1-e4e61a894595
Query: select "id", "teacher_id" from "classes" "classes" where "classes"."id" = $1 limit $2 -- params: ["a1482efb-4f1c-4d11-baf1-e4e61a894595", 1]
2026-04-24 14:50:25 [34mdebug[39m [JwtAuthGuard] [AUTH-GUARD] Authorization header present: true
2026-04-24 14:50:25 [34mdebug[39m [JwtStrategy] [JWT-STRAT] Validating token for userId: bd1fdd95-f1fb-4049-a60d-4b7261095e82
Query: select "id", "email", "password", "first_name", "middle_name", "last_name", "account_status", "is_email_verified", "last_login_at", "created_at", "updated_at" from "users" "users" where "users"."id" = $1 limit $2 -- params: ["bd1fdd95-f1fb-4049-a60d-4b7261095e82", 1]
Query: select "user_id", "department", "specialization", "profile_picture", "contact_number", "date_of_birth", "gender", "address", "employee_id", "created_at", "updated_at" from "teacher_profiles" "teacherProfiles" where "teacherProfiles"."user_id" = $1 limit $2 -- params: ["bd1fdd95-f1fb-4049-a60d-4b7261095e82", 1]
Query: select "user_id", "date_of_birth", "profile_picture", "gender", "phone", "address", "family_name", "family_relationship", "family_contact", "grade_level", "lrn", "created_at", "updated_at" from "student_profiles" "studentProfiles" where "studentProfiles"."user_id" = $1 limit $2 -- params: ["bd1fdd95-f1fb-4049-a60d-4b7261095e82", 1]
Query: select "userRoles"."user_id", "userRoles"."role_id", "userRoles"."assigned_at", "userRoles"."assigned_by", "userRoles_role"."data" as "role" from "user_roles" "userRoles" left join lateral (select json_build_array("userRoles_role"."id", "userRoles_role"."name", "userRoles_role"."description", "userRoles_role"."created_at") as "data" from (select * from "roles" "userRoles_role" where "userRoles_role"."id" = "userRoles"."role_id" limit $1) "userRoles_role") "userRoles_role" on true where "userRoles"."user_id" = $2 -- params: [1, "bd1fdd95-f1fb-4049-a60d-4b7261095e82"]
2026-04-24 14:50:25 [34mdebug[39m [JwtStrategy] [JWT-STRAT] User lookup for bd1fdd95-f1fb-4049-a60d-4b7261095e82: found=true
2026-04-24 14:50:25 [34mdebug[39m [RolesGuard] [ROLES] Required: ["admin","teacher","student"] | User roles: ["teacher"] | Path: /api/classes/a1482efb-4f1c-4d11-baf1-e4e61a894595
Query: select "classes"."id", "classes"."subject_name", "classes"."subject_code", "classes"."subject_grade_level", "classes"."section_id", "classes"."teacher_id", "classes"."room", "classes"."card_preset", "classes"."card_banner_url", "classes"."school_year", "classes"."is_active", "classes"."created_at", "classes"."updated_at", "classes_section"."data" as "section", "classes_schedules"."data" as "schedules", "classes_teacher"."data" as "teacher", "classes_enrollments"."data" as "enrollments" from "classes" "classes" left join lateral (select json_build_array("classes_section"."id", "classes_section"."name", "classes_section"."grade_level", "classes_section"."school_year", "classes_section"."capacity", "classes_section"."room_number", "classes_section"."card_banner_url", "classes_section"."adviser_id", "classes_section"."is_active", "classes_section"."created_at", "classes_section"."updated_at") as "data" from (select * from "sections" "classes_section" where "classes_section"."id" = "classes"."section_id" limit $1) "classes_section") "classes_section" on true left join lateral (select coalesce(json_agg(json_build_array("classes_schedules"."id", "classes_schedules"."class_id", "classes_schedules"."days", "classes_schedules"."start_time", "classes_schedules"."end_time", "classes_schedules"."created_at", "classes_schedules"."updated_at")), '[]'::json) as "data" from "class_schedules" "classes_schedules" where "classes_schedules"."class_id" = "classes"."id") "classes_schedules" on true left join lateral (select json_build_array("classes_teacher"."id", "classes_teacher"."first_name", "classes_teacher"."last_name", "classes_teacher"."email") as "data" from (select * from "users" "classes_teacher" where "classes_teacher"."id" = "classes"."teacher_id" limit $2) "classes_teacher") "classes_teacher" on true left join lateral (select coalesce(json_agg(json_build_array("classes_enrollments"."id", "classes_enrollments"."student_id", "classes_enrollments"."class_id", "classes_enrollments"."section_id", "classes_enrollments_student"."data")), '[]'::json) as "data" from "enrollments" "classes_enrollments" left join lateral (select json_build_array("classes_enrollments_student"."id", "classes_enrollments_student"."first_name", "classes_enrollments_student"."last_name", "classes_enrollments_student"."email", "classes_enrollments_student_profile"."data") as "data" from (select * from "users" "classes_enrollments_student" where "classes_enrollments_student"."id" = "classes_enrollments"."student_id" limit $3) "classes_enrollments_student" left join lateral (select json_build_array("classes_enrollments_student_profile"."grade_level", "classes_enrollments_student_profile"."lrn", "classes_enrollments_student_profile"."profile_picture") as "data" from (select * from "student_profiles" "classes_enrollments_student_profile" where "classes_enrollments_student_profile"."user_id" = "classes_enrollments_student"."id" limit $4) "classes_enrollments_student_profile") "classes_enrollments_student_profile" on true) "classes_enrollments_student" on true where ("classes_enrollments"."class_id" = "classes"."id" and "classes_enrollments"."status" = $5)) "classes_enrollments" on true where "classes"."id" = $6 limit $7 -- params: [1, 1, 1, 1, "enrolled", "a1482efb-4f1c-4d11-baf1-e4e61a894595", 1]
Query: select "user_id", "department", "specialization", "profile_picture", "contact_number", "date_of_birth", "gender", "address", "employee_id", "created_at", "updated_at" from "teacher_profiles" "teacherProfiles" where "teacherProfiles"."user_id" = $1 limit $2 -- params: ["bd1fdd95-f1fb-4049-a60d-4b7261095e82", 1]
2026-04-24 14:50:25 [34mdebug[39m [JwtStrategy] [JWT-STRAT] User lookup for bd1fdd95-f1fb-4049-a60d-4b7261095e82: found=true
2026-04-24 14:50:25 [34mdebug[39m [JwtAuthGuard] [AUTH-GUARD] Authorization header present: true
2026-04-24 14:50:25 [34mdebug[39m [JwtStrategy] [JWT-STRAT] Validating token for userId: bd1fdd95-f1fb-4049-a60d-4b7261095e82
Query: select "id", "email", "password", "first_name", "middle_name", "last_name", "account_status", "is_email_verified", "last_login_at", "created_at", "updated_at" from "users" "users" where "users"."id" = $1 limit $2 -- params: ["bd1fdd95-f1fb-4049-a60d-4b7261095e82", 1]
Query: select "user_id", "date_of_birth", "profile_picture", "gender", "phone", "address", "family_name", "family_relationship", "family_contact", "grade_level", "lrn", "created_at", "updated_at" from "student_profiles" "studentProfiles" where "studentProfiles"."user_id" = $1 limit $2 -- params: ["bd1fdd95-f1fb-4049-a60d-4b7261095e82", 1]
Query: select "userRoles"."user_id", "userRoles"."role_id", "userRoles"."assigned_at", "userRoles"."assigned_by", "userRoles_role"."data" as "role" from "user_roles" "userRoles" left join lateral (select json_build_array("userRoles_role"."id", "userRoles_role"."name", "userRoles_role"."description", "userRoles_role"."created_at") as "data" from (select * from "roles" "userRoles_role" where "userRoles_role"."id" = "userRoles"."role_id" limit $1) "userRoles_role") "userRoles_role" on true where "userRoles"."user_id" = $2 -- params: [1, "bd1fdd95-f1fb-4049-a60d-4b7261095e82"]
Query: select "user_id", "department", "specialization", "profile_picture", "contact_number", "date_of_birth", "gender", "address", "employee_id", "created_at", "updated_at" from "teacher_profiles" "teacherProfiles" where "teacherProfiles"."user_id" = $1 limit $2 -- params: ["bd1fdd95-f1fb-4049-a60d-4b7261095e82", 1]
2026-04-24 14:50:25 [34mdebug[39m [JwtStrategy] [JWT-STRAT] User lookup for bd1fdd95-f1fb-4049-a60d-4b7261095e82: found=true
2026-04-24 14:50:25 [34mdebug[39m [RolesGuard] [ROLES] Required: ["teacher","admin"] | User roles: ["teacher"] | Path: /api/ai/teacher/jobs/551795f4-0831-4ef4-974a-962cd3c596da/result
Query: select "id", "teacher_id" from "ai_generation_jobs" "aiGenerationJobs" where "aiGenerationJobs"."id" = $1 limit $2 -- params: ["551795f4-0831-4ef4-974a-962cd3c596da", 1]
2026-04-24 14:50:25 [34mdebug[39m [JwtAuthGuard] [AUTH-GUARD] Authorization header present: true
2026-04-24 14:50:25 [34mdebug[39m [JwtStrategy] [JWT-STRAT] Validating token for userId: bd1fdd95-f1fb-4049-a60d-4b7261095e82
Query: select "id", "email", "password", "first_name", "middle_name", "last_name", "account_status", "is_email_verified", "last_login_at", "created_at", "updated_at" from "users" "users" where "users"."id" = $1 limit $2 -- params: ["bd1fdd95-f1fb-4049-a60d-4b7261095e82", 1]
Query: select "user_id", "date_of_birth", "profile_picture", "gender", "phone", "address", "family_name", "family_relationship", "family_contact", "grade_level", "lrn", "created_at", "updated_at" from "student_profiles" "studentProfiles" where "studentProfiles"."user_id" = $1 limit $2 -- params: ["bd1fdd95-f1fb-4049-a60d-4b7261095e82", 1]
Query: select "userRoles"."user_id", "userRoles"."role_id", "userRoles"."assigned_at", "userRoles"."assigned_by", "userRoles_role"."data" as "role" from "user_roles" "userRoles" left join lateral (select json_build_array("userRoles_role"."id", "userRoles_role"."name", "userRoles_role"."description", "userRoles_role"."created_at") as "data" from (select * from "roles" "userRoles_role" where "userRoles_role"."id" = "userRoles"."role_id" limit $1) "userRoles_role") "userRoles_role" on true where "userRoles"."user_id" = $2 -- params: [1, "bd1fdd95-f1fb-4049-a60d-4b7261095e82"]
Query: select "user_id", "department", "specialization", "profile_picture", "contact_number", "date_of_birth", "gender", "address", "employee_id", "created_at", "updated_at" from "teacher_profiles" "teacherProfiles" where "teacherProfiles"."user_id" = $1 limit $2 -- params: ["bd1fdd95-f1fb-4049-a60d-4b7261095e82", 1]
2026-04-24 14:50:25 [34mdebug[39m [JwtStrategy] [JWT-STRAT] User lookup for bd1fdd95-f1fb-4049-a60d-4b7261095e82: found=true
2026-04-24 14:50:25 [34mdebug[39m [JwtAuthGuard] [AUTH-GUARD] Authorization header present: true
2026-04-24 14:50:25 [34mdebug[39m [JwtStrategy] [JWT-STRAT] Validating token for userId: bd1fdd95-f1fb-4049-a60d-4b7261095e82
Query: select "id", "email", "password", "first_name", "middle_name", "last_name", "account_status", "is_email_verified", "last_login_at", "created_at", "updated_at" from "users" "users" where "users"."id" = $1 limit $2 -- params: ["bd1fdd95-f1fb-4049-a60d-4b7261095e82", 1]
Query: select "user_id", "date_of_birth", "profile_picture", "gender", "phone", "address", "family_name", "family_relationship", "family_contact", "grade_level", "lrn", "created_at", "updated_at" from "student_profiles" "studentProfiles" where "studentProfiles"."user_id" = $1 limit $2 -- params: ["bd1fdd95-f1fb-4049-a60d-4b7261095e82", 1]
Query: select "userRoles"."user_id", "userRoles"."role_id", "userRoles"."assigned_at", "userRoles"."assigned_by", "userRoles_role"."data" as "role" from "user_roles" "userRoles" left join lateral (select json_build_array("userRoles_role"."id", "userRoles_role"."name", "userRoles_role"."description", "userRoles_role"."created_at") as "data" from (select * from "roles" "userRoles_role" where "userRoles_role"."id" = "userRoles"."role_id" limit $1) "userRoles_role") "userRoles_role" on true where "userRoles"."user_id" = $2 -- params: [1, "bd1fdd95-f1fb-4049-a60d-4b7261095e82"]
2026-04-24 14:50:25 [34mdebug[39m [JwtAuthGuard] [AUTH-GUARD] Authorization header present: true
2026-04-24 14:50:25 [34mdebug[39m [JwtStrategy] [JWT-STRAT] Validating token for userId: bd1fdd95-f1fb-4049-a60d-4b7261095e82
Query: select "id", "email", "password", "first_name", "middle_name", "last_name", "account_status", "is_email_verified", "last_login_at", "created_at", "updated_at" from "users" "users" where "users"."id" = $1 limit $2 -- params: ["bd1fdd95-f1fb-4049-a60d-4b7261095e82", 1]
Query: select "user_id", "department", "specialization", "profile_picture", "contact_number", "date_of_birth", "gender", "address", "employee_id", "created_at", "updated_at" from "teacher_profiles" "teacherProfiles" where "teacherProfiles"."user_id" = $1 limit $2 -- params: ["bd1fdd95-f1fb-4049-a60d-4b7261095e82", 1]
Query: select "user_id", "date_of_birth", "profile_picture", "gender", "phone", "address", "family_name", "family_relationship", "family_contact", "grade_level", "lrn", "created_at", "updated_at" from "student_profiles" "studentProfiles" where "studentProfiles"."user_id" = $1 limit $2 -- params: ["bd1fdd95-f1fb-4049-a60d-4b7261095e82", 1]
Query: select "userRoles"."user_id", "userRoles"."role_id", "userRoles"."assigned_at", "userRoles"."assigned_by", "userRoles_role"."data" as "role" from "user_roles" "userRoles" left join lateral (select json_build_array("userRoles_role"."id", "userRoles_role"."name", "userRoles_role"."description", "userRoles_role"."created_at") as "data" from (select * from "roles" "userRoles_role" where "userRoles_role"."id" = "userRoles"."role_id" limit $1) "userRoles_role") "userRoles_role" on true where "userRoles"."user_id" = $2 -- params: [1, "bd1fdd95-f1fb-4049-a60d-4b7261095e82"]
2026-04-24 14:50:25 [34mdebug[39m [JwtStrategy] [JWT-STRAT] User lookup for bd1fdd95-f1fb-4049-a60d-4b7261095e82: found=true
2026-04-24 14:50:25 [34mdebug[39m [RolesGuard] [ROLES] Required: ["teacher","admin"] | User roles: ["teacher"] | Path: /api/ai/index/classes/a1482efb-4f1c-4d11-baf1-e4e61a894595/status
Query: select "id", "teacher_id" from "classes" "classes" where "classes"."id" = $1 limit $2 -- params: ["a1482efb-4f1c-4d11-baf1-e4e61a894595", 1]
Query: select "user_id", "department", "specialization", "profile_picture", "contact_number", "date_of_birth", "gender", "address", "employee_id", "created_at", "updated_at" from "teacher_profiles" "teacherProfiles" where "teacherProfiles"."user_id" = $1 limit $2 -- params: ["bd1fdd95-f1fb-4049-a60d-4b7261095e82", 1]
2026-04-24 14:50:25 [34mdebug[39m [JwtStrategy] [JWT-STRAT] User lookup for bd1fdd95-f1fb-4049-a60d-4b7261095e82: found=true
2026-04-24 14:50:25 [34mdebug[39m [JwtAuthGuard] [AUTH-GUARD] Authorization header present: true
2026-04-24 14:50:25 [34mdebug[39m [JwtStrategy] [JWT-STRAT] Validating token for userId: bd1fdd95-f1fb-4049-a60d-4b7261095e82
Query: select "id", "email", "password", "first_name", "middle_name", "last_name", "account_status", "is_email_verified", "last_login_at", "created_at", "updated_at" from "users" "users" where "users"."id" = $1 limit $2 -- params: ["bd1fdd95-f1fb-4049-a60d-4b7261095e82", 1]
Query: select "user_id", "date_of_birth", "profile_picture", "gender", "phone", "address", "family_name", "family_relationship", "family_contact", "grade_level", "lrn", "created_at", "updated_at" from "student_profiles" "studentProfiles" where "studentProfiles"."user_id" = $1 limit $2 -- params: ["bd1fdd95-f1fb-4049-a60d-4b7261095e82", 1]
Query: select "userRoles"."user_id", "userRoles"."role_id", "userRoles"."assigned_at", "userRoles"."assigned_by", "userRoles_role"."data" as "role" from "user_roles" "userRoles" left join lateral (select json_build_array("userRoles_role"."id", "userRoles_role"."name", "userRoles_role"."description", "userRoles_role"."created_at") as "data" from (select * from "roles" "userRoles_role" where "userRoles_role"."id" = "userRoles"."role_id" limit $1) "userRoles_role") "userRoles_role" on true where "userRoles"."user_id" = $2 -- params: [1, "bd1fdd95-f1fb-4049-a60d-4b7261095e82"]
Query: select "user_id", "department", "specialization", "profile_picture", "contact_number", "date_of_birth", "gender", "address", "employee_id", "created_at", "updated_at" from "teacher_profiles" "teacherProfiles" where "teacherProfiles"."user_id" = $1 limit $2 -- params: ["bd1fdd95-f1fb-4049-a60d-4b7261095e82", 1]
2026-04-24 14:50:25 [34mdebug[39m [JwtStrategy] [JWT-STRAT] User lookup for bd1fdd95-f1fb-4049-a60d-4b7261095e82: found=true
2026-04-24 14:50:25 [34mdebug[39m [RolesGuard] [ROLES] Required: ["teacher","admin"] | User roles: ["teacher"] | Path: /api/ai/extractions?classId=a1482efb-4f1c-4d11-baf1-e4e61a894595
Query: select "id", "teacher_id" from "classes" "classes" where "classes"."id" = $1 limit $2 -- params: ["a1482efb-4f1c-4d11-baf1-e4e61a894595", 1]
2026-04-24 14:50:25 [34mdebug[39m [JwtAuthGuard] [AUTH-GUARD] Authorization header present: true
2026-04-24 14:50:25 [34mdebug[39m [JwtStrategy] [JWT-STRAT] Validating token for userId: bd1fdd95-f1fb-4049-a60d-4b7261095e82
Query: select "id", "email", "password", "first_name", "middle_name", "last_name", "account_status", "is_email_verified", "last_login_at", "created_at", "updated_at" from "users" "users" where "users"."id" = $1 limit $2 -- params: ["bd1fdd95-f1fb-4049-a60d-4b7261095e82", 1]
Query: select "user_id", "date_of_birth", "profile_picture", "gender", "phone", "address", "family_name", "family_relationship", "family_contact", "grade_level", "lrn", "created_at", "updated_at" from "student_profiles" "studentProfiles" where "studentProfiles"."user_id" = $1 limit $2 -- params: ["bd1fdd95-f1fb-4049-a60d-4b7261095e82", 1]
Query: select "userRoles"."user_id", "userRoles"."role_id", "userRoles"."assigned_at", "userRoles"."assigned_by", "userRoles_role"."data" as "role" from "user_roles" "userRoles" left join lateral (select json_build_array("userRoles_role"."id", "userRoles_role"."name", "userRoles_role"."description", "userRoles_role"."created_at") as "data" from (select * from "roles" "userRoles_role" where "userRoles_role"."id" = "userRoles"."role_id" limit $1) "userRoles_role") "userRoles_role" on true where "userRoles"."user_id" = $2 -- params: [1, "bd1fdd95-f1fb-4049-a60d-4b7261095e82"]
Query: select "user_id", "department", "specialization", "profile_picture", "contact_number", "date_of_birth", "gender", "address", "employee_id", "created_at", "updated_at" from "teacher_profiles" "teacherProfiles" where "teacherProfiles"."user_id" = $1 limit $2 -- params: ["bd1fdd95-f1fb-4049-a60d-4b7261095e82", 1]
2026-04-24 14:50:25 [34mdebug[39m [JwtStrategy] [JWT-STRAT] User lookup for bd1fdd95-f1fb-4049-a60d-4b7261095e82: found=true
2026-04-24 14:50:25 [34mdebug[39m [JwtAuthGuard] [AUTH-GUARD] Authorization header present: true
2026-04-24 14:50:25 [34mdebug[39m [JwtStrategy] [JWT-STRAT] Validating token for userId: bd1fdd95-f1fb-4049-a60d-4b7261095e82
Query: select "id", "email", "password", "first_name", "middle_name", "last_name", "account_status", "is_email_verified", "last_login_at", "created_at", "updated_at" from "users" "users" where "users"."id" = $1 limit $2 -- params: ["bd1fdd95-f1fb-4049-a60d-4b7261095e82", 1]
Query: select "user_id", "date_of_birth", "profile_picture", "gender", "phone", "address", "family_name", "family_relationship", "family_contact", "grade_level", "lrn", "created_at", "updated_at" from "student_profiles" "studentProfiles" where "studentProfiles"."user_id" = $1 limit $2 -- params: ["bd1fdd95-f1fb-4049-a60d-4b7261095e82", 1]
Query: select "userRoles"."user_id", "userRoles"."role_id", "userRoles"."assigned_at", "userRoles"."assigned_by", "userRoles_role"."data" as "role" from "user_roles" "userRoles" left join lateral (select json_build_array("userRoles_role"."id", "userRoles_role"."name", "userRoles_role"."description", "userRoles_role"."created_at") as "data" from (select * from "roles" "userRoles_role" where "userRoles_role"."id" = "userRoles"."role_id" limit $1) "userRoles_role") "userRoles_role" on true where "userRoles"."user_id" = $2 -- params: [1, "bd1fdd95-f1fb-4049-a60d-4b7261095e82"]
Query: select "user_id", "department", "specialization", "profile_picture", "contact_number", "date_of_birth", "gender", "address", "employee_id", "created_at", "updated_at" from "teacher_profiles" "teacherProfiles" where "teacherProfiles"."user_id" = $1 limit $2 -- params: ["bd1fdd95-f1fb-4049-a60d-4b7261095e82", 1]
2026-04-24 14:50:25 [34mdebug[39m [JwtStrategy] [JWT-STRAT] User lookup for bd1fdd95-f1fb-4049-a60d-4b7261095e82: found=true
2026-04-24 14:50:25 [34mdebug[39m [RolesGuard] [ROLES] Required: ["teacher","admin"] | User roles: ["teacher"] | Path: /api/ai/index/classes/a1482efb-4f1c-4d11-baf1-e4e61a894595/status
Query: select "id", "teacher_id" from "classes" "classes" where "classes"."id" = $1 limit $2 -- params: ["a1482efb-4f1c-4d11-baf1-e4e61a894595", 1]
2026-04-24 14:50:25 [34mdebug[39m [JwtAuthGuard] [AUTH-GUARD] Authorization header present: true
2026-04-24 14:50:25 [34mdebug[39m [JwtStrategy] [JWT-STRAT] Validating token for userId: bd1fdd95-f1fb-4049-a60d-4b7261095e82
Query: select "id", "email", "password", "first_name", "middle_name", "last_name", "account_status", "is_email_verified", "last_login_at", "created_at", "updated_at" from "users" "users" where "users"."id" = $1 limit $2 -- params: ["bd1fdd95-f1fb-4049-a60d-4b7261095e82", 1]
Query: select "user_id", "date_of_birth", "profile_picture", "gender", "phone", "address", "family_name", "family_relationship", "family_contact", "grade_level", "lrn", "created_at", "updated_at" from "student_profiles" "studentProfiles" where "studentProfiles"."user_id" = $1 limit $2 -- params: ["bd1fdd95-f1fb-4049-a60d-4b7261095e82", 1]
Query: select "userRoles"."user_id", "userRoles"."role_id", "userRoles"."assigned_at", "userRoles"."assigned_by", "userRoles_role"."data" as "role" from "user_roles" "userRoles" left join lateral (select json_build_array("userRoles_role"."id", "userRoles_role"."name", "userRoles_role"."description", "userRoles_role"."created_at") as "data" from (select * from "roles" "userRoles_role" where "userRoles_role"."id" = "userRoles"."role_id" limit $1) "userRoles_role") "userRoles_role" on true where "userRoles"."user_id" = $2 -- params: [1, "bd1fdd95-f1fb-4049-a60d-4b7261095e82"]
Query: select "user_id", "department", "specialization", "profile_picture", "contact_number", "date_of_birth", "gender", "address", "employee_id", "created_at", "updated_at" from "teacher_profiles" "teacherProfiles" where "teacherProfiles"."user_id" = $1 limit $2 -- params: ["bd1fdd95-f1fb-4049-a60d-4b7261095e82", 1]
2026-04-24 14:50:25 [34mdebug[39m [JwtStrategy] [JWT-STRAT] User lookup for bd1fdd95-f1fb-4049-a60d-4b7261095e82: found=true
2026-04-24 14:50:25 [34mdebug[39m [JwtAuthGuard] [AUTH-GUARD] Authorization header present: true
2026-04-24 14:50:25 [34mdebug[39m [JwtStrategy] [JWT-STRAT] Validating token for userId: bd1fdd95-f1fb-4049-a60d-4b7261095e82
Query: select "id", "email", "password", "first_name", "middle_name", "last_name", "account_status", "is_email_verified", "last_login_at", "created_at", "updated_at" from "users" "users" where "users"."id" = $1 limit $2 -- params: ["bd1fdd95-f1fb-4049-a60d-4b7261095e82", 1]
Query: select "user_id", "date_of_birth", "profile_picture", "gender", "phone", "address", "family_name", "family_relationship", "family_contact", "grade_level", "lrn", "created_at", "updated_at" from "student_profiles" "studentProfiles" where "studentProfiles"."user_id" = $1 limit $2 -- params: ["bd1fdd95-f1fb-4049-a60d-4b7261095e82", 1]
Query: select "userRoles"."user_id", "userRoles"."role_id", "userRoles"."assigned_at", "userRoles"."assigned_by", "userRoles_role"."data" as "role" from "user_roles" "userRoles" left join lateral (select json_build_array("userRoles_role"."id", "userRoles_role"."name", "userRoles_role"."description", "userRoles_role"."created_at") as "data" from (select * from "roles" "userRoles_role" where "userRoles_role"."id" = "userRoles"."role_id" limit $1) "userRoles_role") "userRoles_role" on true where "userRoles"."user_id" = $2 -- params: [1, "bd1fdd95-f1fb-4049-a60d-4b7261095e82"]
Query: select "user_id", "department", "specialization", "profile_picture", "contact_number", "date_of_birth", "gender", "address", "employee_id", "created_at", "updated_at" from "teacher_profiles" "teacherProfiles" where "teacherProfiles"."user_id" = $1 limit $2 -- params: ["bd1fdd95-f1fb-4049-a60d-4b7261095e82", 1]
2026-04-24 14:50:25 [34mdebug[39m [JwtStrategy] [JWT-STRAT] User lookup for bd1fdd95-f1fb-4049-a60d-4b7261095e82: found=true
2026-04-24 14:50:25 [34mdebug[39m [RolesGuard] [ROLES] Required: ["teacher","admin"] | User roles: ["teacher"] | Path: /api/ai/index/classes/a1482efb-4f1c-4d11-baf1-e4e61a894595/status
Query: select "id", "teacher_id" from "classes" "classes" where "classes"."id" = $1 limit $2 -- params: ["a1482efb-4f1c-4d11-baf1-e4e61a894595", 1]
2026-04-24 14:50:29 [34mdebug[39m [JwtAuthGuard] [AUTH-GUARD] Authorization header present: true
2026-04-24 14:50:29 [34mdebug[39m [JwtStrategy] [JWT-STRAT] Validating token for userId: bd1fdd95-f1fb-4049-a60d-4b7261095e82
Query: select "id", "email", "password", "first_name", "middle_name", "last_name", "account_status", "is_email_verified", "last_login_at", "created_at", "updated_at" from "users" "users" where "users"."id" = $1 limit $2 -- params: ["bd1fdd95-f1fb-4049-a60d-4b7261095e82", 1]
Query: select "user_id", "date_of_birth", "profile_picture", "gender", "phone", "address", "family_name", "family_relationship", "family_contact", "grade_level", "lrn", "created_at", "updated_at" from "student_profiles" "studentProfiles" where "studentProfiles"."user_id" = $1 limit $2 -- params: ["bd1fdd95-f1fb-4049-a60d-4b7261095e82", 1]
Query: select "userRoles"."user_id", "userRoles"."role_id", "userRoles"."assigned_at", "userRoles"."assigned_by", "userRoles_role"."data" as "role" from "user_roles" "userRoles" left join lateral (select json_build_array("userRoles_role"."id", "userRoles_role"."name", "userRoles_role"."description", "userRoles_role"."created_at") as "data" from (select * from "roles" "userRoles_role" where "userRoles_role"."id" = "userRoles"."role_id" limit $1) "userRoles_role") "userRoles_role" on true where "userRoles"."user_id" = $2 -- params: [1, "bd1fdd95-f1fb-4049-a60d-4b7261095e82"]
Query: select "user_id", "department", "specialization", "profile_picture", "contact_number", "date_of_birth", "gender", "address", "employee_id", "created_at", "updated_at" from "teacher_profiles" "teacherProfiles" where "teacherProfiles"."user_id" = $1 limit $2 -- params: ["bd1fdd95-f1fb-4049-a60d-4b7261095e82", 1]
2026-04-24 14:50:29 [34mdebug[39m [JwtStrategy] [JWT-STRAT] User lookup for bd1fdd95-f1fb-4049-a60d-4b7261095e82: found=true
2026-04-24 14:50:29 [34mdebug[39m [JwtAuthGuard] [AUTH-GUARD] Authorization header present: true
2026-04-24 14:50:29 [34mdebug[39m [JwtStrategy] [JWT-STRAT] Validating token for userId: bd1fdd95-f1fb-4049-a60d-4b7261095e82
Query: select "id", "email", "password", "first_name", "middle_name", "last_name", "account_status", "is_email_verified", "last_login_at", "created_at", "updated_at" from "users" "users" where "users"."id" = $1 limit $2 -- params: ["bd1fdd95-f1fb-4049-a60d-4b7261095e82", 1]
Query: select "user_id", "date_of_birth", "profile_picture", "gender", "phone", "address", "family_name", "family_relationship", "family_contact", "grade_level", "lrn", "created_at", "updated_at" from "student_profiles" "studentProfiles" where "studentProfiles"."user_id" = $1 limit $2 -- params: ["bd1fdd95-f1fb-4049-a60d-4b7261095e82", 1]
Query: select "userRoles"."user_id", "userRoles"."role_id", "userRoles"."assigned_at", "userRoles"."assigned_by", "userRoles_role"."data" as "role" from "user_roles" "userRoles" left join lateral (select json_build_array("userRoles_role"."id", "userRoles_role"."name", "userRoles_role"."description", "userRoles_role"."created_at") as "data" from (select * from "roles" "userRoles_role" where "userRoles_role"."id" = "userRoles"."role_id" limit $1) "userRoles_role") "userRoles_role" on true where "userRoles"."user_id" = $2 -- params: [1, "bd1fdd95-f1fb-4049-a60d-4b7261095e82"]
Query: select "user_id", "department", "specialization", "profile_picture", "contact_number", "date_of_birth", "gender", "address", "employee_id", "created_at", "updated_at" from "teacher_profiles" "teacherProfiles" where "teacherProfiles"."user_id" = $1 limit $2 -- params: ["bd1fdd95-f1fb-4049-a60d-4b7261095e82", 1]
2026-04-24 14:50:29 [34mdebug[39m [JwtStrategy] [JWT-STRAT] User lookup for bd1fdd95-f1fb-4049-a60d-4b7261095e82: found=true
2026-04-24 14:50:29 [34mdebug[39m [RolesGuard] [ROLES] Required: ["teacher","student","admin"] | User roles: ["teacher"] | Path: /api/notifications?page=1&limit=12
Query: select "id", "user_id", "type", "reference_id", "title", "body", "is_read", "read_at", "created_at" from "notifications" "notifications" where "notifications"."user_id" = $1 order by "notifications"."created_at" desc limit $2 -- params: ["bd1fdd95-f1fb-4049-a60d-4b7261095e82", 12]
Query: select count(*) from "notifications" where "notifications"."user_id" = $1 -- params: ["bd1fdd95-f1fb-4049-a60d-4b7261095e82"]
2026-04-24 14:50:29 [34mdebug[39m [JwtAuthGuard] [AUTH-GUARD] Authorization header present: true
2026-04-24 14:50:29 [34mdebug[39m [JwtStrategy] [JWT-STRAT] Validating token for userId: bd1fdd95-f1fb-4049-a60d-4b7261095e82
Query: select "id", "email", "password", "first_name", "middle_name", "last_name", "account_status", "is_email_verified", "last_login_at", "created_at", "updated_at" from "users" "users" where "users"."id" = $1 limit $2 -- params: ["bd1fdd95-f1fb-4049-a60d-4b7261095e82", 1]
Query: select "user_id", "date_of_birth", "profile_picture", "gender", "phone", "address", "family_name", "family_relationship", "family_contact", "grade_level", "lrn", "created_at", "updated_at" from "student_profiles" "studentProfiles" where "studentProfiles"."user_id" = $1 limit $2 -- params: ["bd1fdd95-f1fb-4049-a60d-4b7261095e82", 1]
Query: select "userRoles"."user_id", "userRoles"."role_id", "userRoles"."assigned_at", "userRoles"."assigned_by", "userRoles_role"."data" as "role" from "user_roles" "userRoles" left join lateral (select json_build_array("userRoles_role"."id", "userRoles_role"."name", "userRoles_role"."description", "userRoles_role"."created_at") as "data" from (select * from "roles" "userRoles_role" where "userRoles_role"."id" = "userRoles"."role_id" limit $1) "userRoles_role") "userRoles_role" on true where "userRoles"."user_id" = $2 -- params: [1, "bd1fdd95-f1fb-4049-a60d-4b7261095e82"]
Query: select "user_id", "department", "specialization", "profile_picture", "contact_number", "date_of_birth", "gender", "address", "employee_id", "created_at", "updated_at" from "teacher_profiles" "teacherProfiles" where "teacherProfiles"."user_id" = $1 limit $2 -- params: ["bd1fdd95-f1fb-4049-a60d-4b7261095e82", 1]
2026-04-24 14:50:29 [34mdebug[39m [JwtStrategy] [JWT-STRAT] User lookup for bd1fdd95-f1fb-4049-a60d-4b7261095e82: found=true
2026-04-24 14:50:29 [34mdebug[39m [JwtAuthGuard] [AUTH-GUARD] Authorization header present: true
2026-04-24 14:50:29 [34mdebug[39m [JwtStrategy] [JWT-STRAT] Validating token for userId: bd1fdd95-f1fb-4049-a60d-4b7261095e82
Query: select "id", "email", "password", "first_name", "middle_name", "last_name", "account_status", "is_email_verified", "last_login_at", "created_at", "updated_at" from "users" "users" where "users"."id" = $1 limit $2 -- params: ["bd1fdd95-f1fb-4049-a60d-4b7261095e82", 1]
Query: select "user_id", "date_of_birth", "profile_picture", "gender", "phone", "address", "family_name", "family_relationship", "family_contact", "grade_level", "lrn", "created_at", "updated_at" from "student_profiles" "studentProfiles" where "studentProfiles"."user_id" = $1 limit $2 -- params: ["bd1fdd95-f1fb-4049-a60d-4b7261095e82", 1]
Query: select "userRoles"."user_id", "userRoles"."role_id", "userRoles"."assigned_at", "userRoles"."assigned_by", "userRoles_role"."data" as "role" from "user_roles" "userRoles" left join lateral (select json_build_array("userRoles_role"."id", "userRoles_role"."name", "userRoles_role"."description", "userRoles_role"."created_at") as "data" from (select * from "roles" "userRoles_role" where "userRoles_role"."id" = "userRoles"."role_id" limit $1) "userRoles_role") "userRoles_role" on true where "userRoles"."user_id" = $2 -- params: [1, "bd1fdd95-f1fb-4049-a60d-4b7261095e82"]
Query: select "user_id", "department", "specialization", "profile_picture", "contact_number", "date_of_birth", "gender", "address", "employee_id", "created_at", "updated_at" from "teacher_profiles" "teacherProfiles" where "teacherProfiles"."user_id" = $1 limit $2 -- params: ["bd1fdd95-f1fb-4049-a60d-4b7261095e82", 1]
2026-04-24 14:50:29 [34mdebug[39m [JwtStrategy] [JWT-STRAT] User lookup for bd1fdd95-f1fb-4049-a60d-4b7261095e82: found=true
2026-04-24 14:50:29 [34mdebug[39m [RolesGuard] [ROLES] Required: ["teacher","student","admin"] | User roles: ["teacher"] | Path: /api/notifications?page=1&limit=12
Query: select "id", "user_id", "type", "reference_id", "title", "body", "is_read", "read_at", "created_at" from "notifications" "notifications" where "notifications"."user_id" = $1 order by "notifications"."created_at" desc limit $2 -- params: ["bd1fdd95-f1fb-4049-a60d-4b7261095e82", 12]
Query: select count(*) from "notifications" where "notifications"."user_id" = $1 -- params: ["bd1fdd95-f1fb-4049-a60d-4b7261095e82"]
2026-04-24 14:50:31 [34mdebug[39m [JwtAuthGuard] [AUTH-GUARD] Authorization header present: true
2026-04-24 14:50:31 [34mdebug[39m [JwtStrategy] [JWT-STRAT] Validating token for userId: bd1fdd95-f1fb-4049-a60d-4b7261095e82
Query: select "id", "email", "password", "first_name", "middle_name", "last_name", "account_status", "is_email_verified", "last_login_at", "created_at", "updated_at" from "users" "users" where "users"."id" = $1 limit $2 -- params: ["bd1fdd95-f1fb-4049-a60d-4b7261095e82", 1]
Query: select "user_id", "date_of_birth", "profile_picture", "gender", "phone", "address", "family_name", "family_relationship", "family_contact", "grade_level", "lrn", "created_at", "updated_at" from "student_profiles" "studentProfiles" where "studentProfiles"."user_id" = $1 limit $2 -- params: ["bd1fdd95-f1fb-4049-a60d-4b7261095e82", 1]
Query: select "userRoles"."user_id", "userRoles"."role_id", "userRoles"."assigned_at", "userRoles"."assigned_by", "userRoles_role"."data" as "role" from "user_roles" "userRoles" left join lateral (select json_build_array("userRoles_role"."id", "userRoles_role"."name", "userRoles_role"."description", "userRoles_role"."created_at") as "data" from (select * from "roles" "userRoles_role" where "userRoles_role"."id" = "userRoles"."role_id" limit $1) "userRoles_role") "userRoles_role" on true where "userRoles"."user_id" = $2 -- params: [1, "bd1fdd95-f1fb-4049-a60d-4b7261095e82"]
Query: select "user_id", "department", "specialization", "profile_picture", "contact_number", "date_of_birth", "gender", "address", "employee_id", "created_at", "updated_at" from "teacher_profiles" "teacherProfiles" where "teacherProfiles"."user_id" = $1 limit $2 -- params: ["bd1fdd95-f1fb-4049-a60d-4b7261095e82", 1]
2026-04-24 14:50:31 [34mdebug[39m [JwtStrategy] [JWT-STRAT] User lookup for bd1fdd95-f1fb-4049-a60d-4b7261095e82: found=true
2026-04-24 14:50:31 [34mdebug[39m [JwtAuthGuard] [AUTH-GUARD] Authorization header present: true
2026-04-24 14:50:31 [34mdebug[39m [JwtStrategy] [JWT-STRAT] Validating token for userId: bd1fdd95-f1fb-4049-a60d-4b7261095e82
Query: select "id", "email", "password", "first_name", "middle_name", "last_name", "account_status", "is_email_verified", "last_login_at", "created_at", "updated_at" from "users" "users" where "users"."id" = $1 limit $2 -- params: ["bd1fdd95-f1fb-4049-a60d-4b7261095e82", 1]
Query: select "user_id", "date_of_birth", "profile_picture", "gender", "phone", "address", "family_name", "family_relationship", "family_contact", "grade_level", "lrn", "created_at", "updated_at" from "student_profiles" "studentProfiles" where "studentProfiles"."user_id" = $1 limit $2 -- params: ["bd1fdd95-f1fb-4049-a60d-4b7261095e82", 1]
Query: select "userRoles"."user_id", "userRoles"."role_id", "userRoles"."assigned_at", "userRoles"."assigned_by", "userRoles_role"."data" as "role" from "user_roles" "userRoles" left join lateral (select json_build_array("userRoles_role"."id", "userRoles_role"."name", "userRoles_role"."description", "userRoles_role"."created_at") as "data" from (select * from "roles" "userRoles_role" where "userRoles_role"."id" = "userRoles"."role_id" limit $1) "userRoles_role") "userRoles_role" on true where "userRoles"."user_id" = $2 -- params: [1, "bd1fdd95-f1fb-4049-a60d-4b7261095e82"]
Query: select "user_id", "department", "specialization", "profile_picture", "contact_number", "date_of_birth", "gender", "address", "employee_id", "created_at", "updated_at" from "teacher_profiles" "teacherProfiles" where "teacherProfiles"."user_id" = $1 limit $2 -- params: ["bd1fdd95-f1fb-4049-a60d-4b7261095e82", 1]
2026-04-24 14:50:31 [34mdebug[39m [JwtStrategy] [JWT-STRAT] User lookup for bd1fdd95-f1fb-4049-a60d-4b7261095e82: found=true
2026-04-24 14:50:31 [34mdebug[39m [RolesGuard] [ROLES] Required: ["admin","teacher"] | User roles: ["teacher"] | Path: /api/classes/teacher/bd1fdd95-f1fb-4049-a60d-4b7261095e82?status=active
Query: select "classes"."id", "classes"."subject_name", "classes"."subject_code", "classes"."subject_grade_level", "classes"."section_id", "classes"."teacher_id", "classes"."room", "classes"."card_preset", "classes"."card_banner_url", "classes"."school_year", "classes"."is_active", "classes"."created_at", "classes"."updated_at", "classes_section"."data" as "section", "classes_schedules"."data" as "schedules", "classes_enrollments"."data" as "enrollments" from "classes" "classes" left join lateral (select json_build_array("classes_section"."id", "classes_section"."name", "classes_section"."grade_level", "classes_section"."school_year", "classes_section"."capacity", "classes_section"."room_number", "classes_section"."card_banner_url", "classes_section"."adviser_id", "classes_section"."is_active", "classes_section"."created_at", "classes_section"."updated_at") as "data" from (select * from "sections" "classes_section" where "classes_section"."id" = "classes"."section_id" limit $1) "classes_section") "classes_section" on true left join lateral (select coalesce(json_agg(json_build_array("classes_schedules"."id", "classes_schedules"."class_id", "classes_schedules"."days", "classes_schedules"."start_time", "classes_schedules"."end_time", "classes_schedules"."created_at", "classes_schedules"."updated_at")), '[]'::json) as "data" from "class_schedules" "classes_schedules" where "classes_schedules"."class_id" = "classes"."id") "classes_schedules" on true left join lateral (select coalesce(json_agg(json_build_array("classes_enrollments"."id")), '[]'::json) as "data" from "enrollments" "classes_enrollments" where "classes_enrollments"."class_id" = "classes"."id") "classes_enrollments" on true where "classes"."teacher_id" = $2 order by "classes"."created_at" asc -- params: [1, "bd1fdd95-f1fb-4049-a60d-4b7261095e82"]
Query: select "class_id" from "class_visibility_preferences" "classVisibilityPreferences" where ("classVisibilityPreferences"."user_id" = $1 and "classVisibilityPreferences"."class_id" in ($2, $3, $4, $5) and "classVisibilityPreferences"."is_hidden" = $6) -- params: ["bd1fdd95-f1fb-4049-a60d-4b7261095e82", "f71bebea-e122-4cd4-9d01-10d543ff1bf1", "c8939737-f7c6-4609-97be-e5e8bbaa0edc", "b154d6f7-ec2e-46b1-b6e3-e790039cb14d", "a1482efb-4f1c-4d11-baf1-e4e61a894595", true]
2026-04-24 14:50:31 [34mdebug[39m [JwtAuthGuard] [AUTH-GUARD] Authorization header present: true
2026-04-24 14:50:31 [34mdebug[39m [JwtStrategy] [JWT-STRAT] Validating token for userId: bd1fdd95-f1fb-4049-a60d-4b7261095e82
Query: select "id", "email", "password", "first_name", "middle_name", "last_name", "account_status", "is_email_verified", "last_login_at", "created_at", "updated_at" from "users" "users" where "users"."id" = $1 limit $2 -- params: ["bd1fdd95-f1fb-4049-a60d-4b7261095e82", 1]
Query: select "user_id", "date_of_birth", "profile_picture", "gender", "phone", "address", "family_name", "family_relationship", "family_contact", "grade_level", "lrn", "created_at", "updated_at" from "student_profiles" "studentProfiles" where "studentProfiles"."user_id" = $1 limit $2 -- params: ["bd1fdd95-f1fb-4049-a60d-4b7261095e82", 1]
Query: select "userRoles"."user_id", "userRoles"."role_id", "userRoles"."assigned_at", "userRoles"."assigned_by", "userRoles_role"."data" as "role" from "user_roles" "userRoles" left join lateral (select json_build_array("userRoles_role"."id", "userRoles_role"."name", "userRoles_role"."description", "userRoles_role"."created_at") as "data" from (select * from "roles" "userRoles_role" where "userRoles_role"."id" = "userRoles"."role_id" limit $1) "userRoles_role") "userRoles_role" on true where "userRoles"."user_id" = $2 -- params: [1, "bd1fdd95-f1fb-4049-a60d-4b7261095e82"]
Query: select "user_id", "department", "specialization", "profile_picture", "contact_number", "date_of_birth", "gender", "address", "employee_id", "created_at", "updated_at" from "teacher_profiles" "teacherProfiles" where "teacherProfiles"."user_id" = $1 limit $2 -- params: ["bd1fdd95-f1fb-4049-a60d-4b7261095e82", 1]
2026-04-24 14:50:31 [34mdebug[39m [JwtStrategy] [JWT-STRAT] User lookup for bd1fdd95-f1fb-4049-a60d-4b7261095e82: found=true
2026-04-24 14:50:31 [34mdebug[39m [JwtAuthGuard] [AUTH-GUARD] Authorization header present: true
2026-04-24 14:50:31 [34mdebug[39m [JwtStrategy] [JWT-STRAT] Validating token for userId: bd1fdd95-f1fb-4049-a60d-4b7261095e82
Query: select "id", "email", "password", "first_name", "middle_name", "last_name", "account_status", "is_email_verified", "last_login_at", "created_at", "updated_at" from "users" "users" where "users"."id" = $1 limit $2 -- params: ["bd1fdd95-f1fb-4049-a60d-4b7261095e82", 1]
Query: select "user_id", "date_of_birth", "profile_picture", "gender", "phone", "address", "family_name", "family_relationship", "family_contact", "grade_level", "lrn", "created_at", "updated_at" from "student_profiles" "studentProfiles" where "studentProfiles"."user_id" = $1 limit $2 -- params: ["bd1fdd95-f1fb-4049-a60d-4b7261095e82", 1]
Query: select "userRoles"."user_id", "userRoles"."role_id", "userRoles"."assigned_at", "userRoles"."assigned_by", "userRoles_role"."data" as "role" from "user_roles" "userRoles" left join lateral (select json_build_array("userRoles_role"."id", "userRoles_role"."name", "userRoles_role"."description", "userRoles_role"."created_at") as "data" from (select * from "roles" "userRoles_role" where "userRoles_role"."id" = "userRoles"."role_id" limit $1) "userRoles_role") "userRoles_role" on true where "userRoles"."user_id" = $2 -- params: [1, "bd1fdd95-f1fb-4049-a60d-4b7261095e82"]
Query: select "user_id", "department", "specialization", "profile_picture", "contact_number", "date_of_birth", "gender", "address", "employee_id", "created_at", "updated_at" from "teacher_profiles" "teacherProfiles" where "teacherProfiles"."user_id" = $1 limit $2 -- params: ["bd1fdd95-f1fb-4049-a60d-4b7261095e82", 1]
2026-04-24 14:50:31 [34mdebug[39m [JwtStrategy] [JWT-STRAT] User lookup for bd1fdd95-f1fb-4049-a60d-4b7261095e82: found=true
2026-04-24 14:50:31 [34mdebug[39m [RolesGuard] [ROLES] Required: ["admin","teacher"] | User roles: ["teacher"] | Path: /api/classes/teacher/bd1fdd95-f1fb-4049-a60d-4b7261095e82?status=active
Query: select "classes"."id", "classes"."subject_name", "classes"."subject_code", "classes"."subject_grade_level", "classes"."section_id", "classes"."teacher_id", "classes"."room", "classes"."card_preset", "classes"."card_banner_url", "classes"."school_year", "classes"."is_active", "classes"."created_at", "classes"."updated_at", "classes_section"."data" as "section", "classes_schedules"."data" as "schedules", "classes_enrollments"."data" as "enrollments" from "classes" "classes" left join lateral (select json_build_array("classes_section"."id", "classes_section"."name", "classes_section"."grade_level", "classes_section"."school_year", "classes_section"."capacity", "classes_section"."room_number", "classes_section"."card_banner_url", "classes_section"."adviser_id", "classes_section"."is_active", "classes_section"."created_at", "classes_section"."updated_at") as "data" from (select * from "sections" "classes_section" where "classes_section"."id" = "classes"."section_id" limit $1) "classes_section") "classes_section" on true left join lateral (select coalesce(json_agg(json_build_array("classes_schedules"."id", "classes_schedules"."class_id", "classes_schedules"."days", "classes_schedules"."start_time", "classes_schedules"."end_time", "classes_schedules"."created_at", "classes_schedules"."updated_at")), '[]'::json) as "data" from "class_schedules" "classes_schedules" where "classes_schedules"."class_id" = "classes"."id") "classes_schedules" on true left join lateral (select coalesce(json_agg(json_build_array("classes_enrollments"."id")), '[]'::json) as "data" from "enrollments" "classes_enrollments" where "classes_enrollments"."class_id" = "classes"."id") "classes_enrollments" on true where "classes"."teacher_id" = $2 order by "classes"."created_at" asc -- params: [1, "bd1fdd95-f1fb-4049-a60d-4b7261095e82"]
Query: select "class_id" from "class_visibility_preferences" "classVisibilityPreferences" where ("classVisibilityPreferences"."user_id" = $1 and "classVisibilityPreferences"."class_id" in ($2, $3, $4, $5) and "classVisibilityPreferences"."is_hidden" = $6) -- params: ["bd1fdd95-f1fb-4049-a60d-4b7261095e82", "f71bebea-e122-4cd4-9d01-10d543ff1bf1", "c8939737-f7c6-4609-97be-e5e8bbaa0edc", "b154d6f7-ec2e-46b1-b6e3-e790039cb14d", "a1482efb-4f1c-4d11-baf1-e4e61a894595", true]
2026-04-24 14:50:31 [34mdebug[39m [JwtAuthGuard] [AUTH-GUARD] Authorization header present: true
2026-04-24 14:50:31 [34mdebug[39m [JwtStrategy] [JWT-STRAT] Validating token for userId: bd1fdd95-f1fb-4049-a60d-4b7261095e82
Query: select "id", "email", "password", "first_name", "middle_name", "last_name", "account_status", "is_email_verified", "last_login_at", "created_at", "updated_at" from "users" "users" where "users"."id" = $1 limit $2 -- params: ["bd1fdd95-f1fb-4049-a60d-4b7261095e82", 1]
Query: select "user_id", "date_of_birth", "profile_picture", "gender", "phone", "address", "family_name", "family_relationship", "family_contact", "grade_level", "lrn", "created_at", "updated_at" from "student_profiles" "studentProfiles" where "studentProfiles"."user_id" = $1 limit $2 -- params: ["bd1fdd95-f1fb-4049-a60d-4b7261095e82", 1]
Query: select "userRoles"."user_id", "userRoles"."role_id", "userRoles"."assigned_at", "userRoles"."assigned_by", "userRoles_role"."data" as "role" from "user_roles" "userRoles" left join lateral (select json_build_array("userRoles_role"."id", "userRoles_role"."name", "userRoles_role"."description", "userRoles_role"."created_at") as "data" from (select * from "roles" "userRoles_role" where "userRoles_role"."id" = "userRoles"."role_id" limit $1) "userRoles_role") "userRoles_role" on true where "userRoles"."user_id" = $2 -- params: [1, "bd1fdd95-f1fb-4049-a60d-4b7261095e82"]
Query: select "user_id", "department", "specialization", "profile_picture", "contact_number", "date_of_birth", "gender", "address", "employee_id", "created_at", "updated_at" from "teacher_profiles" "teacherProfiles" where "teacherProfiles"."user_id" = $1 limit $2 -- params: ["bd1fdd95-f1fb-4049-a60d-4b7261095e82", 1]
2026-04-24 14:50:32 [34mdebug[39m [JwtStrategy] [JWT-STRAT] User lookup for bd1fdd95-f1fb-4049-a60d-4b7261095e82: found=true
2026-04-24 14:50:32 [34mdebug[39m [JwtAuthGuard] [AUTH-GUARD] Authorization header present: true
2026-04-24 14:50:32 [34mdebug[39m [JwtStrategy] [JWT-STRAT] Validating token for userId: bd1fdd95-f1fb-4049-a60d-4b7261095e82
Query: select "id", "email", "password", "first_name", "middle_name", "last_name", "account_status", "is_email_verified", "last_login_at", "created_at", "updated_at" from "users" "users" where "users"."id" = $1 limit $2 -- params: ["bd1fdd95-f1fb-4049-a60d-4b7261095e82", 1]
2026-04-24 14:50:32 [34mdebug[39m [JwtAuthGuard] [AUTH-GUARD] Authorization header present: true
2026-04-24 14:50:32 [34mdebug[39m [JwtStrategy] [JWT-STRAT] Validating token for userId: bd1fdd95-f1fb-4049-a60d-4b7261095e82
Query: select "id", "email", "password", "first_name", "middle_name", "last_name", "account_status", "is_email_verified", "last_login_at", "created_at", "updated_at" from "users" "users" where "users"."id" = $1 limit $2 -- params: ["bd1fdd95-f1fb-4049-a60d-4b7261095e82", 1]
2026-04-24 14:50:32 [34mdebug[39m [JwtAuthGuard] [AUTH-GUARD] Authorization header present: true
2026-04-24 14:50:32 [34mdebug[39m [JwtStrategy] [JWT-STRAT] Validating token for userId: bd1fdd95-f1fb-4049-a60d-4b7261095e82
Query: select "id", "email", "password", "first_name", "middle_name", "last_name", "account_status", "is_email_verified", "last_login_at", "created_at", "updated_at" from "users" "users" where "users"."id" = $1 limit $2 -- params: ["bd1fdd95-f1fb-4049-a60d-4b7261095e82", 1]
2026-04-24 14:50:32 [34mdebug[39m [JwtAuthGuard] [AUTH-GUARD] Authorization header present: true
2026-04-24 14:50:32 [34mdebug[39m [JwtStrategy] [JWT-STRAT] Validating token for userId: bd1fdd95-f1fb-4049-a60d-4b7261095e82
Query: select "id", "email", "password", "first_name", "middle_name", "last_name", "account_status", "is_email_verified", "last_login_at", "created_at", "updated_at" from "users" "users" where "users"."id" = $1 limit $2 -- params: ["bd1fdd95-f1fb-4049-a60d-4b7261095e82", 1]
2026-04-24 14:50:32 [34mdebug[39m [JwtAuthGuard] [AUTH-GUARD] Authorization header present: true
2026-04-24 14:50:32 [34mdebug[39m [JwtStrategy] [JWT-STRAT] Validating token for userId: bd1fdd95-f1fb-4049-a60d-4b7261095e82
Query: select "id", "email", "password", "first_name", "middle_name", "last_name", "account_status", "is_email_verified", "last_login_at", "created_at", "updated_at" from "users" "users" where "users"."id" = $1 limit $2 -- params: ["bd1fdd95-f1fb-4049-a60d-4b7261095e82", 1]
Query: select "user_id", "date_of_birth", "profile_picture", "gender", "phone", "address", "family_name", "family_relationship", "family_contact", "grade_level", "lrn", "created_at", "updated_at" from "student_profiles" "studentProfiles" where "studentProfiles"."user_id" = $1 limit $2 -- params: ["bd1fdd95-f1fb-4049-a60d-4b7261095e82", 1]
Query: select "userRoles"."user_id", "userRoles"."role_id", "userRoles"."assigned_at", "userRoles"."assigned_by", "userRoles_role"."data" as "role" from "user_roles" "userRoles" left join lateral (select json_build_array("userRoles_role"."id", "userRoles_role"."name", "userRoles_role"."description", "userRoles_role"."created_at") as "data" from (select * from "roles" "userRoles_role" where "userRoles_role"."id" = "userRoles"."role_id" limit $1) "userRoles_role") "userRoles_role" on true where "userRoles"."user_id" = $2 -- params: [1, "bd1fdd95-f1fb-4049-a60d-4b7261095e82"]
2026-04-24 14:50:32 [34mdebug[39m [JwtAuthGuard] [AUTH-GUARD] Authorization header present: true
2026-04-24 14:50:32 [34mdebug[39m [JwtStrategy] [JWT-STRAT] Validating token for userId: bd1fdd95-f1fb-4049-a60d-4b7261095e82
Query: select "id", "email", "password", "first_name", "middle_name", "last_name", "account_status", "is_email_verified", "last_login_at", "created_at", "updated_at" from "users" "users" where "users"."id" = $1 limit $2 -- params: ["bd1fdd95-f1fb-4049-a60d-4b7261095e82", 1]
Query: select "user_id", "date_of_birth", "profile_picture", "gender", "phone", "address", "family_name", "family_relationship", "family_contact", "grade_level", "lrn", "created_at", "updated_at" from "student_profiles" "studentProfiles" where "studentProfiles"."user_id" = $1 limit $2 -- params: ["bd1fdd95-f1fb-4049-a60d-4b7261095e82", 1]
Query: select "userRoles"."user_id", "userRoles"."role_id", "userRoles"."assigned_at", "userRoles"."assigned_by", "userRoles_role"."data" as "role" from "user_roles" "userRoles" left join lateral (select json_build_array("userRoles_role"."id", "userRoles_role"."name", "userRoles_role"."description", "userRoles_role"."created_at") as "data" from (select * from "roles" "userRoles_role" where "userRoles_role"."id" = "userRoles"."role_id" limit $1) "userRoles_role") "userRoles_role" on true where "userRoles"."user_id" = $2 -- params: [1, "bd1fdd95-f1fb-4049-a60d-4b7261095e82"]
Query: select "user_id", "date_of_birth", "profile_picture", "gender", "phone", "address", "family_name", "family_relationship", "family_contact", "grade_level", "lrn", "created_at", "updated_at" from "student_profiles" "studentProfiles" where "studentProfiles"."user_id" = $1 limit $2 -- params: ["bd1fdd95-f1fb-4049-a60d-4b7261095e82", 1]
Query: select "userRoles"."user_id", "userRoles"."role_id", "userRoles"."assigned_at", "userRoles"."assigned_by", "userRoles_role"."data" as "role" from "user_roles" "userRoles" left join lateral (select json_build_array("userRoles_role"."id", "userRoles_role"."name", "userRoles_role"."description", "userRoles_role"."created_at") as "data" from (select * from "roles" "userRoles_role" where "userRoles_role"."id" = "userRoles"."role_id" limit $1) "userRoles_role") "userRoles_role" on true where "userRoles"."user_id" = $2 -- params: [1, "bd1fdd95-f1fb-4049-a60d-4b7261095e82"]
Query: select "user_id", "date_of_birth", "profile_picture", "gender", "phone", "address", "family_name", "family_relationship", "family_contact", "grade_level", "lrn", "created_at", "updated_at" from "student_profiles" "studentProfiles" where "studentProfiles"."user_id" = $1 limit $2 -- params: ["bd1fdd95-f1fb-4049-a60d-4b7261095e82", 1]
Query: select "userRoles"."user_id", "userRoles"."role_id", "userRoles"."assigned_at", "userRoles"."assigned_by", "userRoles_role"."data" as "role" from "user_roles" "userRoles" left join lateral (select json_build_array("userRoles_role"."id", "userRoles_role"."name", "userRoles_role"."description", "userRoles_role"."created_at") as "data" from (select * from "roles" "userRoles_role" where "userRoles_role"."id" = "userRoles"."role_id" limit $1) "userRoles_role") "userRoles_role" on true where "userRoles"."user_id" = $2 -- params: [1, "bd1fdd95-f1fb-4049-a60d-4b7261095e82"]
Query: select "user_id", "date_of_birth", "profile_picture", "gender", "phone", "address", "family_name", "family_relationship", "family_contact", "grade_level", "lrn", "created_at", "updated_at" from "student_profiles" "studentProfiles" where "studentProfiles"."user_id" = $1 limit $2 -- params: ["bd1fdd95-f1fb-4049-a60d-4b7261095e82", 1]
Query: select "userRoles"."user_id", "userRoles"."role_id", "userRoles"."assigned_at", "userRoles"."assigned_by", "userRoles_role"."data" as "role" from "user_roles" "userRoles" left join lateral (select json_build_array("userRoles_role"."id", "userRoles_role"."name", "userRoles_role"."description", "userRoles_role"."created_at") as "data" from (select * from "roles" "userRoles_role" where "userRoles_role"."id" = "userRoles"."role_id" limit $1) "userRoles_role") "userRoles_role" on true where "userRoles"."user_id" = $2 -- params: [1, "bd1fdd95-f1fb-4049-a60d-4b7261095e82"]
Query: select "user_id", "date_of_birth", "profile_picture", "gender", "phone", "address", "family_name", "family_relationship", "family_contact", "grade_level", "lrn", "created_at", "updated_at" from "student_profiles" "studentProfiles" where "studentProfiles"."user_id" = $1 limit $2 -- params: ["bd1fdd95-f1fb-4049-a60d-4b7261095e82", 1]
Query: select "userRoles"."user_id", "userRoles"."role_id", "userRoles"."assigned_at", "userRoles"."assigned_by", "userRoles_role"."data" as "role" from "user_roles" "userRoles" left join lateral (select json_build_array("userRoles_role"."id", "userRoles_role"."name", "userRoles_role"."description", "userRoles_role"."created_at") as "data" from (select * from "roles" "userRoles_role" where "userRoles_role"."id" = "userRoles"."role_id" limit $1) "userRoles_role") "userRoles_role" on true where "userRoles"."user_id" = $2 -- params: [1, "bd1fdd95-f1fb-4049-a60d-4b7261095e82"]
Query: select "user_id", "department", "specialization", "profile_picture", "contact_number", "date_of_birth", "gender", "address", "employee_id", "created_at", "updated_at" from "teacher_profiles" "teacherProfiles" where "teacherProfiles"."user_id" = $1 limit $2 -- params: ["bd1fdd95-f1fb-4049-a60d-4b7261095e82", 1]
2026-04-24 14:50:32 [34mdebug[39m [JwtStrategy] [JWT-STRAT] User lookup for bd1fdd95-f1fb-4049-a60d-4b7261095e82: found=true
2026-04-24 14:50:32 [34mdebug[39m [JwtAuthGuard] [AUTH-GUARD] Authorization header present: true
2026-04-24 14:50:32 [34mdebug[39m [JwtStrategy] [JWT-STRAT] Validating token for userId: bd1fdd95-f1fb-4049-a60d-4b7261095e82
Query: select "id", "email", "password", "first_name", "middle_name", "last_name", "account_status", "is_email_verified", "last_login_at", "created_at", "updated_at" from "users" "users" where "users"."id" = $1 limit $2 -- params: ["bd1fdd95-f1fb-4049-a60d-4b7261095e82", 1]
Query: select "user_id", "date_of_birth", "profile_picture", "gender", "phone", "address", "family_name", "family_relationship", "family_contact", "grade_level", "lrn", "created_at", "updated_at" from "student_profiles" "studentProfiles" where "studentProfiles"."user_id" = $1 limit $2 -- params: ["bd1fdd95-f1fb-4049-a60d-4b7261095e82", 1]
Query: select "userRoles"."user_id", "userRoles"."role_id", "userRoles"."assigned_at", "userRoles"."assigned_by", "userRoles_role"."data" as "role" from "user_roles" "userRoles" left join lateral (select json_build_array("userRoles_role"."id", "userRoles_role"."name", "userRoles_role"."description", "userRoles_role"."created_at") as "data" from (select * from "roles" "userRoles_role" where "userRoles_role"."id" = "userRoles"."role_id" limit $1) "userRoles_role") "userRoles_role" on true where "userRoles"."user_id" = $2 -- params: [1, "bd1fdd95-f1fb-4049-a60d-4b7261095e82"]
Query: select "user_id", "department", "specialization", "profile_picture", "contact_number", "date_of_birth", "gender", "address", "employee_id", "created_at", "updated_at" from "teacher_profiles" "teacherProfiles" where "teacherProfiles"."user_id" = $1 limit $2 -- params: ["bd1fdd95-f1fb-4049-a60d-4b7261095e82", 1]
2026-04-24 14:50:32 [34mdebug[39m [JwtStrategy] [JWT-STRAT] User lookup for bd1fdd95-f1fb-4049-a60d-4b7261095e82: found=true
2026-04-24 14:50:32 [34mdebug[39m [RolesGuard] [ROLES] Required: ["admin","teacher","student"] | User roles: ["teacher"] | Path: /api/lessons/class/a1482efb-4f1c-4d11-baf1-e4e61a894595
Query: select "lessons"."id", "lessons"."title", "lessons"."description", "lessons"."class_id", "lessons"."order", "lessons"."is_draft", "lessons"."source_extraction_id", "lessons"."is_core_template_asset", "lessons"."template_id", "lessons"."template_source_id", "lessons"."created_at", "lessons"."updated_at", "lessons_contentBlocks"."data" as "contentBlocks" from "lessons" "lessons" left join lateral (select coalesce(json_agg(json_build_array("lessons_contentBlocks"."id", "lessons_contentBlocks"."lesson_id", "lessons_contentBlocks"."type", "lessons_contentBlocks"."order", "lessons_contentBlocks"."content", "lessons_contentBlocks"."metadata", "lessons_contentBlocks"."created_at", "lessons_contentBlocks"."updated_at") order by "lessons_contentBlocks"."order" asc), '[]'::json) as "data" from (select * from "lesson_content_blocks" "lessons_contentBlocks" where "lessons_contentBlocks"."lesson_id" = "lessons"."id" order by "lessons_contentBlocks"."order" asc) "lessons_contentBlocks") "lessons_contentBlocks" on true where "lessons"."class_id" = $1 order by "lessons"."order" asc -- params: ["a1482efb-4f1c-4d11-baf1-e4e61a894595"]
Query: select count(*) from "lessons" where "lessons"."class_id" = $1 -- params: ["a1482efb-4f1c-4d11-baf1-e4e61a894595"]
2026-04-24 14:50:32 [34mdebug[39m [DatabaseService] New database connection established
2026-04-24 14:50:32 [34mdebug[39m [DatabaseService] New database connection established
2026-04-24 14:50:32 [34mdebug[39m [JwtAuthGuard] [AUTH-GUARD] Authorization header present: true
2026-04-24 14:50:32 [34mdebug[39m [JwtStrategy] [JWT-STRAT] Validating token for userId: bd1fdd95-f1fb-4049-a60d-4b7261095e82
Query: select "id", "email", "password", "first_name", "middle_name", "last_name", "account_status", "is_email_verified", "last_login_at", "created_at", "updated_at" from "users" "users" where "users"."id" = $1 limit $2 -- params: ["bd1fdd95-f1fb-4049-a60d-4b7261095e82", 1]
Query: select "user_id", "department", "specialization", "profile_picture", "contact_number", "date_of_birth", "gender", "address", "employee_id", "created_at", "updated_at" from "teacher_profiles" "teacherProfiles" where "teacherProfiles"."user_id" = $1 limit $2 -- params: ["bd1fdd95-f1fb-4049-a60d-4b7261095e82", 1]
Query: select "user_id", "department", "specialization", "profile_picture", "contact_number", "date_of_birth", "gender", "address", "employee_id", "created_at", "updated_at" from "teacher_profiles" "teacherProfiles" where "teacherProfiles"."user_id" = $1 limit $2 -- params: ["bd1fdd95-f1fb-4049-a60d-4b7261095e82", 1]
Query: select "user_id", "date_of_birth", "profile_picture", "gender", "phone", "address", "family_name", "family_relationship", "family_contact", "grade_level", "lrn", "created_at", "updated_at" from "student_profiles" "studentProfiles" where "studentProfiles"."user_id" = $1 limit $2 -- params: ["bd1fdd95-f1fb-4049-a60d-4b7261095e82", 1]
Query: select "userRoles"."user_id", "userRoles"."role_id", "userRoles"."assigned_at", "userRoles"."assigned_by", "userRoles_role"."data" as "role" from "user_roles" "userRoles" left join lateral (select json_build_array("userRoles_role"."id", "userRoles_role"."name", "userRoles_role"."description", "userRoles_role"."created_at") as "data" from (select * from "roles" "userRoles_role" where "userRoles_role"."id" = "userRoles"."role_id" limit $1) "userRoles_role") "userRoles_role" on true where "userRoles"."user_id" = $2 -- params: [1, "bd1fdd95-f1fb-4049-a60d-4b7261095e82"]
2026-04-24 14:50:32 [34mdebug[39m [JwtStrategy] [JWT-STRAT] User lookup for bd1fdd95-f1fb-4049-a60d-4b7261095e82: found=true
2026-04-24 14:50:32 [34mdebug[39m [RolesGuard] [ROLES] Required: ["admin","teacher","student"] | User roles: ["teacher"] | Path: /api/lessons/class/c8939737-f7c6-4609-97be-e5e8bbaa0edc
Query: select "lessons"."id", "lessons"."title", "lessons"."description", "lessons"."class_id", "lessons"."order", "lessons"."is_draft", "lessons"."source_extraction_id", "lessons"."is_core_template_asset", "lessons"."template_id", "lessons"."template_source_id", "lessons"."created_at", "lessons"."updated_at", "lessons_contentBlocks"."data" as "contentBlocks" from "lessons" "lessons" left join lateral (select coalesce(json_agg(json_build_array("lessons_contentBlocks"."id", "lessons_contentBlocks"."lesson_id", "lessons_contentBlocks"."type", "lessons_contentBlocks"."order", "lessons_contentBlocks"."content", "lessons_contentBlocks"."metadata", "lessons_contentBlocks"."created_at", "lessons_contentBlocks"."updated_at") order by "lessons_contentBlocks"."order" asc), '[]'::json) as "data" from (select * from "lesson_content_blocks" "lessons_contentBlocks" where "lessons_contentBlocks"."lesson_id" = "lessons"."id" order by "lessons_contentBlocks"."order" asc) "lessons_contentBlocks") "lessons_contentBlocks" on true where "lessons"."class_id" = $1 order by "lessons"."order" asc -- params: ["c8939737-f7c6-4609-97be-e5e8bbaa0edc"]
Query: select count(*) from "lessons" where "lessons"."class_id" = $1 -- params: ["c8939737-f7c6-4609-97be-e5e8bbaa0edc"]
2026-04-24 14:50:32 [34mdebug[39m [JwtStrategy] [JWT-STRAT] User lookup for bd1fdd95-f1fb-4049-a60d-4b7261095e82: found=true
2026-04-24 14:50:32 [34mdebug[39m [JwtAuthGuard] [AUTH-GUARD] Authorization header present: true
2026-04-24 14:50:32 [34mdebug[39m [JwtStrategy] [JWT-STRAT] Validating token for userId: bd1fdd95-f1fb-4049-a60d-4b7261095e82
Query: select "id", "email", "password", "first_name", "middle_name", "last_name", "account_status", "is_email_verified", "last_login_at", "created_at", "updated_at" from "users" "users" where "users"."id" = $1 limit $2 -- params: ["bd1fdd95-f1fb-4049-a60d-4b7261095e82", 1]
Query: select "user_id", "department", "specialization", "profile_picture", "contact_number", "date_of_birth", "gender", "address", "employee_id", "created_at", "updated_at" from "teacher_profiles" "teacherProfiles" where "teacherProfiles"."user_id" = $1 limit $2 -- params: ["bd1fdd95-f1fb-4049-a60d-4b7261095e82", 1]
2026-04-24 14:50:32 [34mdebug[39m [JwtStrategy] [JWT-STRAT] User lookup for bd1fdd95-f1fb-4049-a60d-4b7261095e82: found=true
2026-04-24 14:50:32 [34mdebug[39m [JwtAuthGuard] [AUTH-GUARD] Authorization header present: true
2026-04-24 14:50:32 [34mdebug[39m [JwtStrategy] [JWT-STRAT] Validating token for userId: bd1fdd95-f1fb-4049-a60d-4b7261095e82
Query: select "id", "email", "password", "first_name", "middle_name", "last_name", "account_status", "is_email_verified", "last_login_at", "created_at", "updated_at" from "users" "users" where "users"."id" = $1 limit $2 -- params: ["bd1fdd95-f1fb-4049-a60d-4b7261095e82", 1]
Query: select "user_id", "date_of_birth", "profile_picture", "gender", "phone", "address", "family_name", "family_relationship", "family_contact", "grade_level", "lrn", "created_at", "updated_at" from "student_profiles" "studentProfiles" where "studentProfiles"."user_id" = $1 limit $2 -- params: ["bd1fdd95-f1fb-4049-a60d-4b7261095e82", 1]
Query: select "userRoles"."user_id", "userRoles"."role_id", "userRoles"."assigned_at", "userRoles"."assigned_by", "userRoles_role"."data" as "role" from "user_roles" "userRoles" left join lateral (select json_build_array("userRoles_role"."id", "userRoles_role"."name", "userRoles_role"."description", "userRoles_role"."created_at") as "data" from (select * from "roles" "userRoles_role" where "userRoles_role"."id" = "userRoles"."role_id" limit $1) "userRoles_role") "userRoles_role" on true where "userRoles"."user_id" = $2 -- params: [1, "bd1fdd95-f1fb-4049-a60d-4b7261095e82"]
Query: select "user_id", "date_of_birth", "profile_picture", "gender", "phone", "address", "family_name", "family_relationship", "family_contact", "grade_level", "lrn", "created_at", "updated_at" from "student_profiles" "studentProfiles" where "studentProfiles"."user_id" = $1 limit $2 -- params: ["bd1fdd95-f1fb-4049-a60d-4b7261095e82", 1]
Query: select "userRoles"."user_id", "userRoles"."role_id", "userRoles"."assigned_at", "userRoles"."assigned_by", "userRoles_role"."data" as "role" from "user_roles" "userRoles" left join lateral (select json_build_array("userRoles_role"."id", "userRoles_role"."name", "userRoles_role"."description", "userRoles_role"."created_at") as "data" from (select * from "roles" "userRoles_role" where "userRoles_role"."id" = "userRoles"."role_id" limit $1) "userRoles_role") "userRoles_role" on true where "userRoles"."user_id" = $2 -- params: [1, "bd1fdd95-f1fb-4049-a60d-4b7261095e82"]
2026-04-24 14:50:32 [34mdebug[39m [JwtAuthGuard] [AUTH-GUARD] Authorization header present: true
2026-04-24 14:50:32 [34mdebug[39m [JwtStrategy] [JWT-STRAT] Validating token for userId: bd1fdd95-f1fb-4049-a60d-4b7261095e82
Query: select "id", "email", "password", "first_name", "middle_name", "last_name", "account_status", "is_email_verified", "last_login_at", "created_at", "updated_at" from "users" "users" where "users"."id" = $1 limit $2 -- params: ["bd1fdd95-f1fb-4049-a60d-4b7261095e82", 1]
Query: select "user_id", "department", "specialization", "profile_picture", "contact_number", "date_of_birth", "gender", "address", "employee_id", "created_at", "updated_at" from "teacher_profiles" "teacherProfiles" where "teacherProfiles"."user_id" = $1 limit $2 -- params: ["bd1fdd95-f1fb-4049-a60d-4b7261095e82", 1]
Query: select "user_id", "department", "specialization", "profile_picture", "contact_number", "date_of_birth", "gender", "address", "employee_id", "created_at", "updated_at" from "teacher_profiles" "teacherProfiles" where "teacherProfiles"."user_id" = $1 limit $2 -- params: ["bd1fdd95-f1fb-4049-a60d-4b7261095e82", 1]
2026-04-24 14:50:32 [34mdebug[39m [DatabaseService] New database connection established
Query: select "user_id", "date_of_birth", "profile_picture", "gender", "phone", "address", "family_name", "family_relationship", "family_contact", "grade_level", "lrn", "created_at", "updated_at" from "student_profiles" "studentProfiles" where "studentProfiles"."user_id" = $1 limit $2 -- params: ["bd1fdd95-f1fb-4049-a60d-4b7261095e82", 1]
Query: select "userRoles"."user_id", "userRoles"."role_id", "userRoles"."assigned_at", "userRoles"."assigned_by", "userRoles_role"."data" as "role" from "user_roles" "userRoles" left join lateral (select json_build_array("userRoles_role"."id", "userRoles_role"."name", "userRoles_role"."description", "userRoles_role"."created_at") as "data" from (select * from "roles" "userRoles_role" where "userRoles_role"."id" = "userRoles"."role_id" limit $1) "userRoles_role") "userRoles_role" on true where "userRoles"."user_id" = $2 -- params: [1, "bd1fdd95-f1fb-4049-a60d-4b7261095e82"]
2026-04-24 14:50:32 [34mdebug[39m [JwtStrategy] [JWT-STRAT] User lookup for bd1fdd95-f1fb-4049-a60d-4b7261095e82: found=true
2026-04-24 14:50:32 [34mdebug[39m [RolesGuard] [ROLES] Required: ["admin","teacher","student"] | User roles: ["teacher"] | Path: /api/assessments/class/a1482efb-4f1c-4d11-baf1-e4e61a894595
Query: select "id", "teacher_id" from "classes" "classes" where "classes"."id" = $1 limit $2 -- params: ["a1482efb-4f1c-4d11-baf1-e4e61a894595", 1]
2026-04-24 14:50:32 [34mdebug[39m [JwtStrategy] [JWT-STRAT] User lookup for bd1fdd95-f1fb-4049-a60d-4b7261095e82: found=true
2026-04-24 14:50:32 [34mdebug[39m [RolesGuard] [ROLES] Required: ["teacher","student","admin"] | User roles: ["teacher"] | Path: /api/classes/c8939737-f7c6-4609-97be-e5e8bbaa0edc/announcements?limit=4
Query: select "id", "teacher_id" from "classes" "classes" where "classes"."id" = $1 limit $2 -- params: ["c8939737-f7c6-4609-97be-e5e8bbaa0edc", 1]
2026-04-24 14:50:32 [34mdebug[39m [DatabaseService] New database connection established
Query: select "user_id", "department", "specialization", "profile_picture", "contact_number", "date_of_birth", "gender", "address", "employee_id", "created_at", "updated_at" from "teacher_profiles" "teacherProfiles" where "teacherProfiles"."user_id" = $1 limit $2 -- params: ["bd1fdd95-f1fb-4049-a60d-4b7261095e82", 1]
Query: select "user_id", "department", "specialization", "profile_picture", "contact_number", "date_of_birth", "gender", "address", "employee_id", "created_at", "updated_at" from "teacher_profiles" "teacherProfiles" where "teacherProfiles"."user_id" = $1 limit $2 -- params: ["bd1fdd95-f1fb-4049-a60d-4b7261095e82", 1]
Query: select "announcements"."id", "announcements"."class_id", "announcements"."author_id", "announcements"."title", "announcements"."content", "announcements"."is_pinned", "announcements"."is_visible", "announcements"."is_core_template_asset", "announcements"."template_id", "announcements"."template_source_id", "announcements"."scheduled_at", "announcements"."published_at", "announcements"."archived_at", "announcements"."created_at", "announcements"."updated_at", "announcements_author"."data" as "author" from "announcements" "announcements" left join lateral (select json_build_array("announcements_author"."id", "announcements_author"."first_name", "announcements_author"."last_name", "announcements_author"."email") as "data" from (select * from "users" "announcements_author" where "announcements_author"."id" = "announcements"."author_id" limit $1) "announcements_author") "announcements_author" on true where ("announcements"."class_id" = $2 and "announcements"."archived_at" is null) order by "announcements"."is_pinned" desc, "announcements"."created_at" desc limit $3 -- params: [1, "c8939737-f7c6-4609-97be-e5e8bbaa0edc", 4]
Query: select "assessments"."id", "assessments"."title", "assessments"."description", "assessments"."class_id", "assessments"."type", "assessments"."due_date", "assessments"."close_when_due", "assessments"."randomize_questions", "assessments"."timed_questions_enabled", "assessments"."question_time_limit_seconds", "assessments"."strict_mode", "assessments"."file_upload_instructions", "assessments"."teacher_attachment_file_id", "assessments"."rubric_source_file_id", "assessments"."rubric_parse_status", "assessments"."rubric_parsed_at", "assessments"."rubric_raw_text", "assessments"."rubric_parse_error", "assessments"."rubric_criteria", "assessments"."allowed_upload_mime_types", "assessments"."allowed_upload_extensions", "assessments"."max_upload_size_bytes", "assessments"."total_points", "assessments"."passing_score", "assessments"."max_attempts", "assessments"."time_limit_minutes", "assessments"."is_published", "assessments"."feedback_level", "assessments"."feedback_delay_hours", "assessments"."is_core_template_asset", "assessments"."template_id", "assessments"."template_source_id", "assessments"."class_record_category", "assessments"."quarter", "assessments"."ai_origin", "assessments"."ai_generation_output_id", "assessments"."created_at", "assessments"."updated_at", "assessments_questions"."data" as "questions" from "assessments" "assessments" left join lateral (select coalesce(json_agg(json_build_array("assessments_questions"."id", "assessments_questions"."assessment_id", "assessments_questions"."type", "assessments_questions"."content", "assessments_questions"."points", "assessments_questions"."order", "assessments_questions"."is_required", "assessments_questions"."explanation", "assessments_questions"."image_url", "assessments_questions"."concept_tags", "assessments_questions"."created_at", "assessments_questions"."updated_at", "assessments_questions_options"."data") order by "assessments_questions"."order" asc), '[]'::json) as "data" from (select * from "assessment_questions" "assessments_questions" where "assessments_questions"."assessment_id" = "assessments"."id" order by "assessments_questions"."order" asc) "assessments_questions" left join lateral (select coalesce(json_agg(json_build_array("assessments_questions_options"."id", "assessments_questions_options"."question_id", "assessments_questions_options"."text", "assessments_questions_options"."is_correct", "assessments_questions_options"."order", "assessments_questions_options"."created_at") order by "assessments_questions_options"."order" asc), '[]'::json) as "data" from (select * from "assessment_question_options" "assessments_questions_options" where "assessments_questions_options"."question_id" = "assessments_questions"."id" order by "assessments_questions_options"."order" asc) "assessments_questions_options") "assessments_questions_options" on true) "assessments_questions" on true where "assessments"."class_id" = $1 order by "assessments"."created_at" desc -- params: ["a1482efb-4f1c-4d11-baf1-e4e61a894595"]
2026-04-24 14:50:32 [34mdebug[39m [JwtStrategy] [JWT-STRAT] User lookup for bd1fdd95-f1fb-4049-a60d-4b7261095e82: found=true
2026-04-24 14:50:32 [34mdebug[39m [JwtAuthGuard] [AUTH-GUARD] Authorization header present: true
2026-04-24 14:50:32 [34mdebug[39m [JwtStrategy] [JWT-STRAT] Validating token for userId: bd1fdd95-f1fb-4049-a60d-4b7261095e82
Query: select "id", "email", "password", "first_name", "middle_name", "last_name", "account_status", "is_email_verified", "last_login_at", "created_at", "updated_at" from "users" "users" where "users"."id" = $1 limit $2 -- params: ["bd1fdd95-f1fb-4049-a60d-4b7261095e82", 1]
Query: select "user_id", "department", "specialization", "profile_picture", "contact_number", "date_of_birth", "gender", "address", "employee_id", "created_at", "updated_at" from "teacher_profiles" "teacherProfiles" where "teacherProfiles"."user_id" = $1 limit $2 -- params: ["bd1fdd95-f1fb-4049-a60d-4b7261095e82", 1]
2026-04-24 14:50:32 [34mdebug[39m [JwtStrategy] [JWT-STRAT] User lookup for bd1fdd95-f1fb-4049-a60d-4b7261095e82: found=true
2026-04-24 14:50:32 [34mdebug[39m [JwtAuthGuard] [AUTH-GUARD] Authorization header present: true
2026-04-24 14:50:32 [34mdebug[39m [JwtStrategy] [JWT-STRAT] Validating token for userId: bd1fdd95-f1fb-4049-a60d-4b7261095e82
Query: select "id", "email", "password", "first_name", "middle_name", "last_name", "account_status", "is_email_verified", "last_login_at", "created_at", "updated_at" from "users" "users" where "users"."id" = $1 limit $2 -- params: ["bd1fdd95-f1fb-4049-a60d-4b7261095e82", 1]
Query: select "user_id", "date_of_birth", "profile_picture", "gender", "phone", "address", "family_name", "family_relationship", "family_contact", "grade_level", "lrn", "created_at", "updated_at" from "student_profiles" "studentProfiles" where "studentProfiles"."user_id" = $1 limit $2 -- params: ["bd1fdd95-f1fb-4049-a60d-4b7261095e82", 1]
Query: select "userRoles"."user_id", "userRoles"."role_id", "userRoles"."assigned_at", "userRoles"."assigned_by", "userRoles_role"."data" as "role" from "user_roles" "userRoles" left join lateral (select json_build_array("userRoles_role"."id", "userRoles_role"."name", "userRoles_role"."description", "userRoles_role"."created_at") as "data" from (select * from "roles" "userRoles_role" where "userRoles_role"."id" = "userRoles"."role_id" limit $1) "userRoles_role") "userRoles_role" on true where "userRoles"."user_id" = $2 -- params: [1, "bd1fdd95-f1fb-4049-a60d-4b7261095e82"]
2026-04-24 14:50:32 [34mdebug[39m [DatabaseService] New database connection established
2026-04-24 14:50:32 [34mdebug[39m [JwtStrategy] [JWT-STRAT] User lookup for bd1fdd95-f1fb-4049-a60d-4b7261095e82: found=true
2026-04-24 14:50:32 [34mdebug[39m [JwtAuthGuard] [AUTH-GUARD] Authorization header present: true
2026-04-24 14:50:32 [34mdebug[39m [JwtStrategy] [JWT-STRAT] Validating token for userId: bd1fdd95-f1fb-4049-a60d-4b7261095e82
Query: select "id", "email", "password", "first_name", "middle_name", "last_name", "account_status", "is_email_verified", "last_login_at", "created_at", "updated_at" from "users" "users" where "users"."id" = $1 limit $2 -- params: ["bd1fdd95-f1fb-4049-a60d-4b7261095e82", 1]
Query: select "user_id", "date_of_birth", "profile_picture", "gender", "phone", "address", "family_name", "family_relationship", "family_contact", "grade_level", "lrn", "created_at", "updated_at" from "student_profiles" "studentProfiles" where "studentProfiles"."user_id" = $1 limit $2 -- params: ["bd1fdd95-f1fb-4049-a60d-4b7261095e82", 1]
Query: select "userRoles"."user_id", "userRoles"."role_id", "userRoles"."assigned_at", "userRoles"."assigned_by", "userRoles_role"."data" as "role" from "user_roles" "userRoles" left join lateral (select json_build_array("userRoles_role"."id", "userRoles_role"."name", "userRoles_role"."description", "userRoles_role"."created_at") as "data" from (select * from "roles" "userRoles_role" where "userRoles_role"."id" = "userRoles"."role_id" limit $1) "userRoles_role") "userRoles_role" on true where "userRoles"."user_id" = $2 -- params: [1, "bd1fdd95-f1fb-4049-a60d-4b7261095e82"]
Query: select "user_id", "department", "specialization", "profile_picture", "contact_number", "date_of_birth", "gender", "address", "employee_id", "created_at", "updated_at" from "teacher_profiles" "teacherProfiles" where "teacherProfiles"."user_id" = $1 limit $2 -- params: ["bd1fdd95-f1fb-4049-a60d-4b7261095e82", 1]
Query: select "user_id", "department", "specialization", "profile_picture", "contact_number", "date_of_birth", "gender", "address", "employee_id", "created_at", "updated_at" from "teacher_profiles" "teacherProfiles" where "teacherProfiles"."user_id" = $1 limit $2 -- params: ["bd1fdd95-f1fb-4049-a60d-4b7261095e82", 1]
Query: select "user_id", "date_of_birth", "profile_picture", "gender", "phone", "address", "family_name", "family_relationship", "family_contact", "grade_level", "lrn", "created_at", "updated_at" from "student_profiles" "studentProfiles" where "studentProfiles"."user_id" = $1 limit $2 -- params: ["bd1fdd95-f1fb-4049-a60d-4b7261095e82", 1]
Query: select "userRoles"."user_id", "userRoles"."role_id", "userRoles"."assigned_at", "userRoles"."assigned_by", "userRoles_role"."data" as "role" from "user_roles" "userRoles" left join lateral (select json_build_array("userRoles_role"."id", "userRoles_role"."name", "userRoles_role"."description", "userRoles_role"."created_at") as "data" from (select * from "roles" "userRoles_role" where "userRoles_role"."id" = "userRoles"."role_id" limit $1) "userRoles_role") "userRoles_role" on true where "userRoles"."user_id" = $2 -- params: [1, "bd1fdd95-f1fb-4049-a60d-4b7261095e82"]
2026-04-24 14:50:32 [34mdebug[39m [JwtStrategy] [JWT-STRAT] User lookup for bd1fdd95-f1fb-4049-a60d-4b7261095e82: found=true
2026-04-24 14:50:32 [34mdebug[39m [RolesGuard] [ROLES] Required: ["teacher","student","admin"] | User roles: ["teacher"] | Path: /api/classes/a1482efb-4f1c-4d11-baf1-e4e61a894595/announcements?limit=4
Query: select "id", "teacher_id" from "classes" "classes" where "classes"."id" = $1 limit $2 -- params: ["a1482efb-4f1c-4d11-baf1-e4e61a894595", 1]
Query: select "user_id", "department", "specialization", "profile_picture", "contact_number", "date_of_birth", "gender", "address", "employee_id", "created_at", "updated_at" from "teacher_profiles" "teacherProfiles" where "teacherProfiles"."user_id" = $1 limit $2 -- params: ["bd1fdd95-f1fb-4049-a60d-4b7261095e82", 1]
2026-04-24 14:50:32 [34mdebug[39m [JwtStrategy] [JWT-STRAT] User lookup for bd1fdd95-f1fb-4049-a60d-4b7261095e82: found=true
2026-04-24 14:50:32 [34mdebug[39m [JwtAuthGuard] [AUTH-GUARD] Authorization header present: true
2026-04-24 14:50:32 [34mdebug[39m [JwtStrategy] [JWT-STRAT] Validating token for userId: bd1fdd95-f1fb-4049-a60d-4b7261095e82
Query: select "id", "email", "password", "first_name", "middle_name", "last_name", "account_status", "is_email_verified", "last_login_at", "created_at", "updated_at" from "users" "users" where "users"."id" = $1 limit $2 -- params: ["bd1fdd95-f1fb-4049-a60d-4b7261095e82", 1]
2026-04-24 14:50:32 [34mdebug[39m [JwtAuthGuard] [AUTH-GUARD] Authorization header present: true
2026-04-24 14:50:32 [34mdebug[39m [JwtStrategy] [JWT-STRAT] Validating token for userId: bd1fdd95-f1fb-4049-a60d-4b7261095e82
Query: select "id", "email", "password", "first_name", "middle_name", "last_name", "account_status", "is_email_verified", "last_login_at", "created_at", "updated_at" from "users" "users" where "users"."id" = $1 limit $2 -- params: ["bd1fdd95-f1fb-4049-a60d-4b7261095e82", 1]
Query: select "user_id", "department", "specialization", "profile_picture", "contact_number", "date_of_birth", "gender", "address", "employee_id", "created_at", "updated_at" from "teacher_profiles" "teacherProfiles" where "teacherProfiles"."user_id" = $1 limit $2 -- params: ["bd1fdd95-f1fb-4049-a60d-4b7261095e82", 1]
Query: select "announcements"."id", "announcements"."class_id", "announcements"."author_id", "announcements"."title", "announcements"."content", "announcements"."is_pinned", "announcements"."is_visible", "announcements"."is_core_template_asset", "announcements"."template_id", "announcements"."template_source_id", "announcements"."scheduled_at", "announcements"."published_at", "announcements"."archived_at", "announcements"."created_at", "announcements"."updated_at", "announcements_author"."data" as "author" from "announcements" "announcements" left join lateral (select json_build_array("announcements_author"."id", "announcements_author"."first_name", "announcements_author"."last_name", "announcements_author"."email") as "data" from (select * from "users" "announcements_author" where "announcements_author"."id" = "announcements"."author_id" limit $1) "announcements_author") "announcements_author" on true where ("announcements"."class_id" = $2 and "announcements"."archived_at" is null) order by "announcements"."is_pinned" desc, "announcements"."created_at" desc limit $3 -- params: [1, "a1482efb-4f1c-4d11-baf1-e4e61a894595", 4]
2026-04-24 14:50:32 [34mdebug[39m [JwtStrategy] [JWT-STRAT] User lookup for bd1fdd95-f1fb-4049-a60d-4b7261095e82: found=true
2026-04-24 14:50:32 [34mdebug[39m [RolesGuard] [ROLES] Required: ["admin","teacher","student"] | User roles: ["teacher"] | Path: /api/lessons/class/b154d6f7-ec2e-46b1-b6e3-e790039cb14d
Query: select "lessons"."id", "lessons"."title", "lessons"."description", "lessons"."class_id", "lessons"."order", "lessons"."is_draft", "lessons"."source_extraction_id", "lessons"."is_core_template_asset", "lessons"."template_id", "lessons"."template_source_id", "lessons"."created_at", "lessons"."updated_at", "lessons_contentBlocks"."data" as "contentBlocks" from "lessons" "lessons" left join lateral (select coalesce(json_agg(json_build_array("lessons_contentBlocks"."id", "lessons_contentBlocks"."lesson_id", "lessons_contentBlocks"."type", "lessons_contentBlocks"."order", "lessons_contentBlocks"."content", "lessons_contentBlocks"."metadata", "lessons_contentBlocks"."created_at", "lessons_contentBlocks"."updated_at") order by "lessons_contentBlocks"."order" asc), '[]'::json) as "data" from (select * from "lesson_content_blocks" "lessons_contentBlocks" where "lessons_contentBlocks"."lesson_id" = "lessons"."id" order by "lessons_contentBlocks"."order" asc) "lessons_contentBlocks") "lessons_contentBlocks" on true where "lessons"."class_id" = $1 order by "lessons"."order" asc -- params: ["b154d6f7-ec2e-46b1-b6e3-e790039cb14d"]
Query: select count(*) from "lessons" where "lessons"."class_id" = $1 -- params: ["b154d6f7-ec2e-46b1-b6e3-e790039cb14d"]
Query: select "user_id", "date_of_birth", "profile_picture", "gender", "phone", "address", "family_name", "family_relationship", "family_contact", "grade_level", "lrn", "created_at", "updated_at" from "student_profiles" "studentProfiles" where "studentProfiles"."user_id" = $1 limit $2 -- params: ["bd1fdd95-f1fb-4049-a60d-4b7261095e82", 1]
Query: select "userRoles"."user_id", "userRoles"."role_id", "userRoles"."assigned_at", "userRoles"."assigned_by", "userRoles_role"."data" as "role" from "user_roles" "userRoles" left join lateral (select json_build_array("userRoles_role"."id", "userRoles_role"."name", "userRoles_role"."description", "userRoles_role"."created_at") as "data" from (select * from "roles" "userRoles_role" where "userRoles_role"."id" = "userRoles"."role_id" limit $1) "userRoles_role") "userRoles_role" on true where "userRoles"."user_id" = $2 -- params: [1, "bd1fdd95-f1fb-4049-a60d-4b7261095e82"]
Query: select "user_id", "date_of_birth", "profile_picture", "gender", "phone", "address", "family_name", "family_relationship", "family_contact", "grade_level", "lrn", "created_at", "updated_at" from "student_profiles" "studentProfiles" where "studentProfiles"."user_id" = $1 limit $2 -- params: ["bd1fdd95-f1fb-4049-a60d-4b7261095e82", 1]
Query: select "userRoles"."user_id", "userRoles"."role_id", "userRoles"."assigned_at", "userRoles"."assigned_by", "userRoles_role"."data" as "role" from "user_roles" "userRoles" left join lateral (select json_build_array("userRoles_role"."id", "userRoles_role"."name", "userRoles_role"."description", "userRoles_role"."created_at") as "data" from (select * from "roles" "userRoles_role" where "userRoles_role"."id" = "userRoles"."role_id" limit $1) "userRoles_role") "userRoles_role" on true where "userRoles"."user_id" = $2 -- params: [1, "bd1fdd95-f1fb-4049-a60d-4b7261095e82"]
2026-04-24 14:50:32 [34mdebug[39m [JwtStrategy] [JWT-STRAT] User lookup for bd1fdd95-f1fb-4049-a60d-4b7261095e82: found=true
2026-04-24 14:50:32 [34mdebug[39m [RolesGuard] [ROLES] Required: ["admin","teacher","student"] | User roles: ["teacher"] | Path: /api/assessments/class/c8939737-f7c6-4609-97be-e5e8bbaa0edc
Query: select "id", "teacher_id" from "classes" "classes" where "classes"."id" = $1 limit $2 -- params: ["c8939737-f7c6-4609-97be-e5e8bbaa0edc", 1]
Query: select "user_id", "department", "specialization", "profile_picture", "contact_number", "date_of_birth", "gender", "address", "employee_id", "created_at", "updated_at" from "teacher_profiles" "teacherProfiles" where "teacherProfiles"."user_id" = $1 limit $2 -- params: ["bd1fdd95-f1fb-4049-a60d-4b7261095e82", 1]
Query: select "user_id", "department", "specialization", "profile_picture", "contact_number", "date_of_birth", "gender", "address", "employee_id", "created_at", "updated_at" from "teacher_profiles" "teacherProfiles" where "teacherProfiles"."user_id" = $1 limit $2 -- params: ["bd1fdd95-f1fb-4049-a60d-4b7261095e82", 1]
2026-04-24 14:50:32 [34mdebug[39m [JwtStrategy] [JWT-STRAT] User lookup for bd1fdd95-f1fb-4049-a60d-4b7261095e82: found=true
2026-04-24 14:50:32 [34mdebug[39m [RolesGuard] [ROLES] Required: ["admin","teacher","student"] | User roles: ["teacher"] | Path: /api/assessments/class/b154d6f7-ec2e-46b1-b6e3-e790039cb14d
Query: select "id", "teacher_id" from "classes" "classes" where "classes"."id" = $1 limit $2 -- params: ["b154d6f7-ec2e-46b1-b6e3-e790039cb14d", 1]
Query: select "assessments"."id", "assessments"."title", "assessments"."description", "assessments"."class_id", "assessments"."type", "assessments"."due_date", "assessments"."close_when_due", "assessments"."randomize_questions", "assessments"."timed_questions_enabled", "assessments"."question_time_limit_seconds", "assessments"."strict_mode", "assessments"."file_upload_instructions", "assessments"."teacher_attachment_file_id", "assessments"."rubric_source_file_id", "assessments"."rubric_parse_status", "assessments"."rubric_parsed_at", "assessments"."rubric_raw_text", "assessments"."rubric_parse_error", "assessments"."rubric_criteria", "assessments"."allowed_upload_mime_types", "assessments"."allowed_upload_extensions", "assessments"."max_upload_size_bytes", "assessments"."total_points", "assessments"."passing_score", "assessments"."max_attempts", "assessments"."time_limit_minutes", "assessments"."is_published", "assessments"."feedback_level", "assessments"."feedback_delay_hours", "assessments"."is_core_template_asset", "assessments"."template_id", "assessments"."template_source_id", "assessments"."class_record_category", "assessments"."quarter", "assessments"."ai_origin", "assessments"."ai_generation_output_id", "assessments"."created_at", "assessments"."updated_at", "assessments_questions"."data" as "questions" from "assessments" "assessments" left join lateral (select coalesce(json_agg(json_build_array("assessments_questions"."id", "assessments_questions"."assessment_id", "assessments_questions"."type", "assessments_questions"."content", "assessments_questions"."points", "assessments_questions"."order", "assessments_questions"."is_required", "assessments_questions"."explanation", "assessments_questions"."image_url", "assessments_questions"."concept_tags", "assessments_questions"."created_at", "assessments_questions"."updated_at", "assessments_questions_options"."data") order by "assessments_questions"."order" asc), '[]'::json) as "data" from (select * from "assessment_questions" "assessments_questions" where "assessments_questions"."assessment_id" = "assessments"."id" order by "assessments_questions"."order" asc) "assessments_questions" left join lateral (select coalesce(json_agg(json_build_array("assessments_questions_options"."id", "assessments_questions_options"."question_id", "assessments_questions_options"."text", "assessments_questions_options"."is_correct", "assessments_questions_options"."order", "assessments_questions_options"."created_at") order by "assessments_questions_options"."order" asc), '[]'::json) as "data" from (select * from "assessment_question_options" "assessments_questions_options" where "assessments_questions_options"."question_id" = "assessments_questions"."id" order by "assessments_questions_options"."order" asc) "assessments_questions_options") "assessments_questions_options" on true) "assessments_questions" on true where "assessments"."class_id" = $1 order by "assessments"."created_at" desc -- params: ["c8939737-f7c6-4609-97be-e5e8bbaa0edc"]
2026-04-24 14:50:32 [34mdebug[39m [JwtStrategy] [JWT-STRAT] User lookup for bd1fdd95-f1fb-4049-a60d-4b7261095e82: found=true
2026-04-24 14:50:32 [34mdebug[39m [JwtAuthGuard] [AUTH-GUARD] Authorization header present: true
2026-04-24 14:50:32 [34mdebug[39m [JwtStrategy] [JWT-STRAT] Validating token for userId: bd1fdd95-f1fb-4049-a60d-4b7261095e82
Query: select "id", "email", "password", "first_name", "middle_name", "last_name", "account_status", "is_email_verified", "last_login_at", "created_at", "updated_at" from "users" "users" where "users"."id" = $1 limit $2 -- params: ["bd1fdd95-f1fb-4049-a60d-4b7261095e82", 1]
Query: select "assessments"."id", "assessments"."title", "assessments"."description", "assessments"."class_id", "assessments"."type", "assessments"."due_date", "assessments"."close_when_due", "assessments"."randomize_questions", "assessments"."timed_questions_enabled", "assessments"."question_time_limit_seconds", "assessments"."strict_mode", "assessments"."file_upload_instructions", "assessments"."teacher_attachment_file_id", "assessments"."rubric_source_file_id", "assessments"."rubric_parse_status", "assessments"."rubric_parsed_at", "assessments"."rubric_raw_text", "assessments"."rubric_parse_error", "assessments"."rubric_criteria", "assessments"."allowed_upload_mime_types", "assessments"."allowed_upload_extensions", "assessments"."max_upload_size_bytes", "assessments"."total_points", "assessments"."passing_score", "assessments"."max_attempts", "assessments"."time_limit_minutes", "assessments"."is_published", "assessments"."feedback_level", "assessments"."feedback_delay_hours", "assessments"."is_core_template_asset", "assessments"."template_id", "assessments"."template_source_id", "assessments"."class_record_category", "assessments"."quarter", "assessments"."ai_origin", "assessments"."ai_generation_output_id", "assessments"."created_at", "assessments"."updated_at", "assessments_questions"."data" as "questions" from "assessments" "assessments" left join lateral (select coalesce(json_agg(json_build_array("assessments_questions"."id", "assessments_questions"."assessment_id", "assessments_questions"."type", "assessments_questions"."content", "assessments_questions"."points", "assessments_questions"."order", "assessments_questions"."is_required", "assessments_questions"."explanation", "assessments_questions"."image_url", "assessments_questions"."concept_tags", "assessments_questions"."created_at", "assessments_questions"."updated_at", "assessments_questions_options"."data") order by "assessments_questions"."order" asc), '[]'::json) as "data" from (select * from "assessment_questions" "assessments_questions" where "assessments_questions"."assessment_id" = "assessments"."id" order by "assessments_questions"."order" asc) "assessments_questions" left join lateral (select coalesce(json_agg(json_build_array("assessments_questions_options"."id", "assessments_questions_options"."question_id", "assessments_questions_options"."text", "assessments_questions_options"."is_correct", "assessments_questions_options"."order", "assessments_questions_options"."created_at") order by "assessments_questions_options"."order" asc), '[]'::json) as "data" from (select * from "assessment_question_options" "assessments_questions_options" where "assessments_questions_options"."question_id" = "assessments_questions"."id" order by "assessments_questions_options"."order" asc) "assessments_questions_options") "assessments_questions_options" on true) "assessments_questions" on true where "assessments"."class_id" = $1 order by "assessments"."created_at" desc -- params: ["b154d6f7-ec2e-46b1-b6e3-e790039cb14d"]
Query: select "user_id", "date_of_birth", "profile_picture", "gender", "phone", "address", "family_name", "family_relationship", "family_contact", "grade_level", "lrn", "created_at", "updated_at" from "student_profiles" "studentProfiles" where "studentProfiles"."user_id" = $1 limit $2 -- params: ["bd1fdd95-f1fb-4049-a60d-4b7261095e82", 1]
Query: select "userRoles"."user_id", "userRoles"."role_id", "userRoles"."assigned_at", "userRoles"."assigned_by", "userRoles_role"."data" as "role" from "user_roles" "userRoles" left join lateral (select json_build_array("userRoles_role"."id", "userRoles_role"."name", "userRoles_role"."description", "userRoles_role"."created_at") as "data" from (select * from "roles" "userRoles_role" where "userRoles_role"."id" = "userRoles"."role_id" limit $1) "userRoles_role") "userRoles_role" on true where "userRoles"."user_id" = $2 -- params: [1, "bd1fdd95-f1fb-4049-a60d-4b7261095e82"]
Query: select "user_id", "department", "specialization", "profile_picture", "contact_number", "date_of_birth", "gender", "address", "employee_id", "created_at", "updated_at" from "teacher_profiles" "teacherProfiles" where "teacherProfiles"."user_id" = $1 limit $2 -- params: ["bd1fdd95-f1fb-4049-a60d-4b7261095e82", 1]
2026-04-24 14:50:32 [34mdebug[39m [JwtStrategy] [JWT-STRAT] User lookup for bd1fdd95-f1fb-4049-a60d-4b7261095e82: found=true
2026-04-24 14:50:32 [34mdebug[39m [RolesGuard] [ROLES] Required: ["teacher","student","admin"] | User roles: ["teacher"] | Path: /api/classes/b154d6f7-ec2e-46b1-b6e3-e790039cb14d/announcements?limit=4
Query: select "id", "teacher_id" from "classes" "classes" where "classes"."id" = $1 limit $2 -- params: ["b154d6f7-ec2e-46b1-b6e3-e790039cb14d", 1]
Query: select "announcements"."id", "announcements"."class_id", "announcements"."author_id", "announcements"."title", "announcements"."content", "announcements"."is_pinned", "announcements"."is_visible", "announcements"."is_core_template_asset", "announcements"."template_id", "announcements"."template_source_id", "announcements"."scheduled_at", "announcements"."published_at", "announcements"."archived_at", "announcements"."created_at", "announcements"."updated_at", "announcements_author"."data" as "author" from "announcements" "announcements" left join lateral (select json_build_array("announcements_author"."id", "announcements_author"."first_name", "announcements_author"."last_name", "announcements_author"."email") as "data" from (select * from "users" "announcements_author" where "announcements_author"."id" = "announcements"."author_id" limit $1) "announcements_author") "announcements_author" on true where ("announcements"."class_id" = $2 and "announcements"."archived_at" is null) order by "announcements"."is_pinned" desc, "announcements"."created_at" desc limit $3 -- params: [1, "b154d6f7-ec2e-46b1-b6e3-e790039cb14d", 4]
2026-04-24 14:51:00 [34mdebug[39m [AnnouncementsScheduler] Checking for due scheduled announcements...
Query: select "id", "class_id", "author_id", "title", "content", "is_pinned", "is_visible", "is_core_template_asset", "template_id", "template_source_id", "scheduled_at", "published_at", "archived_at", "created_at", "updated_at" from "announcements" "announcements" where ("announcements"."published_at" is null and "announcements"."archived_at" is null and "announcements"."scheduled_at" <= $1) -- params: ["2026-04-24T06:51:00.014Z"]
2026-04-24 14:52:00 [34mdebug[39m [AnnouncementsScheduler] Checking for due scheduled announcements...
Query: select "id", "class_id", "author_id", "title", "content", "is_pinned", "is_visible", "is_core_template_asset", "template_id", "template_source_id", "scheduled_at", "published_at", "archived_at", "created_at", "updated_at" from "announcements" "announcements" where ("announcements"."published_at" is null and "announcements"."archived_at" is null and "announcements"."scheduled_at" <= $1) -- params: ["2026-04-24T06:52:00.018Z"]
2026-04-24 14:52:00 [34mdebug[39m [DatabaseService] New database connection established
2026-04-24 14:53:00 [34mdebug[39m [AnnouncementsScheduler] Checking for due scheduled announcements...
Query: select "id", "class_id", "author_id", "title", "content", "is_pinned", "is_visible", "is_core_template_asset", "template_id", "template_source_id", "scheduled_at", "published_at", "archived_at", "created_at", "updated_at" from "announcements" "announcements" where ("announcements"."published_at" is null and "announcements"."archived_at" is null and "announcements"."scheduled_at" <= $1) -- params: ["2026-04-24T06:53:00.009Z"]
2026-04-24 14:53:00 [34mdebug[39m [DatabaseService] New database connection established
2026-04-24 14:54:00 [34mdebug[39m [AnnouncementsScheduler] Checking for due scheduled announcements...
Query: select "id", "class_id", "author_id", "title", "content", "is_pinned", "is_visible", "is_core_template_asset", "template_id", "template_source_id", "scheduled_at", "published_at", "archived_at", "created_at", "updated_at" from "announcements" "announcements" where ("announcements"."published_at" is null and "announcements"."archived_at" is null and "announcements"."scheduled_at" <= $1) -- params: ["2026-04-24T06:54:00.013Z"]
2026-04-24 14:54:00 [34mdebug[39m [DatabaseService] New database connection established
2026-04-24 14:55:00 [34mdebug[39m [AnnouncementsScheduler] Checking for due scheduled announcements...
Query: select "id", "class_id", "author_id", "title", "content", "is_pinned", "is_visible", "is_core_template_asset", "template_id", "template_source_id", "scheduled_at", "published_at", "archived_at", "created_at", "updated_at" from "announcements" "announcements" where ("announcements"."published_at" is null and "announcements"."archived_at" is null and "announcements"."scheduled_at" <= $1) -- params: ["2026-04-24T06:55:00.008Z"]
2026-04-24 14:55:00 [34mdebug[39m [DatabaseService] New database connection established
2026-04-24 14:56:00 [34mdebug[39m [AnnouncementsScheduler] Checking for due scheduled announcements...
Query: select "id", "class_id", "author_id", "title", "content", "is_pinned", "is_visible", "is_core_template_asset", "template_id", "template_source_id", "scheduled_at", "published_at", "archived_at", "created_at", "updated_at" from "announcements" "announcements" where ("announcements"."published_at" is null and "announcements"."archived_at" is null and "announcements"."scheduled_at" <= $1) -- params: ["2026-04-24T06:56:00.014Z"]
2026-04-24 14:56:00 [34mdebug[39m [DatabaseService] New database connection established
2026-04-24 14:57:00 [34mdebug[39m [AnnouncementsScheduler] Checking for due scheduled announcements...
Query: select "id", "class_id", "author_id", "title", "content", "is_pinned", "is_visible", "is_core_template_asset", "template_id", "template_source_id", "scheduled_at", "published_at", "archived_at", "created_at", "updated_at" from "announcements" "announcements" where ("announcements"."published_at" is null and "announcements"."archived_at" is null and "announcements"."scheduled_at" <= $1) -- params: ["2026-04-24T06:57:00.051Z"]
2026-04-24 14:57:00 [34mdebug[39m [DatabaseService] New database connection established
