🔍 OpenTelemetry Tracing initialized
[32m[Nest] 39764  - [39m04/24/2026, 4:07:08 AM [32m    LOG[39m [38;5;3m[NestFactory] [39m[32mStarting Nest application...[39m
[32m[Nest] 39764  - [39m04/24/2026, 4:07:08 AM [32m    LOG[39m [38;5;3m[InstanceLoader] [39m[32mMailModule dependencies initialized[39m[38;5;3m +201ms[39m
[32m[Nest] 39764  - [39m04/24/2026, 4:07:08 AM [32m    LOG[39m [38;5;3m[InstanceLoader] [39m[32mPassportModule dependencies initialized[39m[38;5;3m +1ms[39m
[32m[Nest] 39764  - [39m04/24/2026, 4:07:08 AM [32m    LOG[39m [38;5;3m[InstanceLoader] [39m[32mEventEmitterModule dependencies initialized[39m[38;5;3m +3ms[39m
[32m[Nest] 39764  - [39m04/24/2026, 4:07:08 AM [32m    LOG[39m [38;5;3m[InstanceLoader] [39m[32mConfigHostModule dependencies initialized[39m[38;5;3m +3ms[39m
[32m[Nest] 39764  - [39m04/24/2026, 4:07:08 AM [32m    LOG[39m [38;5;3m[InstanceLoader] [39m[32mThrottlerModule dependencies initialized[39m[38;5;3m +1ms[39m
[32m[Nest] 39764  - [39m04/24/2026, 4:07:08 AM [32m    LOG[39m [38;5;3m[InstanceLoader] [39m[32mDiscoveryModule dependencies initialized[39m[38;5;3m +1ms[39m
[32m[Nest] 39764  - [39m04/24/2026, 4:07:08 AM [32m    LOG[39m [38;5;3m[AiProxyService] [39m[32mAI proxy configured -> http://127.0.0.1:8010[39m
[32m[Nest] 39764  - [39m04/24/2026, 4:07:08 AM [32m    LOG[39m [38;5;3m[InstanceLoader] [39m[32mMetricsModule dependencies initialized[39m[38;5;3m +1ms[39m
[32m[Nest] 39764  - [39m04/24/2026, 4:07:08 AM [32m    LOG[39m [38;5;3m[InstanceLoader] [39m[32mConfigModule dependencies initialized[39m[38;5;3m +1ms[39m
[32m[Nest] 39764  - [39m04/24/2026, 4:07:08 AM [32m    LOG[39m [38;5;3m[InstanceLoader] [39m[32mConfigModule dependencies initialized[39m[38;5;3m +0ms[39m
[32m[Nest] 39764  - [39m04/24/2026, 4:07:08 AM [32m    LOG[39m [38;5;3m[InstanceLoader] [39m[32mScheduleModule dependencies initialized[39m[38;5;3m +1ms[39m
[32m[Nest] 39764  - [39m04/24/2026, 4:07:08 AM [32m    LOG[39m [38;5;3m[InstanceLoader] [39m[32mEventEmitterModule dependencies initialized[39m[38;5;3m +1ms[39m
[32m[Nest] 39764  - [39m04/24/2026, 4:07:08 AM [32m    LOG[39m [38;5;3m[InstanceLoader] [39m[32mBullModule dependencies initialized[39m[38;5;3m +2ms[39m
[32m[Nest] 39764  - [39m04/24/2026, 4:07:08 AM [32m    LOG[39m [38;5;3m[InstanceLoader] [39m[32mDatabaseModule dependencies initialized[39m[38;5;3m +0ms[39m
[32m[Nest] 39764  - [39m04/24/2026, 4:07:08 AM [32m    LOG[39m [38;5;3m[InstanceLoader] [39m[32mBullModule dependencies initialized[39m[38;5;3m +1ms[39m
[32m[Nest] 39764  - [39m04/24/2026, 4:07:08 AM [32m    LOG[39m [38;5;3m[InstanceLoader] [39m[32mAuditModule dependencies initialized[39m[38;5;3m +2ms[39m
[32m[Nest] 39764  - [39m04/24/2026, 4:07:08 AM [32m    LOG[39m [38;5;3m[InstanceLoader] [39m[32mRolesModule dependencies initialized[39m[38;5;3m +1ms[39m
[32m[Nest] 39764  - [39m04/24/2026, 4:07:08 AM [32m    LOG[39m [38;5;3m[InstanceLoader] [39m[32mJwtModule dependencies initialized[39m[38;5;3m +1ms[39m
[32m[Nest] 39764  - [39m04/24/2026, 4:07:08 AM [32m    LOG[39m [38;5;3m[InstanceLoader] [39m[32mJwtModule dependencies initialized[39m[38;5;3m +0ms[39m
[32m[Nest] 39764  - [39m04/24/2026, 4:07:08 AM [32m    LOG[39m [38;5;3m[InstanceLoader] [39m[32mOtpModule dependencies initialized[39m[38;5;3m +12ms[39m
[32m[Nest] 39764  - [39m04/24/2026, 4:07:08 AM [32m    LOG[39m [38;5;3m[InstanceLoader] [39m[32mHealthModule dependencies initialized[39m[38;5;3m +1ms[39m
[32m[Nest] 39764  - [39m04/24/2026, 4:07:08 AM [32m    LOG[39m [38;5;3m[InstanceLoader] [39m[32mBullModule dependencies initialized[39m[38;5;3m +2ms[39m
[32m[Nest] 39764  - [39m04/24/2026, 4:07:08 AM [32m    LOG[39m [38;5;3m[InstanceLoader] [39m[32mBullModule dependencies initialized[39m[38;5;3m +0ms[39m
[32m[Nest] 39764  - [39m04/24/2026, 4:07:08 AM [32m    LOG[39m [38;5;3m[InstanceLoader] [39m[32mBullModule dependencies initialized[39m[38;5;3m +1ms[39m
[32m[Nest] 39764  - [39m04/24/2026, 4:07:08 AM [32m    LOG[39m [38;5;3m[InstanceLoader] [39m[32mBullModule dependencies initialized[39m[38;5;3m +0ms[39m
[32m[Nest] 39764  - [39m04/24/2026, 4:07:08 AM [32m    LOG[39m [38;5;3m[InstanceLoader] [39m[32mBullModule dependencies initialized[39m[38;5;3m +0ms[39m
[32m[Nest] 39764  - [39m04/24/2026, 4:07:08 AM [32m    LOG[39m [38;5;3m[InstanceLoader] [39m[32mBullModule dependencies initialized[39m[38;5;3m +0ms[39m
[32m[Nest] 39764  - [39m04/24/2026, 4:07:08 AM [32m    LOG[39m [38;5;3m[InstanceLoader] [39m[32mRagModule dependencies initialized[39m[38;5;3m +3ms[39m
[32m[Nest] 39764  - [39m04/24/2026, 4:07:08 AM [32m    LOG[39m [38;5;3m[InstanceLoader] [39m[32mRosterImportModule dependencies initialized[39m[38;5;3m +4ms[39m
[32m[Nest] 39764  - [39m04/24/2026, 4:07:08 AM [32m    LOG[39m [38;5;3m[InstanceLoader] [39m[32mAppModule dependencies initialized[39m[38;5;3m +1ms[39m
[32m[Nest] 39764  - [39m04/24/2026, 4:07:08 AM [32m    LOG[39m [38;5;3m[InstanceLoader] [39m[32mSectionsModule dependencies initialized[39m[38;5;3m +3ms[39m
[32m[Nest] 39764  - [39m04/24/2026, 4:07:08 AM [32m    LOG[39m [38;5;3m[InstanceLoader] [39m[32mAnalyticsModule dependencies initialized[39m[38;5;3m +2ms[39m
[32m[Nest] 39764  - [39m04/24/2026, 4:07:08 AM [32m    LOG[39m [38;5;3m[InstanceLoader] [39m[32mClassRecordModule dependencies initialized[39m[38;5;3m +1ms[39m
[32m[Nest] 39764  - [39m04/24/2026, 4:07:08 AM [32m    LOG[39m [38;5;3m[InstanceLoader] [39m[32mPerformanceModule dependencies initialized[39m[38;5;3m +0ms[39m
[32m[Nest] 39764  - [39m04/24/2026, 4:07:08 AM [32m    LOG[39m [38;5;3m[InstanceLoader] [39m[32mLxpModule dependencies initialized[39m[38;5;3m +1ms[39m
[32m[Nest] 39764  - [39m04/24/2026, 4:07:08 AM [32m    LOG[39m [38;5;3m[InstanceLoader] [39m[32mAcademicStateModule dependencies initialized[39m[38;5;3m +0ms[39m
[32m[Nest] 39764  - [39m04/24/2026, 4:07:08 AM [32m    LOG[39m [38;5;3m[InstanceLoader] [39m[32mProfilesModule dependencies initialized[39m[38;5;3m +0ms[39m
[32m[Nest] 39764  - [39m04/24/2026, 4:07:08 AM [32m    LOG[39m [38;5;3m[InstanceLoader] [39m[32mTeacherProfilesModule dependencies initialized[39m[38;5;3m +0ms[39m
[32m[Nest] 39764  - [39m04/24/2026, 4:07:08 AM [32m    LOG[39m [38;5;3m[InstanceLoader] [39m[32mContentModulesModule dependencies initialized[39m[38;5;3m +1ms[39m
[32m[Nest] 39764  - [39m04/24/2026, 4:07:08 AM [32m    LOG[39m [38;5;3m[InstanceLoader] [39m[32mClassTemplatesModule dependencies initialized[39m[38;5;3m +0ms[39m
[32m[Nest] 39764  - [39m04/24/2026, 4:07:08 AM [32m    LOG[39m [38;5;3m[InstanceLoader] [39m[32mSchoolEventsModule dependencies initialized[39m[38;5;3m +0ms[39m
[32m[Nest] 39764  - [39m04/24/2026, 4:07:08 AM [32m    LOG[39m [38;5;3m[InstanceLoader] [39m[32mReportsModule dependencies initialized[39m[38;5;3m +0ms[39m
[32m[Nest] 39764  - [39m04/24/2026, 4:07:08 AM [32m    LOG[39m [38;5;3m[InstanceLoader] [39m[32mUsersModule dependencies initialized[39m[38;5;3m +1ms[39m
[32m[Nest] 39764  - [39m04/24/2026, 4:07:08 AM [32m    LOG[39m [38;5;3m[InstanceLoader] [39m[32mAdminModule dependencies initialized[39m[38;5;3m +1ms[39m
[32m[Nest] 39764  - [39m04/24/2026, 4:07:08 AM [32m    LOG[39m [38;5;3m[InstanceLoader] [39m[32mJaModule dependencies initialized[39m[38;5;3m +1ms[39m
[32m[Nest] 39764  - [39m04/24/2026, 4:07:08 AM [32m    LOG[39m [38;5;3m[InstanceLoader] [39m[32mNotificationsModule dependencies initialized[39m[38;5;3m +1ms[39m
[32m[Nest] 39764  - [39m04/24/2026, 4:07:08 AM [32m    LOG[39m [38;5;3m[InstanceLoader] [39m[32mDiscussionBoardModule dependencies initialized[39m[38;5;3m +1ms[39m
[32m[Nest] 39764  - [39m04/24/2026, 4:07:08 AM [32m    LOG[39m [38;5;3m[InstanceLoader] [39m[32mLessonsModule dependencies initialized[39m[38;5;3m +0ms[39m
[32m[Nest] 39764  - [39m04/24/2026, 4:07:08 AM [32m    LOG[39m [38;5;3m[InstanceLoader] [39m[32mFileUploadModule dependencies initialized[39m[38;5;3m +0ms[39m
[32m[Nest] 39764  - [39m04/24/2026, 4:07:08 AM [32m    LOG[39m [38;5;3m[InstanceLoader] [39m[32mAnnouncementsModule dependencies initialized[39m[38;5;3m +0ms[39m
[32m[Nest] 39764  - [39m04/24/2026, 4:07:08 AM [32m    LOG[39m [38;5;3m[InstanceLoader] [39m[32mAiMentorModule dependencies initialized[39m[38;5;3m +1ms[39m
[32m[Nest] 39764  - [39m04/24/2026, 4:07:08 AM [32m    LOG[39m [38;5;3m[InstanceLoader] [39m[32mAssessmentsModule dependencies initialized[39m[38;5;3m +0ms[39m
[32m[Nest] 39764  - [39m04/24/2026, 4:07:08 AM [32m    LOG[39m [38;5;3m[InstanceLoader] [39m[32mAuthModule dependencies initialized[39m[38;5;3m +0ms[39m
[32m[Nest] 39764  - [39m04/24/2026, 4:07:08 AM [32m    LOG[39m [38;5;3m[InstanceLoader] [39m[32mClassesModule dependencies initialized[39m[38;5;3m +0ms[39m
[32m[Nest] 39764  - [39m04/24/2026, 4:07:08 AM [32m    LOG[39m [38;5;3m[InstanceLoader] [39m[32mTeacherModule dependencies initialized[39m[38;5;3m +0ms[39m
2026-04-24 04:07:08 [32minfo[39m [Bootstrap] Swagger UI available at http://localhost:3000/api
2026-04-24 04:07:08 [32minfo[39m [NotificationsGateway] NotificationsGateway initialized (/notifications)
2026-04-24 04:07:08 [32minfo[39m [RoutesResolver] AuthController {/api/auth}:
2026-04-24 04:07:08 [32minfo[39m [RouterExplorer] Mapped {/api/auth/login, POST} route
2026-04-24 04:07:08 [32minfo[39m [RouterExplorer] Mapped {/api/auth/mobile/login, POST} route
2026-04-24 04:07:08 [32minfo[39m [RouterExplorer] Mapped {/api/auth/refresh, POST} route
2026-04-24 04:07:08 [32minfo[39m [RouterExplorer] Mapped {/api/auth/mobile/refresh, POST} route
2026-04-24 04:07:08 [32minfo[39m [RouterExplorer] Mapped {/api/auth/logout, POST} route
2026-04-24 04:07:08 [32minfo[39m [RouterExplorer] Mapped {/api/auth/mobile/logout, POST} route
2026-04-24 04:07:08 [32minfo[39m [RouterExplorer] Mapped {/api/auth/logout-all, POST} route
2026-04-24 04:07:08 [32minfo[39m [RouterExplorer] Mapped {/api/auth/forgot-password, POST} route
2026-04-24 04:07:08 [32minfo[39m [RouterExplorer] Mapped {/api/auth/reset-password, POST} route
2026-04-24 04:07:08 [32minfo[39m [RouterExplorer] Mapped {/api/auth/validate-credentials, POST} route
2026-04-24 04:07:08 [32minfo[39m [RouterExplorer] Mapped {/api/auth/me, GET} route
2026-04-24 04:07:08 [32minfo[39m [RouterExplorer] Mapped {/api/auth/change-password, POST} route
2026-04-24 04:07:08 [32minfo[39m [RouterExplorer] Mapped {/api/auth/set-initial-password, POST} route
2026-04-24 04:07:08 [32minfo[39m [RouterExplorer] Mapped {/api/auth/set-activation-password, POST} route
2026-04-24 04:07:08 [32minfo[39m [RouterExplorer] Mapped {/api/auth/profile, PATCH} route
2026-04-24 04:07:08 [32minfo[39m [RoutesResolver] UsersController {/api/users}:
2026-04-24 04:07:08 [32minfo[39m [RouterExplorer] Mapped {/api/users/all, GET} route
2026-04-24 04:07:08 [32minfo[39m [RouterExplorer] Mapped {/api/users/:id, GET} route
2026-04-24 04:07:08 [32minfo[39m [RouterExplorer] Mapped {/api/users/create, POST} route
2026-04-24 04:07:08 [32minfo[39m [RouterExplorer] Mapped {/api/users/update/:id, PUT} route
2026-04-24 04:07:08 [32minfo[39m [RouterExplorer] Mapped {/api/users/:id/reset-password, POST} route
2026-04-24 04:07:08 [32minfo[39m [RouterExplorer] Mapped {/api/users/delete/:id, DELETE} route
2026-04-24 04:07:08 [32minfo[39m [RouterExplorer] Mapped {/api/users/:id/suspend, PATCH} route
2026-04-24 04:07:08 [32minfo[39m [RouterExplorer] Mapped {/api/users/:id/reactivate, PATCH} route
2026-04-24 04:07:08 [32minfo[39m [RouterExplorer] Mapped {/api/users/:id/soft-delete, DELETE} route
2026-04-24 04:07:08 [32minfo[39m [RouterExplorer] Mapped {/api/users/:id/export, GET} route
2026-04-24 04:07:08 [32minfo[39m [RouterExplorer] Mapped {/api/users/:id/purge, DELETE} route
2026-04-24 04:07:08 [32minfo[39m [RouterExplorer] Mapped {/api/users/bulk/lifecycle, POST} route
2026-04-24 04:07:08 [32minfo[39m [RoutesResolver] OtpController {/api/otp}:
2026-04-24 04:07:08 [32minfo[39m [RouterExplorer] Mapped {/api/otp/verify, POST} route
2026-04-24 04:07:08 [32minfo[39m [RouterExplorer] Mapped {/api/otp/resend, POST} route
2026-04-24 04:07:08 [32minfo[39m [RoutesResolver] SectionsController {/api/sections}:
2026-04-24 04:07:08 [32minfo[39m [RouterExplorer] Mapped {/api/sections/all, GET} route
2026-04-24 04:07:08 [32minfo[39m [RouterExplorer] Mapped {/api/sections/my, GET} route
2026-04-24 04:07:08 [32minfo[39m [RouterExplorer] Mapped {/api/sections/:id, GET} route
2026-04-24 04:07:08 [32minfo[39m [RouterExplorer] Mapped {/api/sections/create, POST} route
2026-04-24 04:07:08 [32minfo[39m [RouterExplorer] Mapped {/api/sections/update/:id, PUT} route
2026-04-24 04:07:08 [32minfo[39m [RouterExplorer] Mapped {/api/sections/:id/presentation, PATCH} route
2026-04-24 04:07:08 [32minfo[39m [RouterExplorer] Mapped {/api/sections/:id/banner, POST} route
2026-04-24 04:07:08 [32minfo[39m [RouterExplorer] Mapped {/api/sections/delete/:id, DELETE} route
2026-04-24 04:07:08 [32minfo[39m [RouterExplorer] Mapped {/api/sections/bulk/lifecycle, POST} route
2026-04-24 04:07:08 [32minfo[39m [RouterExplorer] Mapped {/api/sections/:id/hide, PATCH} route
2026-04-24 04:07:08 [32minfo[39m [RouterExplorer] Mapped {/api/sections/:id/unhide, PATCH} route
2026-04-24 04:07:08 [32minfo[39m [RouterExplorer] Mapped {/api/sections/:id/restore, PUT} route
2026-04-24 04:07:08 [32minfo[39m [RouterExplorer] Mapped {/api/sections/:id/roster, GET} route
2026-04-24 04:07:08 [32minfo[39m [RouterExplorer] Mapped {/api/sections/:id/candidates, GET} route
2026-04-24 04:07:08 [32minfo[39m [RouterExplorer] Mapped {/api/sections/:id/roster, POST} route
2026-04-24 04:07:08 [32minfo[39m [RouterExplorer] Mapped {/api/sections/:id/roster/:studentId, DELETE} route
2026-04-24 04:07:08 [32minfo[39m [RouterExplorer] Mapped {/api/sections/permanent/:id, DELETE} route
2026-04-24 04:07:08 [32minfo[39m [RouterExplorer] Mapped {/api/sections/:id/students/:studentId/profile, GET} route
2026-04-24 04:07:08 [32minfo[39m [RouterExplorer] Mapped {/api/sections/:id/schedule, GET} route
2026-04-24 04:07:08 [32minfo[39m [RoutesResolver] SectionsPublicController {/api/sections}:
2026-04-24 04:07:08 [32minfo[39m [RouterExplorer] Mapped {/api/sections/banners/:filename, GET} route
2026-04-24 04:07:08 [32minfo[39m [RoutesResolver] ClassesController {/api/classes}:
2026-04-24 04:07:08 [32minfo[39m [RouterExplorer] Mapped {/api/classes, GET} route
2026-04-24 04:07:08 [32minfo[39m [RouterExplorer] Mapped {/api/classes/all, GET} route
2026-04-24 04:07:08 [32minfo[39m [RouterExplorer] Mapped {/api/classes/teacher/:teacherId, GET} route
2026-04-24 04:07:08 [32minfo[39m [RouterExplorer] Mapped {/api/classes/section/:sectionId, GET} route
2026-04-24 04:07:08 [32minfo[39m [RouterExplorer] Mapped {/api/classes/subject/:subjectCode, GET} route
2026-04-24 04:07:08 [32minfo[39m [RouterExplorer] Mapped {/api/classes/student/:studentId, GET} route
2026-04-24 04:07:08 [32minfo[39m [RouterExplorer] Mapped {/api/classes/student/:studentId/preferences/presentation, GET} route
2026-04-24 04:07:08 [32minfo[39m [RouterExplorer] Mapped {/api/classes/:id/student-presentation, PUT} route
2026-04-24 04:07:08 [32minfo[39m [RouterExplorer] Mapped {/api/classes/student/:studentId/preferences/view, GET} route
2026-04-24 04:07:08 [32minfo[39m [RouterExplorer] Mapped {/api/classes/student/:studentId/preferences/view, PUT} route
2026-04-24 04:07:08 [32minfo[39m [RouterExplorer] Mapped {/api/classes/:id, GET} route
2026-04-24 04:07:08 [32minfo[39m [RouterExplorer] Mapped {/api/classes, POST} route
2026-04-24 04:07:08 [32minfo[39m [RouterExplorer] Mapped {/api/classes/:id, PUT} route
2026-04-24 04:07:08 [32minfo[39m [RouterExplorer] Mapped {/api/classes/:id/presentation, PATCH} route
2026-04-24 04:07:08 [32minfo[39m [RouterExplorer] Mapped {/api/classes/:id/banner, POST} route
2026-04-24 04:07:08 [32minfo[39m [RouterExplorer] Mapped {/api/classes/:id/toggle-status, PUT} route
2026-04-24 04:07:08 [32minfo[39m [RouterExplorer] Mapped {/api/classes/bulk/lifecycle, POST} route
2026-04-24 04:07:08 [32minfo[39m [RouterExplorer] Mapped {/api/classes/:id/purge, DELETE} route
2026-04-24 04:07:08 [32minfo[39m [RouterExplorer] Mapped {/api/classes/:id, DELETE} route
2026-04-24 04:07:08 [32minfo[39m [RouterExplorer] Mapped {/api/classes/:id/hide, PATCH} route
2026-04-24 04:07:08 [32minfo[39m [RouterExplorer] Mapped {/api/classes/:id/unhide, PATCH} route
2026-04-24 04:07:08 [32minfo[39m [RouterExplorer] Mapped {/api/classes/:classId/enrollments, GET} route
2026-04-24 04:07:09 [32minfo[39m [RouterExplorer] Mapped {/api/classes/:classId/students/:studentId/profile, GET} route
2026-04-24 04:07:09 [32minfo[39m [RouterExplorer] Mapped {/api/classes/:classId/students/:studentId/overview, GET} route
2026-04-24 04:07:09 [32minfo[39m [RouterExplorer] Mapped {/api/classes/:classId/students/masterlist, GET} route
2026-04-24 04:07:09 [32minfo[39m [RouterExplorer] Mapped {/api/classes/:classId/candidates, GET} route
2026-04-24 04:07:09 [32minfo[39m [RouterExplorer] Mapped {/api/classes/:classId/enrollments, POST} route
2026-04-24 04:07:09 [32minfo[39m [RouterExplorer] Mapped {/api/classes/:classId/enrollments/:studentId, DELETE} route
2026-04-24 04:07:09 [32minfo[39m [RoutesResolver] ClassesPublicController {/api/classes}:
2026-04-24 04:07:09 [32minfo[39m [RouterExplorer] Mapped {/api/classes/banners/:filename, GET} route
2026-04-24 04:07:09 [32minfo[39m [RoutesResolver] ClassRecordController {/api/class-record}:
2026-04-24 04:07:09 [32minfo[39m [RouterExplorer] Mapped {/api/class-record, POST} route
2026-04-24 04:07:09 [32minfo[39m [RouterExplorer] Mapped {/api/class-record/:id, GET} route
2026-04-24 04:07:09 [32minfo[39m [RouterExplorer] Mapped {/api/class-record/by-class/:classId, GET} route
2026-04-24 04:07:09 [32minfo[39m [RouterExplorer] Mapped {/api/class-record/:id/spreadsheet, GET} route
2026-04-24 04:07:09 [32minfo[39m [RouterExplorer] Mapped {/api/class-record/items/:itemId/scores, POST} route
2026-04-24 04:07:09 [32minfo[39m [RouterExplorer] Mapped {/api/class-record/items/:itemId, PATCH} route
2026-04-24 04:07:09 [32minfo[39m [RouterExplorer] Mapped {/api/class-record/items/:itemId/scores/bulk, POST} route
2026-04-24 04:07:09 [32minfo[39m [RouterExplorer] Mapped {/api/class-record/items/:itemId/sync-scores, POST} route
2026-04-24 04:07:09 [32minfo[39m [RouterExplorer] Mapped {/api/class-record/:id/preview-grades, GET} route
2026-04-24 04:07:09 [32minfo[39m [RouterExplorer] Mapped {/api/class-record/:id/finalize, POST} route
2026-04-24 04:07:09 [32minfo[39m [RouterExplorer] Mapped {/api/class-record/:id/reopen, POST} route
2026-04-24 04:07:09 [32minfo[39m [RouterExplorer] Mapped {/api/class-record/by-class/:classId/slot-overview, GET} route
2026-04-24 04:07:09 [32minfo[39m [RouterExplorer] Mapped {/api/class-record/:id/final-grades, GET} route
2026-04-24 04:07:09 [32minfo[39m [RouterExplorer] Mapped {/api/class-record/:classRecordId/final-grades/:studentId, GET} route
2026-04-24 04:07:09 [32minfo[39m [RouterExplorer] Mapped {/api/class-record/adviser/section/:sectionId, GET} route
2026-04-24 04:07:09 [32minfo[39m [RouterExplorer] Mapped {/api/class-record/:id/reports/class-average, GET} route
2026-04-24 04:07:09 [32minfo[39m [RouterExplorer] Mapped {/api/class-record/:id/reports/distribution, GET} route
2026-04-24 04:07:09 [32minfo[39m [RouterExplorer] Mapped {/api/class-record/:id/reports/intervention, GET} route
2026-04-24 04:07:09 [32minfo[39m [RoutesResolver] AcademicStateController {/api/academic-state}:
2026-04-24 04:07:09 [32minfo[39m [RouterExplorer] Mapped {/api/academic-state/current, GET} route
2026-04-24 04:07:09 [32minfo[39m [RouterExplorer] Mapped {/api/academic-state/impact-preview, GET} route
2026-04-24 04:07:09 [32minfo[39m [RouterExplorer] Mapped {/api/academic-state/transition, POST} route
2026-04-24 04:07:09 [32minfo[39m [RoutesResolver] AiMentorController {/api/ai}:
2026-04-24 04:07:09 [32minfo[39m [RouterExplorer] Mapped {/api/ai/chat, POST} route
2026-04-24 04:07:09 [32minfo[39m [RouterExplorer] Mapped {/api/ai/mentor/explain, POST} route
2026-04-24 04:07:09 [32minfo[39m [RouterExplorer] Mapped {/api/ai/teacher/classes/:classId/policy, GET} route
2026-04-24 04:07:09 [32minfo[39m [RouterExplorer] Mapped {/api/ai/teacher/classes/:classId/policy, PATCH} route
2026-04-24 04:07:09 [32minfo[39m [RouterExplorer] Mapped {/api/ai/student/tutor/bootstrap, GET} route
2026-04-24 04:07:09 [32minfo[39m [RouterExplorer] Mapped {/api/ai/student/tutor/session, POST} route
2026-04-24 04:07:09 [32minfo[39m [RouterExplorer] Mapped {/api/ai/student/tutor/session/:sessionId, GET} route
2026-04-24 04:07:09 [32minfo[39m [RouterExplorer] Mapped {/api/ai/student/tutor/session/:sessionId/message, POST} route
2026-04-24 04:07:09 [32minfo[39m [RouterExplorer] Mapped {/api/ai/student/tutor/session/:sessionId/answers, POST} route
2026-04-24 04:07:09 [32minfo[39m [RouterExplorer] Mapped {/api/ai/health, GET} route
2026-04-24 04:07:09 [32minfo[39m [RouterExplorer] Mapped {/api/ai/demo/intervention-plan, POST} route
2026-04-24 04:07:09 [32minfo[39m [RouterExplorer] Mapped {/api/ai/extract-module, POST} route
2026-04-24 04:07:09 [32minfo[39m [RouterExplorer] Mapped {/api/ai/extractions/:id/status, GET} route
2026-04-24 04:07:09 [32minfo[39m [RouterExplorer] Mapped {/api/ai/extractions, GET} route
2026-04-24 04:07:09 [32minfo[39m [RouterExplorer] Mapped {/api/ai/extractions/:id, GET} route
2026-04-24 04:07:09 [32minfo[39m [RouterExplorer] Mapped {/api/ai/extractions/:id, PATCH} route
2026-04-24 04:07:09 [32minfo[39m [RouterExplorer] Mapped {/api/ai/extractions/:id/apply, POST} route
2026-04-24 04:07:09 [32minfo[39m [RouterExplorer] Mapped {/api/ai/extractions/:id, DELETE} route
2026-04-24 04:07:09 [32minfo[39m [RouterExplorer] Mapped {/api/ai/history, GET} route
2026-04-24 04:07:09 [32minfo[39m [RouterExplorer] Mapped {/api/ai/admin/chat, POST} route
2026-04-24 04:07:09 [32minfo[39m [RouterExplorer] Mapped {/api/ai/admin/history, GET} route
2026-04-24 04:07:09 [32minfo[39m [RouterExplorer] Mapped {/api/ai/admin/sessions/:sessionId, GET} route
2026-04-24 04:07:09 [32minfo[39m [RouterExplorer] Mapped {/api/ai/teacher/interventions/:caseId/recommend, POST} route
2026-04-24 04:07:09 [32minfo[39m [RouterExplorer] Mapped {/api/ai/teacher/interventions/:caseId/jobs, POST} route
2026-04-24 04:07:09 [32minfo[39m [RouterExplorer] Mapped {/api/ai/teacher/quizzes/generate-draft, POST} route
2026-04-24 04:07:09 [32minfo[39m [RouterExplorer] Mapped {/api/ai/teacher/quizzes/jobs, POST} route
2026-04-24 04:07:09 [32minfo[39m [RouterExplorer] Mapped {/api/ai/teacher/jobs/:jobId, GET} route
2026-04-24 04:07:09 [32minfo[39m [RouterExplorer] Mapped {/api/ai/teacher/jobs/:jobId/result, GET} route
2026-04-24 04:07:09 [32minfo[39m [RouterExplorer] Mapped {/api/ai/teacher/jobs/:jobId, DELETE} route
2026-04-24 04:07:09 [32minfo[39m [RouterExplorer] Mapped {/api/ai/index/classes/:classId/status, GET} route
2026-04-24 04:07:09 [32minfo[39m [RouterExplorer] Mapped {/api/ai/index/classes/:classId, POST} route
2026-04-24 04:07:09 [32minfo[39m [RoutesResolver] AdminController {/api/admin}:
2026-04-24 04:07:09 [32minfo[39m [RouterExplorer] Mapped {/api/admin/overview, GET} route
2026-04-24 04:07:09 [32minfo[39m [RouterExplorer] Mapped {/api/admin/dashboard/stats, GET} route
2026-04-24 04:07:09 [32minfo[39m [RouterExplorer] Mapped {/api/admin/audit-logs, GET} route
2026-04-24 04:07:09 [32minfo[39m [RouterExplorer] Mapped {/api/admin/usage-summary, GET} route
2026-04-24 04:07:09 [32minfo[39m [RouterExplorer] Mapped {/api/admin/activity-export, GET} route
2026-04-24 04:07:09 [32minfo[39m [RoutesResolver] ReportsController {/api/reports}:
2026-04-24 04:07:09 [32minfo[39m [RouterExplorer] Mapped {/api/reports/student-master-list, GET} route
2026-04-24 04:07:09 [32minfo[39m [RouterExplorer] Mapped {/api/reports/class-enrollment, GET} route
2026-04-24 04:07:09 [32minfo[39m [RouterExplorer] Mapped {/api/reports/student-performance, GET} route
2026-04-24 04:07:09 [32minfo[39m [RouterExplorer] Mapped {/api/reports/intervention-participation, GET} route
2026-04-24 04:07:09 [32minfo[39m [RouterExplorer] Mapped {/api/reports/assessment-summary, GET} route
2026-04-24 04:07:09 [32minfo[39m [RouterExplorer] Mapped {/api/reports/system-usage, GET} route
2026-04-24 04:07:09 [32minfo[39m [RoutesResolver] AnalyticsController {/api/analytics}:
2026-04-24 04:07:09 [32minfo[39m [RouterExplorer] Mapped {/api/analytics/classes/:classId/intervention-outcomes, GET} route
2026-04-24 04:07:09 [32minfo[39m [RouterExplorer] Mapped {/api/analytics/classes/:classId/trends, GET} route
2026-04-24 04:07:09 [32minfo[39m [RouterExplorer] Mapped {/api/analytics/teachers/:teacherId/workload, GET} route
2026-04-24 04:07:09 [32minfo[39m [RouterExplorer] Mapped {/api/analytics/admin/overview, GET} route
2026-04-24 04:07:09 [32minfo[39m [RoutesResolver] HealthController {/api/health}:
2026-04-24 04:07:09 [32minfo[39m [RouterExplorer] Mapped {/api/health/live, GET} route
2026-04-24 04:07:09 [32minfo[39m [RouterExplorer] Mapped {/api/health, GET} route
2026-04-24 04:07:09 [32minfo[39m [RouterExplorer] Mapped {/api/health/ready, GET} route
2026-04-24 04:07:09 [32minfo[39m [RoutesResolver] PerformanceController {/api/performance}:
2026-04-24 04:07:09 [32minfo[39m [RouterExplorer] Mapped {/api/performance/classes/:classId/recompute, POST} route
2026-04-24 04:07:09 [32minfo[39m [RouterExplorer] Mapped {/api/performance/classes/:classId/summary, GET} route
2026-04-24 04:07:09 [32minfo[39m [RouterExplorer] Mapped {/api/performance/classes/:classId/at-risk, GET} route
2026-04-24 04:07:09 [32minfo[39m [RouterExplorer] Mapped {/api/performance/classes/:classId/logs, GET} route
2026-04-24 04:07:09 [32minfo[39m [RouterExplorer] Mapped {/api/performance/classes/:classId/analysis/jobs, POST} route
2026-04-24 04:07:09 [32minfo[39m [RouterExplorer] Mapped {/api/performance/analysis/jobs/:jobId, GET} route
2026-04-24 04:07:09 [32minfo[39m [RouterExplorer] Mapped {/api/performance/analysis/jobs/:jobId/result, GET} route
2026-04-24 04:07:09 [32minfo[39m [RouterExplorer] Mapped {/api/performance/classes/:classId/diagnostics, GET} route
2026-04-24 04:07:09 [32minfo[39m [RouterExplorer] Mapped {/api/performance/admin/analytics, GET} route
2026-04-24 04:07:09 [32minfo[39m [RouterExplorer] Mapped {/api/performance/students/me/summary, GET} route
2026-04-24 04:07:09 [32minfo[39m [RoutesResolver] LxpController {/api/lxp}:
2026-04-24 04:07:09 [32minfo[39m [RouterExplorer] Mapped {/api/lxp/me/eligibility, GET} route
2026-04-24 04:07:09 [32minfo[39m [RouterExplorer] Mapped {/api/lxp/me/playlist/:classId, GET} route
2026-04-24 04:07:09 [32minfo[39m [RouterExplorer] Mapped {/api/lxp/me/overview/:classId, GET} route
2026-04-24 04:07:09 [32minfo[39m [RouterExplorer] Mapped {/api/lxp/me/playlist/:classId/checkpoints/:assignmentId/complete, POST} route
2026-04-24 04:07:09 [32minfo[39m [RouterExplorer] Mapped {/api/lxp/teacher/classes/:classId/interventions, GET} route
2026-04-24 04:07:09 [32minfo[39m [RouterExplorer] Mapped {/api/lxp/teacher/interventions/pending-count, GET} route
2026-04-24 04:07:09 [32minfo[39m [RouterExplorer] Mapped {/api/lxp/teacher/interventions/:caseId/assign, POST} route
2026-04-24 04:07:09 [32minfo[39m [RouterExplorer] Mapped {/api/lxp/teacher/interventions/:caseId/resolve, POST} route
2026-04-24 04:07:09 [32minfo[39m [RouterExplorer] Mapped {/api/lxp/teacher/interventions/:caseId/activate, POST} route
2026-04-24 04:07:09 [32minfo[39m [RouterExplorer] Mapped {/api/lxp/teacher/interventions/:caseId, GET} route
2026-04-24 04:07:09 [32minfo[39m [RouterExplorer] Mapped {/api/lxp/teacher/interventions/:caseId/detail, GET} route
2026-04-24 04:07:09 [32minfo[39m [RouterExplorer] Mapped {/api/lxp/teacher/classes/:classId/reports/summary, GET} route
2026-04-24 04:07:09 [32minfo[39m [RouterExplorer] Mapped {/api/lxp/evaluations, POST} route
2026-04-24 04:07:09 [32minfo[39m [RouterExplorer] Mapped {/api/lxp/evaluations, GET} route
2026-04-24 04:07:09 [32minfo[39m [RoutesResolver] NotificationsController {/api/notifications}:
2026-04-24 04:07:09 [32minfo[39m [RouterExplorer] Mapped {/api/notifications, GET} route
2026-04-24 04:07:09 [32minfo[39m [RouterExplorer] Mapped {/api/notifications/unread-count, GET} route
2026-04-24 04:07:09 [32minfo[39m [RouterExplorer] Mapped {/api/notifications/read-all, PATCH} route
2026-04-24 04:07:09 [32minfo[39m [RouterExplorer] Mapped {/api/notifications/:id/read, PATCH} route
2026-04-24 04:07:09 [32minfo[39m [RoutesResolver] LessonsController {/api/lessons}:
2026-04-24 04:07:09 [32minfo[39m [RouterExplorer] Mapped {/api/lessons/class/:classId, GET} route
2026-04-24 04:07:09 [32minfo[39m [RouterExplorer] Mapped {/api/lessons/class/:classId/drafts, GET} route
2026-04-24 04:07:09 [32minfo[39m [RouterExplorer] Mapped {/api/lessons/:id, GET} route
2026-04-24 04:07:09 [32minfo[39m [RouterExplorer] Mapped {/api/lessons, POST} route
2026-04-24 04:07:09 [32minfo[39m [RouterExplorer] Mapped {/api/lessons/:id, PUT} route
2026-04-24 04:07:09 [32minfo[39m [RouterExplorer] Mapped {/api/lessons/:id/publish, PUT} route
2026-04-24 04:07:09 [32minfo[39m [RouterExplorer] Mapped {/api/lessons/:id/versions, GET} route
2026-04-24 04:07:09 [32minfo[39m [RouterExplorer] Mapped {/api/lessons/:id/versions, POST} route
2026-04-24 04:07:09 [32minfo[39m [RouterExplorer] Mapped {/api/lessons/:id/versions/:versionId/restore, POST} route
2026-04-24 04:07:09 [32minfo[39m [RouterExplorer] Mapped {/api/lessons/class/:classId/bulk-status, PUT} route
2026-04-24 04:07:09 [32minfo[39m [RouterExplorer] Mapped {/api/lessons/class/:classId/bulk-delete, POST} route
2026-04-24 04:07:09 [32minfo[39m [RouterExplorer] Mapped {/api/lessons/class/:classId/reorder, PUT} route
2026-04-24 04:07:09 [32minfo[39m [RouterExplorer] Mapped {/api/lessons/:id, DELETE} route
2026-04-24 04:07:09 [32minfo[39m [RouterExplorer] Mapped {/api/lessons/:lessonId/blocks, POST} route
2026-04-24 04:07:09 [32minfo[39m [RouterExplorer] Mapped {/api/lessons/blocks/:blockId, PUT} route
2026-04-24 04:07:09 [32minfo[39m [RouterExplorer] Mapped {/api/lessons/blocks/:blockId, DELETE} route
2026-04-24 04:07:09 [32minfo[39m [RouterExplorer] Mapped {/api/lessons/:lessonId/reorder-blocks, PUT} route
2026-04-24 04:07:09 [32minfo[39m [RouterExplorer] Mapped {/api/lessons/:lessonId/complete, POST} route
2026-04-24 04:07:09 [32minfo[39m [RouterExplorer] Mapped {/api/lessons/:lessonId/completion-status, GET} route
2026-04-24 04:07:09 [32minfo[39m [RouterExplorer] Mapped {/api/lessons/class/:classId/completed, GET} route
2026-04-24 04:07:09 [32minfo[39m [RoutesResolver] AssessmentsController {/api/assessments}:
2026-04-24 04:07:09 [32minfo[39m [RouterExplorer] Mapped {/api/assessments/class/:classId, GET} route
2026-04-24 04:07:09 [32minfo[39m [RouterExplorer] Mapped {/api/assessments/:id, GET} route
2026-04-24 04:07:09 [32minfo[39m [RouterExplorer] Mapped {/api/assessments, POST} route
2026-04-24 04:07:09 [32minfo[39m [RouterExplorer] Mapped {/api/assessments/:id, PUT} route
2026-04-24 04:07:09 [32minfo[39m [RouterExplorer] Mapped {/api/assessments/:id/core-release, PATCH} route
2026-04-24 04:07:09 [32minfo[39m [RouterExplorer] Mapped {/api/assessments/:id, DELETE} route
2026-04-24 04:07:09 [32minfo[39m [RouterExplorer] Mapped {/api/assessments/questions, POST} route
2026-04-24 04:07:09 [32minfo[39m [RouterExplorer] Mapped {/api/assessments/questions/:id, PUT} route
2026-04-24 04:07:09 [32minfo[39m [RouterExplorer] Mapped {/api/assessments/questions/:id, DELETE} route
2026-04-24 04:07:09 [32minfo[39m [RouterExplorer] Mapped {/api/assessments/questions/:id/image, POST} route
2026-04-24 04:07:09 [32minfo[39m [RouterExplorer] Mapped {/api/assessments/questions/images-private/:filename, GET} route
2026-04-24 04:07:09 [32minfo[39m [RouterExplorer] Mapped {/api/assessments/:assessmentId/teacher-attachment, POST} route
2026-04-24 04:07:09 [32minfo[39m [RouterExplorer] Mapped {/api/assessments/:assessmentId/submission-file, POST} route
2026-04-24 04:07:09 [32minfo[39m [RouterExplorer] Mapped {/api/assessments/:assessmentId/teacher-attachment/download, GET} route
2026-04-24 04:07:09 [32minfo[39m [RouterExplorer] Mapped {/api/assessments/attempts/:attemptId/submission-file/download, GET} route
2026-04-24 04:07:09 [32minfo[39m [RouterExplorer] Mapped {/api/assessments/:assessmentId/start, POST} route
2026-04-24 04:07:09 [32minfo[39m [RouterExplorer] Mapped {/api/assessments/:assessmentId/ongoing-attempt, GET} route
2026-04-24 04:07:09 [32minfo[39m [RouterExplorer] Mapped {/api/assessments/attempts/ongoing, GET} route
2026-04-24 04:07:09 [32minfo[39m [RouterExplorer] Mapped {/api/assessments/attempts/:attemptId/progress, PATCH} route
2026-04-24 04:07:09 [32minfo[39m [RouterExplorer] Mapped {/api/assessments/submit, POST} route
2026-04-24 04:07:09 [32minfo[39m [RouterExplorer] Mapped {/api/assessments/:assessmentId/rubric-source, POST} route
2026-04-24 04:07:09 [32minfo[39m [RouterExplorer] Mapped {/api/assessments/:assessmentId/rubric-review, PUT} route
2026-04-24 04:07:09 [32minfo[39m [RouterExplorer] Mapped {/api/assessments/:assessmentId/unsubmit-file-upload, POST} route
2026-04-24 04:07:09 [32minfo[39m [RouterExplorer] Mapped {/api/assessments/attempts/:attemptId/results, GET} route
2026-04-24 04:07:09 [32minfo[39m [RouterExplorer] Mapped {/api/assessments/:assessmentId/student-attempts, GET} route
2026-04-24 04:07:09 [32minfo[39m [RouterExplorer] Mapped {/api/assessments/:assessmentId/all-attempts, GET} route
2026-04-24 04:07:09 [32minfo[39m [RouterExplorer] Mapped {/api/assessments/:assessmentId/stats, GET} route
2026-04-24 04:07:09 [32minfo[39m [RouterExplorer] Mapped {/api/assessments/:assessmentId/question-analytics, GET} route
2026-04-24 04:07:09 [32minfo[39m [RouterExplorer] Mapped {/api/assessments/:assessmentId/submissions, GET} route
2026-04-24 04:07:09 [32minfo[39m [RouterExplorer] Mapped {/api/assessments/attempts/:attemptId/return, POST} route
2026-04-24 04:07:09 [32minfo[39m [RouterExplorer] Mapped {/api/assessments/:assessmentId/return-all, POST} route
2026-04-24 04:07:09 [32minfo[39m [RoutesResolver] AssessmentsPublicController {/api/assessments}:
2026-04-24 04:07:09 [32minfo[39m [RouterExplorer] Mapped {/api/assessments/questions/images/:filename, GET} route
2026-04-24 04:07:09 [32minfo[39m [RoutesResolver] ProfilesController {/api/profiles}:
2026-04-24 04:07:09 [32minfo[39m [RouterExplorer] Mapped {/api/profiles/me, GET} route
2026-04-24 04:07:09 [32minfo[39m [RouterExplorer] Mapped {/api/profiles/me/academic-summary, GET} route
2026-04-24 04:07:09 [32minfo[39m [RouterExplorer] Mapped {/api/profiles/me/transcript, GET} route
2026-04-24 04:07:09 [32minfo[39m [RouterExplorer] Mapped {/api/profiles/me/assessment-history, GET} route
2026-04-24 04:07:09 [32minfo[39m [RouterExplorer] Mapped {/api/profiles/images/:filename, GET} route
2026-04-24 04:07:09 [32minfo[39m [RouterExplorer] Mapped {/api/profiles/:userId, GET} route
2026-04-24 04:07:09 [32minfo[39m [RouterExplorer] Mapped {/api/profiles/create, POST} route
2026-04-24 04:07:09 [32minfo[39m [RouterExplorer] Mapped {/api/profiles/update/:userId, PUT} route
2026-04-24 04:07:09 [32minfo[39m [RouterExplorer] Mapped {/api/profiles/me/avatar, POST} route
2026-04-24 04:07:09 [32minfo[39m [RoutesResolver] TeacherController {/api/teacher}:
2026-04-24 04:07:09 [32minfo[39m [RouterExplorer] Mapped {/api/teacher/lessons, GET} route
2026-04-24 04:07:09 [32minfo[39m [RouterExplorer] Mapped {/api/teacher/classes, GET} route
2026-04-24 04:07:09 [32minfo[39m [RouterExplorer] Mapped {/api/teacher/assessments, GET} route
2026-04-24 04:07:09 [32minfo[39m [RoutesResolver] MetricsController {/api}:
2026-04-24 04:07:09 [32minfo[39m [RouterExplorer] Mapped {/api/metrics, GET} route
2026-04-24 04:07:09 [32minfo[39m [RoutesResolver] FileUploadController {/api/files}:
2026-04-24 04:07:09 [32minfo[39m [RouterExplorer] Mapped {/api/files/upload, POST} route
2026-04-24 04:07:09 [32minfo[39m [RouterExplorer] Mapped {/api/files, GET} route
2026-04-24 04:07:09 [32minfo[39m [RouterExplorer] Mapped {/api/files/folders, GET} route
2026-04-24 04:07:09 [32minfo[39m [RouterExplorer] Mapped {/api/files/folders, POST} route
2026-04-24 04:07:09 [32minfo[39m [RouterExplorer] Mapped {/api/files/folders/:id, PATCH} route
2026-04-24 04:07:09 [32minfo[39m [RouterExplorer] Mapped {/api/files/folders/:id, DELETE} route
2026-04-24 04:07:09 [32minfo[39m [RouterExplorer] Mapped {/api/files/storage-summary, GET} route
2026-04-24 04:07:09 [32minfo[39m [RouterExplorer] Mapped {/api/files/:id, GET} route
2026-04-24 04:07:09 [32minfo[39m [RouterExplorer] Mapped {/api/files/:id, PATCH} route
2026-04-24 04:07:09 [32minfo[39m [RouterExplorer] Mapped {/api/files/:id/download, GET} route
2026-04-24 04:07:09 [32minfo[39m [RouterExplorer] Mapped {/api/files/:id/index/retry, POST} route
2026-04-24 04:07:09 [32minfo[39m [RouterExplorer] Mapped {/api/files/:id, DELETE} route
2026-04-24 04:07:09 [32minfo[39m [RoutesResolver] RosterImportController {/api/roster-import}:
2026-04-24 04:07:09 [32minfo[39m [RouterExplorer] Mapped {/api/roster-import/:sectionId/preview, POST} route
2026-04-24 04:07:09 [32minfo[39m [RouterExplorer] Mapped {/api/roster-import/:sectionId/commit, POST} route
2026-04-24 04:07:09 [32minfo[39m [RouterExplorer] Mapped {/api/roster-import/:sectionId/pending, GET} route
2026-04-24 04:07:09 [32minfo[39m [RouterExplorer] Mapped {/api/roster-import/pending/:id/resolve, PATCH} route
2026-04-24 04:07:09 [32minfo[39m [RoutesResolver] AnnouncementsController {/api/classes/:classId/announcements}:
2026-04-24 04:07:09 [32minfo[39m [RouterExplorer] Mapped {/api/classes/:classId/announcements, POST} route
2026-04-24 04:07:09 [32minfo[39m [RouterExplorer] Mapped {/api/classes/:classId/announcements, GET} route
2026-04-24 04:07:09 [32minfo[39m [RouterExplorer] Mapped {/api/classes/:classId/announcements/:id, GET} route
2026-04-24 04:07:09 [32minfo[39m [RouterExplorer] Mapped {/api/classes/:classId/announcements/:id, PATCH} route
2026-04-24 04:07:09 [32minfo[39m [RouterExplorer] Mapped {/api/classes/:classId/announcements/:id/core-release, PATCH} route
2026-04-24 04:07:09 [32minfo[39m [RouterExplorer] Mapped {/api/classes/:classId/announcements/:id, DELETE} route
2026-04-24 04:07:09 [32minfo[39m [RoutesResolver] TeacherProfilesController {/api/teacher-profiles}:
2026-04-24 04:07:09 [32minfo[39m [RouterExplorer] Mapped {/api/teacher-profiles/me, GET} route
2026-04-24 04:07:09 [32minfo[39m [RouterExplorer] Mapped {/api/teacher-profiles/:userId, GET} route
2026-04-24 04:07:09 [32minfo[39m [RouterExplorer] Mapped {/api/teacher-profiles/:userId, PUT} route
2026-04-24 04:07:09 [32minfo[39m [RouterExplorer] Mapped {/api/teacher-profiles/me/avatar, POST} route
2026-04-24 04:07:09 [32minfo[39m [RoutesResolver] ContentModulesController {/api/modules}:
2026-04-24 04:07:09 [32minfo[39m [RouterExplorer] Mapped {/api/modules/class/:classId, GET} route
2026-04-24 04:07:09 [32minfo[39m [RouterExplorer] Mapped {/api/modules/class/:classId/:moduleId, GET} route
2026-04-24 04:07:09 [32minfo[39m [RouterExplorer] Mapped {/api/modules, POST} route
2026-04-24 04:07:09 [32minfo[39m [RouterExplorer] Mapped {/api/modules/:moduleId, PATCH} route
2026-04-24 04:07:09 [32minfo[39m [RouterExplorer] Mapped {/api/modules/:moduleId/core-release, PATCH} route
2026-04-24 04:07:09 [32minfo[39m [RouterExplorer] Mapped {/api/modules/:moduleId, DELETE} route
2026-04-24 04:07:09 [32minfo[39m [RouterExplorer] Mapped {/api/modules/class/:classId/reorder, PUT} route
2026-04-24 04:07:09 [32minfo[39m [RouterExplorer] Mapped {/api/modules/:moduleId/sections, POST} route
2026-04-24 04:07:09 [32minfo[39m [RouterExplorer] Mapped {/api/modules/sections/:sectionId, PATCH} route
2026-04-24 04:07:09 [32minfo[39m [RouterExplorer] Mapped {/api/modules/sections/:sectionId, DELETE} route
2026-04-24 04:07:09 [32minfo[39m [RouterExplorer] Mapped {/api/modules/:moduleId/sections/reorder, PUT} route
2026-04-24 04:07:09 [32minfo[39m [RouterExplorer] Mapped {/api/modules/sections/:sectionId/items, POST} route
2026-04-24 04:07:09 [32minfo[39m [RouterExplorer] Mapped {/api/modules/items/:itemId, PATCH} route
2026-04-24 04:07:09 [32minfo[39m [RouterExplorer] Mapped {/api/modules/items/:itemId/core-release, PATCH} route
2026-04-24 04:07:09 [32minfo[39m [RouterExplorer] Mapped {/api/modules/items/:itemId, DELETE} route
2026-04-24 04:07:09 [32minfo[39m [RouterExplorer] Mapped {/api/modules/items/:itemId/file/download, GET} route
2026-04-24 04:07:09 [32minfo[39m [RouterExplorer] Mapped {/api/modules/sections/:sectionId/items/reorder, PUT} route
2026-04-24 04:07:09 [32minfo[39m [RouterExplorer] Mapped {/api/modules/:moduleId/grading-scale, PUT} route
2026-04-24 04:07:09 [32minfo[39m [RouterExplorer] Mapped {/api/modules/:moduleId/cover, POST} route
2026-04-24 04:07:09 [32minfo[39m [RouterExplorer] Mapped {/api/modules/covers/:filename, GET} route
2026-04-24 04:07:09 [32minfo[39m [RoutesResolver] SchoolEventsController {/api/school-events}:
2026-04-24 04:07:09 [32minfo[39m [RouterExplorer] Mapped {/api/school-events, GET} route
2026-04-24 04:07:09 [32minfo[39m [RouterExplorer] Mapped {/api/school-events, POST} route
2026-04-24 04:07:09 [32minfo[39m [RouterExplorer] Mapped {/api/school-events/:id, PATCH} route
2026-04-24 04:07:09 [32minfo[39m [RouterExplorer] Mapped {/api/school-events/:id, DELETE} route
2026-04-24 04:07:09 [32minfo[39m [RoutesResolver] JaController {/api/ai/student/ja/practice}:
2026-04-24 04:07:09 [32minfo[39m [RouterExplorer] Mapped {/api/ai/student/ja/practice/bootstrap, GET} route
2026-04-24 04:07:09 [32minfo[39m [RouterExplorer] Mapped {/api/ai/student/ja/practice/sessions, POST} route
2026-04-24 04:07:09 [32minfo[39m [RouterExplorer] Mapped {/api/ai/student/ja/practice/sessions/:sessionId, GET} route
2026-04-24 04:07:09 [32minfo[39m [RouterExplorer] Mapped {/api/ai/student/ja/practice/sessions/:sessionId/responses, POST} route
2026-04-24 04:07:09 [32minfo[39m [RouterExplorer] Mapped {/api/ai/student/ja/practice/sessions/:sessionId/events, POST} route
2026-04-24 04:07:09 [32minfo[39m [RouterExplorer] Mapped {/api/ai/student/ja/practice/sessions/:sessionId/complete, POST} route
2026-04-24 04:07:09 [32minfo[39m [RouterExplorer] Mapped {/api/ai/student/ja/practice/sessions/:sessionId, DELETE} route
2026-04-24 04:07:09 [32minfo[39m [RoutesResolver] JaHubController {/api/ai/student/ja}:
2026-04-24 04:07:09 [32minfo[39m [RouterExplorer] Mapped {/api/ai/student/ja/hub, GET} route
2026-04-24 04:07:09 [32minfo[39m [RouterExplorer] Mapped {/api/ai/student/ja/ask/bootstrap, GET} route
2026-04-24 04:07:09 [32minfo[39m [RouterExplorer] Mapped {/api/ai/student/ja/ask/threads, POST} route
2026-04-24 04:07:09 [32minfo[39m [RouterExplorer] Mapped {/api/ai/student/ja/ask/threads/:threadId, GET} route
2026-04-24 04:07:09 [32minfo[39m [RouterExplorer] Mapped {/api/ai/student/ja/ask/threads/:threadId/messages, POST} route
2026-04-24 04:07:09 [32minfo[39m [RouterExplorer] Mapped {/api/ai/student/ja/review/bootstrap, GET} route
2026-04-24 04:07:09 [32minfo[39m [RouterExplorer] Mapped {/api/ai/student/ja/review/sessions, POST} route
2026-04-24 04:07:09 [32minfo[39m [RouterExplorer] Mapped {/api/ai/student/ja/review/sessions/:sessionId, GET} route
2026-04-24 04:07:09 [32minfo[39m [RouterExplorer] Mapped {/api/ai/student/ja/review/sessions/:sessionId/responses, POST} route
2026-04-24 04:07:09 [32minfo[39m [RouterExplorer] Mapped {/api/ai/student/ja/review/sessions/:sessionId/events, POST} route
2026-04-24 04:07:09 [32minfo[39m [RouterExplorer] Mapped {/api/ai/student/ja/review/sessions/:sessionId/complete, POST} route
2026-04-24 04:07:09 [32minfo[39m [RoutesResolver] ClassTemplatesController {/api/class-templates}:
2026-04-24 04:07:09 [32minfo[39m [RouterExplorer] Mapped {/api/class-templates, GET} route
2026-04-24 04:07:09 [32minfo[39m [RouterExplorer] Mapped {/api/class-templates/compatible, GET} route
2026-04-24 04:07:09 [32minfo[39m [RouterExplorer] Mapped {/api/class-templates, POST} route
2026-04-24 04:07:09 [32minfo[39m [RouterExplorer] Mapped {/api/class-templates/:id, GET} route
2026-04-24 04:07:09 [32minfo[39m [RouterExplorer] Mapped {/api/class-templates/:id, PATCH} route
2026-04-24 04:07:09 [32minfo[39m [RouterExplorer] Mapped {/api/class-templates/:id, DELETE} route
2026-04-24 04:07:09 [32minfo[39m [RouterExplorer] Mapped {/api/class-templates/:id/publish, POST} route
2026-04-24 04:07:09 [32minfo[39m [RouterExplorer] Mapped {/api/class-templates/:id/content, GET} route
2026-04-24 04:07:09 [32minfo[39m [RouterExplorer] Mapped {/api/class-templates/:id/content, PUT} route
2026-04-24 04:07:09 [32minfo[39m [RouterExplorer] Mapped {/api/class-templates/:id/engine-export, GET} route
2026-04-24 04:07:09 [32minfo[39m [RouterExplorer] Mapped {/api/class-templates/engine-import/validate, POST} route
2026-04-24 04:07:09 [32minfo[39m [RouterExplorer] Mapped {/api/class-templates/engine-import, POST} route
2026-04-24 04:07:09 [32minfo[39m [RoutesResolver] DiscussionBoardController {/api/classes/:classId/discussion-threads}:
2026-04-24 04:07:09 [32minfo[39m [RouterExplorer] Mapped {/api/classes/:classId/discussion-threads/uploads, POST} route
2026-04-24 04:07:09 [32minfo[39m [RouterExplorer] Mapped {/api/classes/:classId/discussion-threads/:threadId/comments/uploads, POST} route
2026-04-24 04:07:09 [32minfo[39m [RouterExplorer] Mapped {/api/classes/:classId/discussion-threads, POST} route
2026-04-24 04:07:09 [32minfo[39m [RouterExplorer] Mapped {/api/classes/:classId/discussion-threads, GET} route
2026-04-24 04:07:09 [32minfo[39m [RouterExplorer] Mapped {/api/classes/:classId/discussion-threads/:threadId, GET} route
2026-04-24 04:07:09 [32minfo[39m [RouterExplorer] Mapped {/api/classes/:classId/discussion-threads/:threadId, PATCH} route
2026-04-24 04:07:09 [32minfo[39m [RouterExplorer] Mapped {/api/classes/:classId/discussion-threads/:threadId/publish, POST} route
2026-04-24 04:07:09 [32minfo[39m [RouterExplorer] Mapped {/api/classes/:classId/discussion-threads/:threadId/close, POST} route
2026-04-24 04:07:09 [32minfo[39m [RouterExplorer] Mapped {/api/classes/:classId/discussion-threads/:threadId/reopen, POST} route
2026-04-24 04:07:09 [32minfo[39m [RouterExplorer] Mapped {/api/classes/:classId/discussion-threads/:threadId, DELETE} route
2026-04-24 04:07:09 [32minfo[39m [RouterExplorer] Mapped {/api/classes/:classId/discussion-threads/:threadId/comments, POST} route
2026-04-24 04:07:09 [32minfo[39m [RouterExplorer] Mapped {/api/classes/:classId/discussion-threads/:threadId/comments/:commentId, DELETE} route
2026-04-24 04:07:09 [32minfo[39m [RouterExplorer] Mapped {/api/classes/:classId/discussion-threads/:threadId/comments/:commentId/reaction, PUT} route
2026-04-24 04:07:09 [32minfo[39m [RouterExplorer] Mapped {/api/classes/:classId/discussion-threads/:threadId/comments/:commentId/reaction, DELETE} route
2026-04-24 04:07:09 [32minfo[39m [RouterExplorer] Mapped {/api/classes/:classId/discussion-threads/:threadId/attachments/:attachmentId/inline, GET} route
2026-04-24 04:07:09 [32minfo[39m [RouterExplorer] Mapped {/api/classes/:classId/discussion-threads/:threadId/attachments/:attachmentId/download, GET} route
2026-04-24 04:07:09 [32minfo[39m [RouterExplorer] Mapped {/api/classes/:classId/discussion-threads/:threadId/comments/:commentId/attachments/:attachmentId/inline, GET} route
2026-04-24 04:07:09 [32minfo[39m [RouterExplorer] Mapped {/api/classes/:classId/discussion-threads/:threadId/comments/:commentId/attachments/:attachmentId/download, GET} route
2026-04-24 04:07:09 [34mdebug[39m [DatabaseService] New database connection established
2026-04-24 04:07:09 [32minfo[39m [DatabaseService] ✅ Database connection verified
2026-04-24 04:07:09 [32minfo[39m [NestApplication] Nest application successfully started
2026-04-24 04:07:09 [32minfo[39m [Bootstrap] Application running on http://localhost:3000 [development]
2026-04-24 04:07:09 [32minfo[39m [Bootstrap] CORS allowlist: http://localhost:3001, http://localhost:8081, http://localhost:5173, http://127.0.0.1:5173, http://127.0.0.1:8081, http://127.0.0.1:3001
Query: select "id", "email", "password", "first_name", "middle_name", "last_name", "account_status", "is_email_verified", "last_login_at", "created_at", "updated_at" from "users" "users" where "users"."email" = $1 limit $2 -- params: ["teacher1@lms.local", 1]
Query: select "userRoles"."user_id", "userRoles"."role_id", "userRoles"."assigned_at", "userRoles"."assigned_by", "userRoles_role"."data" as "role" from "user_roles" "userRoles" left join lateral (select json_build_array("userRoles_role"."id", "userRoles_role"."name", "userRoles_role"."description", "userRoles_role"."created_at") as "data" from (select * from "roles" "userRoles_role" where "userRoles_role"."id" = "userRoles"."role_id" limit $1) "userRoles_role") "userRoles_role" on true where "userRoles"."user_id" = $2 -- params: [1, "bd1fdd95-f1fb-4049-a60d-4b7261095e82"]
Query: select "user_id", "date_of_birth", "profile_picture", "gender", "phone", "address", "family_name", "family_relationship", "family_contact", "grade_level", "lrn", "created_at", "updated_at" from "student_profiles" "studentProfiles" where "studentProfiles"."user_id" = $1 limit $2 -- params: ["bd1fdd95-f1fb-4049-a60d-4b7261095e82", 1]
2026-04-24 04:07:25 [34mdebug[39m [DatabaseService] New database connection established
Query: select "user_id", "department", "specialization", "profile_picture", "contact_number", "date_of_birth", "gender", "address", "employee_id", "created_at", "updated_at" from "teacher_profiles" "teacherProfiles" where "teacherProfiles"."user_id" = $1 limit $2 -- params: ["bd1fdd95-f1fb-4049-a60d-4b7261095e82", 1]
Query: update "users" set "last_login_at" = $1 where "users"."id" = $2 -- params: ["2026-04-23T20:07:25.847Z", "bd1fdd95-f1fb-4049-a60d-4b7261095e82"]
Query: insert into "refresh_tokens" ("id", "user_id", "token_hash", "user_agent", "ip", "revoked", "expires_at", "created_at") values (default, $1, $2, $3, $4, $5, $6, default) -- params: ["bd1fdd95-f1fb-4049-a60d-4b7261095e82", "2c502db455b75ea4c0f0ba1c07bc6b710bdc17efaea58690c4ec91efd1b2942b", "Mozilla/5.0 (Windows NT; Windows NT 10.0; en-PH) WindowsPowerShell/5.1.26100.8115", "127.0.0.1", false, "2026-04-30T20:07:25.860Z"]
2026-04-24 04:07:25 [34mdebug[39m [JwtAuthGuard] [AUTH-GUARD] Authorization header present: true
2026-04-24 04:07:25 [34mdebug[39m [JwtStrategy] [JWT-STRAT] Validating token for userId: bd1fdd95-f1fb-4049-a60d-4b7261095e82
Query: select "id", "email", "password", "first_name", "middle_name", "last_name", "account_status", "is_email_verified", "last_login_at", "created_at", "updated_at" from "users" "users" where "users"."id" = $1 limit $2 -- params: ["bd1fdd95-f1fb-4049-a60d-4b7261095e82", 1]
Query: select "user_id", "date_of_birth", "profile_picture", "gender", "phone", "address", "family_name", "family_relationship", "family_contact", "grade_level", "lrn", "created_at", "updated_at" from "student_profiles" "studentProfiles" where "studentProfiles"."user_id" = $1 limit $2 -- params: ["bd1fdd95-f1fb-4049-a60d-4b7261095e82", 1]
Query: select "userRoles"."user_id", "userRoles"."role_id", "userRoles"."assigned_at", "userRoles"."assigned_by", "userRoles_role"."data" as "role" from "user_roles" "userRoles" left join lateral (select json_build_array("userRoles_role"."id", "userRoles_role"."name", "userRoles_role"."description", "userRoles_role"."created_at") as "data" from (select * from "roles" "userRoles_role" where "userRoles_role"."id" = "userRoles"."role_id" limit $1) "userRoles_role") "userRoles_role" on true where "userRoles"."user_id" = $2 -- params: [1, "bd1fdd95-f1fb-4049-a60d-4b7261095e82"]
Query: select "user_id", "department", "specialization", "profile_picture", "contact_number", "date_of_birth", "gender", "address", "employee_id", "created_at", "updated_at" from "teacher_profiles" "teacherProfiles" where "teacherProfiles"."user_id" = $1 limit $2 -- params: ["bd1fdd95-f1fb-4049-a60d-4b7261095e82", 1]
2026-04-24 04:07:25 [34mdebug[39m [JwtStrategy] [JWT-STRAT] User lookup for bd1fdd95-f1fb-4049-a60d-4b7261095e82: found=true
2026-04-24 04:07:25 [34mdebug[39m [JwtAuthGuard] [AUTH-GUARD] Authorization header present: true
2026-04-24 04:07:25 [34mdebug[39m [JwtStrategy] [JWT-STRAT] Validating token for userId: bd1fdd95-f1fb-4049-a60d-4b7261095e82
Query: select "id", "email", "password", "first_name", "middle_name", "last_name", "account_status", "is_email_verified", "last_login_at", "created_at", "updated_at" from "users" "users" where "users"."id" = $1 limit $2 -- params: ["bd1fdd95-f1fb-4049-a60d-4b7261095e82", 1]
Query: select "user_id", "date_of_birth", "profile_picture", "gender", "phone", "address", "family_name", "family_relationship", "family_contact", "grade_level", "lrn", "created_at", "updated_at" from "student_profiles" "studentProfiles" where "studentProfiles"."user_id" = $1 limit $2 -- params: ["bd1fdd95-f1fb-4049-a60d-4b7261095e82", 1]
Query: select "userRoles"."user_id", "userRoles"."role_id", "userRoles"."assigned_at", "userRoles"."assigned_by", "userRoles_role"."data" as "role" from "user_roles" "userRoles" left join lateral (select json_build_array("userRoles_role"."id", "userRoles_role"."name", "userRoles_role"."description", "userRoles_role"."created_at") as "data" from (select * from "roles" "userRoles_role" where "userRoles_role"."id" = "userRoles"."role_id" limit $1) "userRoles_role") "userRoles_role" on true where "userRoles"."user_id" = $2 -- params: [1, "bd1fdd95-f1fb-4049-a60d-4b7261095e82"]
Query: select "user_id", "department", "specialization", "profile_picture", "contact_number", "date_of_birth", "gender", "address", "employee_id", "created_at", "updated_at" from "teacher_profiles" "teacherProfiles" where "teacherProfiles"."user_id" = $1 limit $2 -- params: ["bd1fdd95-f1fb-4049-a60d-4b7261095e82", 1]
2026-04-24 04:07:26 [34mdebug[39m [JwtStrategy] [JWT-STRAT] User lookup for bd1fdd95-f1fb-4049-a60d-4b7261095e82: found=true
2026-04-24 04:07:26 [34mdebug[39m [RolesGuard] [ROLES] Required: ["teacher","admin"] | User roles: ["teacher"] | Path: /api/ai/teacher/interventions/1b6c590a-b6a2-4fb7-a45a-f1f4cf7231f8/recommend
Query: select "id", "class_id", "student_id", "status" from "intervention_cases" "interventionCases" where "interventionCases"."id" = $1 limit $2 -- params: ["1b6c590a-b6a2-4fb7-a45a-f1f4cf7231f8", 1]
Query: select "id", "teacher_id" from "classes" "classes" where "classes"."id" = $1 limit $2 -- params: ["b154d6f7-ec2e-46b1-b6e3-e790039cb14d", 1]
Query: select "is_at_risk" from "performance_snapshots" "performanceSnapshots" where ("performanceSnapshots"."student_id" = $1 and "performanceSnapshots"."class_id" = $2) limit $3 -- params: ["d54601e8-a0ba-4964-8d75-de8787444c4e", "b154d6f7-ec2e-46b1-b6e3-e790039cb14d", 1]
2026-04-24 04:07:29 [33mwarn[39m  AI service returned 500 for POST /teacher/interventions/1b6c590a-b6a2-4fb7-a45a-f1f4cf7231f8/recommend: %j
2026-04-24 04:07:29 [31merror[39m [AiProxyService] AI service request failed: Internal Server Error
2026-04-24 04:07:50 [34mdebug[39m [JwtAuthGuard] [AUTH-GUARD] Authorization header present: true
2026-04-24 04:07:50 [34mdebug[39m [JwtAuthGuard] [AUTH-GUARD] Auth failed: jwt expired
Query: begin
Query: update "refresh_tokens" set "revoked" = $1 where ("refresh_tokens"."token_hash" = $2 and "refresh_tokens"."revoked" = $3 and "refresh_tokens"."expires_at" > $4) returning "id", "user_id", "token_hash", "user_agent", "ip", "revoked", "expires_at", "created_at" -- params: [true, "30ee72b5354df2dc89a097c5f123241d640366e288c0dc53b9e77ac1cdeae633", false, "2026-04-23T20:07:50.256Z"]
Query: insert into "refresh_tokens" ("id", "user_id", "token_hash", "user_agent", "ip", "revoked", "expires_at", "created_at") values (default, $1, $2, $3, $4, $5, $6, default) -- params: ["092958f2-f594-4ad5-b946-1b9de0701499", "84c2e5075b1f4d0697b0e8279d7395b49dd80607694cf718ea05ddfdab49e533", "Mozilla/5.0 (Windows NT 10.0; Win64; x64) AppleWebKit/537.36 (KHTML, like Gecko) Chrome/147.0.0.0 Safari/537.36", "127.0.0.1", false, "2026-04-30T20:07:50.269Z"]
Query: commit
Query: select "id", "email", "password", "first_name", "middle_name", "last_name", "account_status", "is_email_verified", "last_login_at", "created_at", "updated_at" from "users" "users" where "users"."id" = $1 limit $2 -- params: ["092958f2-f594-4ad5-b946-1b9de0701499", 1]
Query: select "user_id", "date_of_birth", "profile_picture", "gender", "phone", "address", "family_name", "family_relationship", "family_contact", "grade_level", "lrn", "created_at", "updated_at" from "student_profiles" "studentProfiles" where "studentProfiles"."user_id" = $1 limit $2 -- params: ["092958f2-f594-4ad5-b946-1b9de0701499", 1]
Query: select "userRoles"."user_id", "userRoles"."role_id", "userRoles"."assigned_at", "userRoles"."assigned_by", "userRoles_role"."data" as "role" from "user_roles" "userRoles" left join lateral (select json_build_array("userRoles_role"."id", "userRoles_role"."name", "userRoles_role"."description", "userRoles_role"."created_at") as "data" from (select * from "roles" "userRoles_role" where "userRoles_role"."id" = "userRoles"."role_id" limit $1) "userRoles_role") "userRoles_role" on true where "userRoles"."user_id" = $2 -- params: [1, "092958f2-f594-4ad5-b946-1b9de0701499"]
Query: select "user_id", "department", "specialization", "profile_picture", "contact_number", "date_of_birth", "gender", "address", "employee_id", "created_at", "updated_at" from "teacher_profiles" "teacherProfiles" where "teacherProfiles"."user_id" = $1 limit $2 -- params: ["092958f2-f594-4ad5-b946-1b9de0701499", 1]
2026-04-24 04:07:50 [34mdebug[39m [JwtAuthGuard] [AUTH-GUARD] Authorization header present: true
2026-04-24 04:07:50 [34mdebug[39m [JwtStrategy] [JWT-STRAT] Validating token for userId: 092958f2-f594-4ad5-b946-1b9de0701499
Query: select "id", "email", "password", "first_name", "middle_name", "last_name", "account_status", "is_email_verified", "last_login_at", "created_at", "updated_at" from "users" "users" where "users"."id" = $1 limit $2 -- params: ["092958f2-f594-4ad5-b946-1b9de0701499", 1]
Query: select "user_id", "date_of_birth", "profile_picture", "gender", "phone", "address", "family_name", "family_relationship", "family_contact", "grade_level", "lrn", "created_at", "updated_at" from "student_profiles" "studentProfiles" where "studentProfiles"."user_id" = $1 limit $2 -- params: ["092958f2-f594-4ad5-b946-1b9de0701499", 1]
Query: select "userRoles"."user_id", "userRoles"."role_id", "userRoles"."assigned_at", "userRoles"."assigned_by", "userRoles_role"."data" as "role" from "user_roles" "userRoles" left join lateral (select json_build_array("userRoles_role"."id", "userRoles_role"."name", "userRoles_role"."description", "userRoles_role"."created_at") as "data" from (select * from "roles" "userRoles_role" where "userRoles_role"."id" = "userRoles"."role_id" limit $1) "userRoles_role") "userRoles_role" on true where "userRoles"."user_id" = $2 -- params: [1, "092958f2-f594-4ad5-b946-1b9de0701499"]
Query: select "user_id", "department", "specialization", "profile_picture", "contact_number", "date_of_birth", "gender", "address", "employee_id", "created_at", "updated_at" from "teacher_profiles" "teacherProfiles" where "teacherProfiles"."user_id" = $1 limit $2 -- params: ["092958f2-f594-4ad5-b946-1b9de0701499", 1]
2026-04-24 04:07:50 [34mdebug[39m [JwtStrategy] [JWT-STRAT] User lookup for 092958f2-f594-4ad5-b946-1b9de0701499: found=true
2026-04-24 04:07:50 [34mdebug[39m [JwtAuthGuard] [AUTH-GUARD] Authorization header present: true
2026-04-24 04:07:50 [34mdebug[39m [JwtStrategy] [JWT-STRAT] Validating token for userId: 092958f2-f594-4ad5-b946-1b9de0701499
Query: select "id", "email", "password", "first_name", "middle_name", "last_name", "account_status", "is_email_verified", "last_login_at", "created_at", "updated_at" from "users" "users" where "users"."id" = $1 limit $2 -- params: ["092958f2-f594-4ad5-b946-1b9de0701499", 1]
Query: select "user_id", "date_of_birth", "profile_picture", "gender", "phone", "address", "family_name", "family_relationship", "family_contact", "grade_level", "lrn", "created_at", "updated_at" from "student_profiles" "studentProfiles" where "studentProfiles"."user_id" = $1 limit $2 -- params: ["092958f2-f594-4ad5-b946-1b9de0701499", 1]
Query: select "userRoles"."user_id", "userRoles"."role_id", "userRoles"."assigned_at", "userRoles"."assigned_by", "userRoles_role"."data" as "role" from "user_roles" "userRoles" left join lateral (select json_build_array("userRoles_role"."id", "userRoles_role"."name", "userRoles_role"."description", "userRoles_role"."created_at") as "data" from (select * from "roles" "userRoles_role" where "userRoles_role"."id" = "userRoles"."role_id" limit $1) "userRoles_role") "userRoles_role" on true where "userRoles"."user_id" = $2 -- params: [1, "092958f2-f594-4ad5-b946-1b9de0701499"]
Query: select "user_id", "department", "specialization", "profile_picture", "contact_number", "date_of_birth", "gender", "address", "employee_id", "created_at", "updated_at" from "teacher_profiles" "teacherProfiles" where "teacherProfiles"."user_id" = $1 limit $2 -- params: ["092958f2-f594-4ad5-b946-1b9de0701499", 1]
2026-04-24 04:07:50 [34mdebug[39m [JwtStrategy] [JWT-STRAT] User lookup for 092958f2-f594-4ad5-b946-1b9de0701499: found=true
2026-04-24 04:07:50 [34mdebug[39m [RolesGuard] [ROLES] Required: ["admin","student"] | User roles: ["student"] | Path: /api/assessments/attempts/ongoing
Query: select "assessmentAttempts"."id", "assessmentAttempts"."student_id", "assessmentAttempts"."assessment_id", "assessmentAttempts"."attempt_number", "assessmentAttempts"."started_at", "assessmentAttempts"."expires_at", "assessmentAttempts"."last_question_index", "assessmentAttempts"."current_question_started_at", "assessmentAttempts"."current_question_deadline_at", "assessmentAttempts"."violation_count", "assessmentAttempts"."question_order", "assessmentAttempts"."draft_responses", "assessmentAttempts"."submitted_at", "assessmentAttempts"."score", "assessmentAttempts"."passed", "assessmentAttempts"."is_submitted", "assessmentAttempts"."time_spent_seconds", "assessmentAttempts"."is_returned", "assessmentAttempts"."returned_at", "assessmentAttempts"."teacher_feedback", "assessmentAttempts"."rubric_scores", "assessmentAttempts"."direct_score", "assessmentAttempts"."submitted_file_id", "assessmentAttempts"."submitted_file_original_name", "assessmentAttempts"."submitted_file_mime_type", "assessmentAttempts"."submitted_file_size_bytes", "assessmentAttempts"."created_at", "assessmentAttempts"."updated_at", "assessmentAttempts_assessment"."data" as "assessment" from "assessment_attempts" "assessmentAttempts" left join lateral (select json_build_array("assessmentAttempts_assessment"."id", "assessmentAttempts_assessment"."title", "assessmentAttempts_assessment"."time_limit_minutes") as "data" from (select * from "assessments" "assessmentAttempts_assessment" where "assessmentAttempts_assessment"."id" = "assessmentAttempts"."assessment_id" limit $1) "assessmentAttempts_assessment") "assessmentAttempts_assessment" on true where ("assessmentAttempts"."student_id" = $2 and "assessmentAttempts"."is_submitted" = $3) order by "assessmentAttempts"."updated_at" desc -- params: [1, "092958f2-f594-4ad5-b946-1b9de0701499", false]
2026-04-24 04:08:00 [34mdebug[39m [AnnouncementsScheduler] Checking for due scheduled announcements...
Query: select "id", "class_id", "author_id", "title", "content", "is_pinned", "is_visible", "is_core_template_asset", "template_id", "template_source_id", "scheduled_at", "published_at", "archived_at", "created_at", "updated_at" from "announcements" "announcements" where ("announcements"."published_at" is null and "announcements"."archived_at" is null and "announcements"."scheduled_at" <= $1) -- params: ["2026-04-23T20:08:00.013Z"]
Query: select "id", "email", "password", "first_name", "middle_name", "last_name", "account_status", "is_email_verified", "last_login_at", "created_at", "updated_at" from "users" "users" where "users"."email" = $1 limit $2 -- params: ["teacher1@lms.local", 1]
2026-04-24 04:08:48 [34mdebug[39m [DatabaseService] New database connection established
Query: select "userRoles"."user_id", "userRoles"."role_id", "userRoles"."assigned_at", "userRoles"."assigned_by", "userRoles_role"."data" as "role" from "user_roles" "userRoles" left join lateral (select json_build_array("userRoles_role"."id", "userRoles_role"."name", "userRoles_role"."description", "userRoles_role"."created_at") as "data" from (select * from "roles" "userRoles_role" where "userRoles_role"."id" = "userRoles"."role_id" limit $1) "userRoles_role") "userRoles_role" on true where "userRoles"."user_id" = $2 -- params: [1, "bd1fdd95-f1fb-4049-a60d-4b7261095e82"]
Query: select "user_id", "date_of_birth", "profile_picture", "gender", "phone", "address", "family_name", "family_relationship", "family_contact", "grade_level", "lrn", "created_at", "updated_at" from "student_profiles" "studentProfiles" where "studentProfiles"."user_id" = $1 limit $2 -- params: ["bd1fdd95-f1fb-4049-a60d-4b7261095e82", 1]
2026-04-24 04:08:48 [34mdebug[39m [DatabaseService] New database connection established
Query: select "user_id", "department", "specialization", "profile_picture", "contact_number", "date_of_birth", "gender", "address", "employee_id", "created_at", "updated_at" from "teacher_profiles" "teacherProfiles" where "teacherProfiles"."user_id" = $1 limit $2 -- params: ["bd1fdd95-f1fb-4049-a60d-4b7261095e82", 1]
Query: update "users" set "last_login_at" = $1 where "users"."id" = $2 -- params: ["2026-04-23T20:08:48.763Z", "bd1fdd95-f1fb-4049-a60d-4b7261095e82"]
Query: insert into "refresh_tokens" ("id", "user_id", "token_hash", "user_agent", "ip", "revoked", "expires_at", "created_at") values (default, $1, $2, $3, $4, $5, $6, default) -- params: ["bd1fdd95-f1fb-4049-a60d-4b7261095e82", "5d80992bdae371a5e2678e423bf30568bd7cbc7d0cabe2425fe3012a531f673a", "Mozilla/5.0 (Windows NT; Windows NT 10.0; en-PH) WindowsPowerShell/5.1.26100.8115", "127.0.0.1", false, "2026-04-30T20:08:48.772Z"]
2026-04-24 04:08:48 [34mdebug[39m [JwtAuthGuard] [AUTH-GUARD] Authorization header present: true
2026-04-24 04:08:48 [34mdebug[39m [JwtStrategy] [JWT-STRAT] Validating token for userId: bd1fdd95-f1fb-4049-a60d-4b7261095e82
Query: select "id", "email", "password", "first_name", "middle_name", "last_name", "account_status", "is_email_verified", "last_login_at", "created_at", "updated_at" from "users" "users" where "users"."id" = $1 limit $2 -- params: ["bd1fdd95-f1fb-4049-a60d-4b7261095e82", 1]
Query: select "user_id", "date_of_birth", "profile_picture", "gender", "phone", "address", "family_name", "family_relationship", "family_contact", "grade_level", "lrn", "created_at", "updated_at" from "student_profiles" "studentProfiles" where "studentProfiles"."user_id" = $1 limit $2 -- params: ["bd1fdd95-f1fb-4049-a60d-4b7261095e82", 1]
Query: select "userRoles"."user_id", "userRoles"."role_id", "userRoles"."assigned_at", "userRoles"."assigned_by", "userRoles_role"."data" as "role" from "user_roles" "userRoles" left join lateral (select json_build_array("userRoles_role"."id", "userRoles_role"."name", "userRoles_role"."description", "userRoles_role"."created_at") as "data" from (select * from "roles" "userRoles_role" where "userRoles_role"."id" = "userRoles"."role_id" limit $1) "userRoles_role") "userRoles_role" on true where "userRoles"."user_id" = $2 -- params: [1, "bd1fdd95-f1fb-4049-a60d-4b7261095e82"]
Query: select "user_id", "department", "specialization", "profile_picture", "contact_number", "date_of_birth", "gender", "address", "employee_id", "created_at", "updated_at" from "teacher_profiles" "teacherProfiles" where "teacherProfiles"."user_id" = $1 limit $2 -- params: ["bd1fdd95-f1fb-4049-a60d-4b7261095e82", 1]
2026-04-24 04:08:48 [34mdebug[39m [JwtStrategy] [JWT-STRAT] User lookup for bd1fdd95-f1fb-4049-a60d-4b7261095e82: found=true
2026-04-24 04:08:48 [34mdebug[39m [JwtAuthGuard] [AUTH-GUARD] Authorization header present: true
2026-04-24 04:08:48 [34mdebug[39m [JwtStrategy] [JWT-STRAT] Validating token for userId: bd1fdd95-f1fb-4049-a60d-4b7261095e82
Query: select "id", "email", "password", "first_name", "middle_name", "last_name", "account_status", "is_email_verified", "last_login_at", "created_at", "updated_at" from "users" "users" where "users"."id" = $1 limit $2 -- params: ["bd1fdd95-f1fb-4049-a60d-4b7261095e82", 1]
Query: select "user_id", "date_of_birth", "profile_picture", "gender", "phone", "address", "family_name", "family_relationship", "family_contact", "grade_level", "lrn", "created_at", "updated_at" from "student_profiles" "studentProfiles" where "studentProfiles"."user_id" = $1 limit $2 -- params: ["bd1fdd95-f1fb-4049-a60d-4b7261095e82", 1]
Query: select "userRoles"."user_id", "userRoles"."role_id", "userRoles"."assigned_at", "userRoles"."assigned_by", "userRoles_role"."data" as "role" from "user_roles" "userRoles" left join lateral (select json_build_array("userRoles_role"."id", "userRoles_role"."name", "userRoles_role"."description", "userRoles_role"."created_at") as "data" from (select * from "roles" "userRoles_role" where "userRoles_role"."id" = "userRoles"."role_id" limit $1) "userRoles_role") "userRoles_role" on true where "userRoles"."user_id" = $2 -- params: [1, "bd1fdd95-f1fb-4049-a60d-4b7261095e82"]
Query: select "user_id", "department", "specialization", "profile_picture", "contact_number", "date_of_birth", "gender", "address", "employee_id", "created_at", "updated_at" from "teacher_profiles" "teacherProfiles" where "teacherProfiles"."user_id" = $1 limit $2 -- params: ["bd1fdd95-f1fb-4049-a60d-4b7261095e82", 1]
2026-04-24 04:08:48 [34mdebug[39m [JwtStrategy] [JWT-STRAT] User lookup for bd1fdd95-f1fb-4049-a60d-4b7261095e82: found=true
2026-04-24 04:08:48 [34mdebug[39m [RolesGuard] [ROLES] Required: ["teacher","admin"] | User roles: ["teacher"] | Path: /api/ai/teacher/interventions/1b6c590a-b6a2-4fb7-a45a-f1f4cf7231f8/recommend
Query: select "id", "class_id", "student_id", "status" from "intervention_cases" "interventionCases" where "interventionCases"."id" = $1 limit $2 -- params: ["1b6c590a-b6a2-4fb7-a45a-f1f4cf7231f8", 1]
Query: select "id", "teacher_id" from "classes" "classes" where "classes"."id" = $1 limit $2 -- params: ["b154d6f7-ec2e-46b1-b6e3-e790039cb14d", 1]
Query: select "is_at_risk" from "performance_snapshots" "performanceSnapshots" where ("performanceSnapshots"."student_id" = $1 and "performanceSnapshots"."class_id" = $2) limit $3 -- params: ["d54601e8-a0ba-4964-8d75-de8787444c4e", "b154d6f7-ec2e-46b1-b6e3-e790039cb14d", 1]
2026-04-24 04:08:50 [34mdebug[39m [JwtAuthGuard] [AUTH-GUARD] Authorization header present: true
2026-04-24 04:08:50 [34mdebug[39m [JwtStrategy] [JWT-STRAT] Validating token for userId: 092958f2-f594-4ad5-b946-1b9de0701499
Query: select "id", "email", "password", "first_name", "middle_name", "last_name", "account_status", "is_email_verified", "last_login_at", "created_at", "updated_at" from "users" "users" where "users"."id" = $1 limit $2 -- params: ["092958f2-f594-4ad5-b946-1b9de0701499", 1]
Query: select "user_id", "date_of_birth", "profile_picture", "gender", "phone", "address", "family_name", "family_relationship", "family_contact", "grade_level", "lrn", "created_at", "updated_at" from "student_profiles" "studentProfiles" where "studentProfiles"."user_id" = $1 limit $2 -- params: ["092958f2-f594-4ad5-b946-1b9de0701499", 1]
Query: select "userRoles"."user_id", "userRoles"."role_id", "userRoles"."assigned_at", "userRoles"."assigned_by", "userRoles_role"."data" as "role" from "user_roles" "userRoles" left join lateral (select json_build_array("userRoles_role"."id", "userRoles_role"."name", "userRoles_role"."description", "userRoles_role"."created_at") as "data" from (select * from "roles" "userRoles_role" where "userRoles_role"."id" = "userRoles"."role_id" limit $1) "userRoles_role") "userRoles_role" on true where "userRoles"."user_id" = $2 -- params: [1, "092958f2-f594-4ad5-b946-1b9de0701499"]
Query: select "user_id", "department", "specialization", "profile_picture", "contact_number", "date_of_birth", "gender", "address", "employee_id", "created_at", "updated_at" from "teacher_profiles" "teacherProfiles" where "teacherProfiles"."user_id" = $1 limit $2 -- params: ["092958f2-f594-4ad5-b946-1b9de0701499", 1]
2026-04-24 04:08:50 [34mdebug[39m [JwtStrategy] [JWT-STRAT] User lookup for 092958f2-f594-4ad5-b946-1b9de0701499: found=true
2026-04-24 04:08:50 [34mdebug[39m [JwtAuthGuard] [AUTH-GUARD] Authorization header present: true
2026-04-24 04:08:50 [34mdebug[39m [JwtStrategy] [JWT-STRAT] Validating token for userId: 092958f2-f594-4ad5-b946-1b9de0701499
Query: select "id", "email", "password", "first_name", "middle_name", "last_name", "account_status", "is_email_verified", "last_login_at", "created_at", "updated_at" from "users" "users" where "users"."id" = $1 limit $2 -- params: ["092958f2-f594-4ad5-b946-1b9de0701499", 1]
Query: select "user_id", "date_of_birth", "profile_picture", "gender", "phone", "address", "family_name", "family_relationship", "family_contact", "grade_level", "lrn", "created_at", "updated_at" from "student_profiles" "studentProfiles" where "studentProfiles"."user_id" = $1 limit $2 -- params: ["092958f2-f594-4ad5-b946-1b9de0701499", 1]
Query: select "userRoles"."user_id", "userRoles"."role_id", "userRoles"."assigned_at", "userRoles"."assigned_by", "userRoles_role"."data" as "role" from "user_roles" "userRoles" left join lateral (select json_build_array("userRoles_role"."id", "userRoles_role"."name", "userRoles_role"."description", "userRoles_role"."created_at") as "data" from (select * from "roles" "userRoles_role" where "userRoles_role"."id" = "userRoles"."role_id" limit $1) "userRoles_role") "userRoles_role" on true where "userRoles"."user_id" = $2 -- params: [1, "092958f2-f594-4ad5-b946-1b9de0701499"]
Query: select "user_id", "department", "specialization", "profile_picture", "contact_number", "date_of_birth", "gender", "address", "employee_id", "created_at", "updated_at" from "teacher_profiles" "teacherProfiles" where "teacherProfiles"."user_id" = $1 limit $2 -- params: ["092958f2-f594-4ad5-b946-1b9de0701499", 1]
2026-04-24 04:08:50 [34mdebug[39m [JwtStrategy] [JWT-STRAT] User lookup for 092958f2-f594-4ad5-b946-1b9de0701499: found=true
2026-04-24 04:08:50 [34mdebug[39m [RolesGuard] [ROLES] Required: ["admin","student"] | User roles: ["student"] | Path: /api/assessments/attempts/ongoing
Query: select "assessmentAttempts"."id", "assessmentAttempts"."student_id", "assessmentAttempts"."assessment_id", "assessmentAttempts"."attempt_number", "assessmentAttempts"."started_at", "assessmentAttempts"."expires_at", "assessmentAttempts"."last_question_index", "assessmentAttempts"."current_question_started_at", "assessmentAttempts"."current_question_deadline_at", "assessmentAttempts"."violation_count", "assessmentAttempts"."question_order", "assessmentAttempts"."draft_responses", "assessmentAttempts"."submitted_at", "assessmentAttempts"."score", "assessmentAttempts"."passed", "assessmentAttempts"."is_submitted", "assessmentAttempts"."time_spent_seconds", "assessmentAttempts"."is_returned", "assessmentAttempts"."returned_at", "assessmentAttempts"."teacher_feedback", "assessmentAttempts"."rubric_scores", "assessmentAttempts"."direct_score", "assessmentAttempts"."submitted_file_id", "assessmentAttempts"."submitted_file_original_name", "assessmentAttempts"."submitted_file_mime_type", "assessmentAttempts"."submitted_file_size_bytes", "assessmentAttempts"."created_at", "assessmentAttempts"."updated_at", "assessmentAttempts_assessment"."data" as "assessment" from "assessment_attempts" "assessmentAttempts" left join lateral (select json_build_array("assessmentAttempts_assessment"."id", "assessmentAttempts_assessment"."title", "assessmentAttempts_assessment"."time_limit_minutes") as "data" from (select * from "assessments" "assessmentAttempts_assessment" where "assessmentAttempts_assessment"."id" = "assessmentAttempts"."assessment_id" limit $1) "assessmentAttempts_assessment") "assessmentAttempts_assessment" on true where ("assessmentAttempts"."student_id" = $2 and "assessmentAttempts"."is_submitted" = $3) order by "assessmentAttempts"."updated_at" desc -- params: [1, "092958f2-f594-4ad5-b946-1b9de0701499", false]
2026-04-24 04:09:00 [34mdebug[39m [AnnouncementsScheduler] Checking for due scheduled announcements...
Query: select "id", "class_id", "author_id", "title", "content", "is_pinned", "is_visible", "is_core_template_asset", "template_id", "template_source_id", "scheduled_at", "published_at", "archived_at", "created_at", "updated_at" from "announcements" "announcements" where ("announcements"."published_at" is null and "announcements"."archived_at" is null and "announcements"."scheduled_at" <= $1) -- params: ["2026-04-23T20:09:00.016Z"]
Query: insert into "audit_logs" ("id", "actor_id", "action", "target_type", "target_id", "metadata", "created_at") values (default, $1, $2, $3, $4, $5, default) returning "id", "actor_id", "action", "target_type", "target_id", "metadata", "created_at" -- params: ["bd1fdd95-f1fb-4049-a60d-4b7261095e82", "ai.intervention_recommendation.generated", "intervention_case", "1b6c590a-b6a2-4fb7-a45a-f1f4cf7231f8", "{\"noteProvided\":false}"]
Query: select "id", "email", "password", "first_name", "middle_name", "last_name", "account_status", "is_email_verified", "last_login_at", "created_at", "updated_at" from "users" "users" where "users"."email" = $1 limit $2 -- params: ["teacher1@lms.local", 1]
Query: select "userRoles"."user_id", "userRoles"."role_id", "userRoles"."assigned_at", "userRoles"."assigned_by", "userRoles_role"."data" as "role" from "user_roles" "userRoles" left join lateral (select json_build_array("userRoles_role"."id", "userRoles_role"."name", "userRoles_role"."description", "userRoles_role"."created_at") as "data" from (select * from "roles" "userRoles_role" where "userRoles_role"."id" = "userRoles"."role_id" limit $1) "userRoles_role") "userRoles_role" on true where "userRoles"."user_id" = $2 -- params: [1, "bd1fdd95-f1fb-4049-a60d-4b7261095e82"]
Query: select "user_id", "date_of_birth", "profile_picture", "gender", "phone", "address", "family_name", "family_relationship", "family_contact", "grade_level", "lrn", "created_at", "updated_at" from "student_profiles" "studentProfiles" where "studentProfiles"."user_id" = $1 limit $2 -- params: ["bd1fdd95-f1fb-4049-a60d-4b7261095e82", 1]
2026-04-24 04:09:45 [34mdebug[39m [DatabaseService] New database connection established
Query: select "user_id", "department", "specialization", "profile_picture", "contact_number", "date_of_birth", "gender", "address", "employee_id", "created_at", "updated_at" from "teacher_profiles" "teacherProfiles" where "teacherProfiles"."user_id" = $1 limit $2 -- params: ["bd1fdd95-f1fb-4049-a60d-4b7261095e82", 1]
Query: update "users" set "last_login_at" = $1 where "users"."id" = $2 -- params: ["2026-04-23T20:09:45.733Z", "bd1fdd95-f1fb-4049-a60d-4b7261095e82"]
Query: insert into "refresh_tokens" ("id", "user_id", "token_hash", "user_agent", "ip", "revoked", "expires_at", "created_at") values (default, $1, $2, $3, $4, $5, $6, default) -- params: ["bd1fdd95-f1fb-4049-a60d-4b7261095e82", "d20e579a623d31c42141868dc16eef9ef2aed3b522b9b3761b1e23a6acca8577", "Mozilla/5.0 (Windows NT; Windows NT 10.0; en-PH) WindowsPowerShell/5.1.26100.8115", "127.0.0.1", false, "2026-04-30T20:09:45.742Z"]
2026-04-24 04:09:45 [34mdebug[39m [JwtAuthGuard] [AUTH-GUARD] Authorization header present: true
2026-04-24 04:09:45 [34mdebug[39m [JwtStrategy] [JWT-STRAT] Validating token for userId: bd1fdd95-f1fb-4049-a60d-4b7261095e82
Query: select "id", "email", "password", "first_name", "middle_name", "last_name", "account_status", "is_email_verified", "last_login_at", "created_at", "updated_at" from "users" "users" where "users"."id" = $1 limit $2 -- params: ["bd1fdd95-f1fb-4049-a60d-4b7261095e82", 1]
Query: select "user_id", "date_of_birth", "profile_picture", "gender", "phone", "address", "family_name", "family_relationship", "family_contact", "grade_level", "lrn", "created_at", "updated_at" from "student_profiles" "studentProfiles" where "studentProfiles"."user_id" = $1 limit $2 -- params: ["bd1fdd95-f1fb-4049-a60d-4b7261095e82", 1]
Query: select "userRoles"."user_id", "userRoles"."role_id", "userRoles"."assigned_at", "userRoles"."assigned_by", "userRoles_role"."data" as "role" from "user_roles" "userRoles" left join lateral (select json_build_array("userRoles_role"."id", "userRoles_role"."name", "userRoles_role"."description", "userRoles_role"."created_at") as "data" from (select * from "roles" "userRoles_role" where "userRoles_role"."id" = "userRoles"."role_id" limit $1) "userRoles_role") "userRoles_role" on true where "userRoles"."user_id" = $2 -- params: [1, "bd1fdd95-f1fb-4049-a60d-4b7261095e82"]
Query: select "user_id", "department", "specialization", "profile_picture", "contact_number", "date_of_birth", "gender", "address", "employee_id", "created_at", "updated_at" from "teacher_profiles" "teacherProfiles" where "teacherProfiles"."user_id" = $1 limit $2 -- params: ["bd1fdd95-f1fb-4049-a60d-4b7261095e82", 1]
2026-04-24 04:09:45 [34mdebug[39m [JwtStrategy] [JWT-STRAT] User lookup for bd1fdd95-f1fb-4049-a60d-4b7261095e82: found=true
2026-04-24 04:09:45 [34mdebug[39m [RolesGuard] [ROLES] Required: ["teacher","admin"] | User roles: ["teacher"] | Path: /api/lxp/teacher/interventions/1b6c590a-b6a2-4fb7-a45a-f1f4cf7231f8/assign
Query: select "id", "class_id", "student_id", "status", "note" from "intervention_cases" "interventionCases" where "interventionCases"."id" = $1 limit $2 -- params: ["1b6c590a-b6a2-4fb7-a45a-f1f4cf7231f8", 1]
Query: select "id", "teacher_id" from "classes" "classes" where "classes"."id" = $1 limit $2 -- params: ["b154d6f7-ec2e-46b1-b6e3-e790039cb14d", 1]
Query: select "id" from "lessons" "lessons" where ("lessons"."class_id" = $1 and "lessons"."id" in ($2)) -- params: ["b154d6f7-ec2e-46b1-b6e3-e790039cb14d", "35a62fd7-c705-471e-831f-1a4c83a20ca1"]
Query: select "id" from "assessments" "assessments" where ("assessments"."class_id" = $1 and "assessments"."id" in ($2, $3)) -- params: ["b154d6f7-ec2e-46b1-b6e3-e790039cb14d", "9030ea25-823b-4ac9-b0de-2993c66f07ee", "63c5aea3-fa6f-403b-92fc-b20c80fe3cd3"]
Query: select "assessment_id" from "assessment_attempts" where ("assessment_attempts"."student_id" = $1 and "assessment_attempts"."is_submitted" = $2 and "assessment_attempts"."assessment_id" in ($3, $4)) group by "assessment_attempts"."assessment_id" -- params: ["d54601e8-a0ba-4964-8d75-de8787444c4e", true, "9030ea25-823b-4ac9-b0de-2993c66f07ee", "63c5aea3-fa6f-403b-92fc-b20c80fe3cd3"]
Query: select "id", "is_completed" from "intervention_assignments" "interventionAssignments" where "interventionAssignments"."case_id" = $1 -- params: ["1b6c590a-b6a2-4fb7-a45a-f1f4cf7231f8"]
Query: begin
Query: delete from "intervention_assignments" where "intervention_assignments"."case_id" = $1 -- params: ["1b6c590a-b6a2-4fb7-a45a-f1f4cf7231f8"]
Query: insert into "intervention_assignments" ("id", "case_id", "assignment_type", "lesson_id", "assessment_id", "checkpoint_label", "order_index", "is_completed", "completed_at", "xp_awarded", "created_at", "updated_at") values (default, $1, $2, $3, default, $4, $5, default, default, $6, default, default), (default, $7, $8, default, $9, $10, $11, default, default, $12, default, default), (default, $13, $14, default, $15, $16, $17, default, default, $18, default, default) -- params: ["1b6c590a-b6a2-4fb7-a45a-f1f4cf7231f8", "lesson_review", "35a62fd7-c705-471e-831f-1a4c83a20ca1", "Teacher-assigned lesson review", 1, 20, "1b6c590a-b6a2-4fb7-a45a-f1f4cf7231f8", "assessment_retry", "9030ea25-823b-4ac9-b0de-2993c66f07ee", "Teacher-assigned assessment retry", 2, 30, "1b6c590a-b6a2-4fb7-a45a-f1f4cf7231f8", "assessment_retry", "63c5aea3-fa6f-403b-92fc-b20c80fe3cd3", "Teacher-assigned assessment retry", 3, 30]
Query: update "intervention_cases" set "note" = $1, "updated_at" = $2 where "intervention_cases"."id" = $3 -- params: ["AI plan refined for Learners Path demo.\nAI plan refined for Learners Path demo with replay-ready assessments.", "2026-04-23T20:09:45.843Z", "1b6c590a-b6a2-4fb7-a45a-f1f4cf7231f8"]
Query: commit
Query: insert into "notifications" ("id", "user_id", "type", "reference_id", "title", "body", "is_read", "read_at", "created_at") values (default, $1, $2, $3, $4, $5, $6, default, default) -- params: ["d54601e8-a0ba-4964-8d75-de8787444c4e", "grade_updated", null, "New intervention checklist assigned", "Your teacher updated your Learners Path tasks. Open Learners Path to continue.", false]
Query: insert into "audit_logs" ("id", "actor_id", "action", "target_type", "target_id", "metadata", "created_at") values (default, $1, $2, $3, $4, $5, default) returning "id", "actor_id", "action", "target_type", "target_id", "metadata", "created_at" -- params: ["bd1fdd95-f1fb-4049-a60d-4b7261095e82", "lxp.intervention.assigned", "intervention_case", "1b6c590a-b6a2-4fb7-a45a-f1f4cf7231f8", "{\"classId\":\"b154d6f7-ec2e-46b1-b6e3-e790039cb14d\",\"studentId\":\"d54601e8-a0ba-4964-8d75-de8787444c4e\",\"previousAssignmentsCount\":3,\"lessonAssignments\":[{\"lessonId\":\"35a62fd7-c705-471e-831f-1a4c83a20ca1\",\"xpAwarded\":20}],\"assessmentAssignments\":[{\"assessmentId\":\"9030ea25-823b-4ac9-b0de-2993c66f07ee\",\"xpAwarded\":30},{\"assessmentId\":\"63c5aea3-fa6f-403b-92fc-b20c80fe3cd3\",\"xpAwarded\":30}]}"]
Query: select "id", "teacher_id" from "classes" "classes" where "classes"."id" = $1 limit $2 -- params: ["b154d6f7-ec2e-46b1-b6e3-e790039cb14d", 1]
Query: select "interventionCases"."id", "interventionCases"."class_id", "interventionCases"."student_id", "interventionCases"."status", "interventionCases"."trigger_source", "interventionCases"."trigger_score", "interventionCases"."threshold_applied", "interventionCases"."note", "interventionCases"."opened_at", "interventionCases"."closed_at", "interventionCases"."created_at", "interventionCases"."updated_at", "interventionCases_student"."data" as "student" from "intervention_cases" "interventionCases" left join lateral (select json_build_array("interventionCases_student"."id", "interventionCases_student"."first_name", "interventionCases_student"."last_name", "interventionCases_student"."email") as "data" from (select * from "users" "interventionCases_student" where "interventionCases_student"."id" = "interventionCases"."student_id" limit $1) "interventionCases_student") "interventionCases_student" on true where ("interventionCases"."class_id" = $2 and "interventionCases"."status" in ($3, $4)) order by "interventionCases"."opened_at" desc -- params: [1, "b154d6f7-ec2e-46b1-b6e3-e790039cb14d", "pending", "active"]
Query: select "id", "case_id", "is_completed" from "intervention_assignments" "interventionAssignments" where "interventionAssignments"."case_id" in ($1) -- params: ["1b6c590a-b6a2-4fb7-a45a-f1f4cf7231f8"]
Query: select "student_id", "xp_total", "streak_days", "checkpoints_completed", "last_activity_at" from "lxp_progress" "lxpProgress" where ("lxpProgress"."class_id" = $1 and "lxpProgress"."student_id" in ($2)) -- params: ["b154d6f7-ec2e-46b1-b6e3-e790039cb14d", "d54601e8-a0ba-4964-8d75-de8787444c4e"]
Query: select "student_id", "is_at_risk", "blended_score", "threshold_applied" from "performance_snapshots" "performanceSnapshots" where ("performanceSnapshots"."class_id" = $1 and "performanceSnapshots"."student_id" in ($2)) -- params: ["b154d6f7-ec2e-46b1-b6e3-e790039cb14d", "d54601e8-a0ba-4964-8d75-de8787444c4e"]
2026-04-24 04:09:45 [34mdebug[39m [DatabaseService] New database connection established
2026-04-24 04:09:45 [34mdebug[39m [JwtAuthGuard] [AUTH-GUARD] Authorization header present: true
2026-04-24 04:09:45 [34mdebug[39m [JwtStrategy] [JWT-STRAT] Validating token for userId: bd1fdd95-f1fb-4049-a60d-4b7261095e82
Query: select "id", "email", "password", "first_name", "middle_name", "last_name", "account_status", "is_email_verified", "last_login_at", "created_at", "updated_at" from "users" "users" where "users"."id" = $1 limit $2 -- params: ["bd1fdd95-f1fb-4049-a60d-4b7261095e82", 1]
Query: select "user_id", "date_of_birth", "profile_picture", "gender", "phone", "address", "family_name", "family_relationship", "family_contact", "grade_level", "lrn", "created_at", "updated_at" from "student_profiles" "studentProfiles" where "studentProfiles"."user_id" = $1 limit $2 -- params: ["bd1fdd95-f1fb-4049-a60d-4b7261095e82", 1]
Query: select "userRoles"."user_id", "userRoles"."role_id", "userRoles"."assigned_at", "userRoles"."assigned_by", "userRoles_role"."data" as "role" from "user_roles" "userRoles" left join lateral (select json_build_array("userRoles_role"."id", "userRoles_role"."name", "userRoles_role"."description", "userRoles_role"."created_at") as "data" from (select * from "roles" "userRoles_role" where "userRoles_role"."id" = "userRoles"."role_id" limit $1) "userRoles_role") "userRoles_role" on true where "userRoles"."user_id" = $2 -- params: [1, "bd1fdd95-f1fb-4049-a60d-4b7261095e82"]
Query: select "user_id", "department", "specialization", "profile_picture", "contact_number", "date_of_birth", "gender", "address", "employee_id", "created_at", "updated_at" from "teacher_profiles" "teacherProfiles" where "teacherProfiles"."user_id" = $1 limit $2 -- params: ["bd1fdd95-f1fb-4049-a60d-4b7261095e82", 1]
2026-04-24 04:09:45 [34mdebug[39m [JwtStrategy] [JWT-STRAT] User lookup for bd1fdd95-f1fb-4049-a60d-4b7261095e82: found=true
2026-04-24 04:09:45 [34mdebug[39m [RolesGuard] [ROLES] Required: ["teacher","admin"] | User roles: ["teacher"] | Path: /api/lxp/teacher/interventions/1b6c590a-b6a2-4fb7-a45a-f1f4cf7231f8/detail
Query: select "interventionCases"."id", "interventionCases"."class_id", "interventionCases"."student_id", "interventionCases"."status", "interventionCases"."trigger_source", "interventionCases"."trigger_score", "interventionCases"."threshold_applied", "interventionCases"."note", "interventionCases"."opened_at", "interventionCases"."closed_at", "interventionCases"."created_at", "interventionCases"."updated_at", "interventionCases_student"."data" as "student" from "intervention_cases" "interventionCases" left join lateral (select json_build_array("interventionCases_student"."id", "interventionCases_student"."first_name", "interventionCases_student"."last_name", "interventionCases_student"."email") as "data" from (select * from "users" "interventionCases_student" where "interventionCases_student"."id" = "interventionCases"."student_id" limit $1) "interventionCases_student") "interventionCases_student" on true where "interventionCases"."id" = $2 limit $3 -- params: [1, "1b6c590a-b6a2-4fb7-a45a-f1f4cf7231f8", 1]
Query: select "id", "teacher_id" from "classes" "classes" where "classes"."id" = $1 limit $2 -- params: ["b154d6f7-ec2e-46b1-b6e3-e790039cb14d", 1]
Query: select "interventionAssignments"."id", "interventionAssignments"."assignment_type", "interventionAssignments"."checkpoint_label", "interventionAssignments"."order_index", "interventionAssignments"."is_completed", "interventionAssignments"."completed_at", "interventionAssignments"."xp_awarded", "interventionAssignments_lesson"."data" as "lesson", "interventionAssignments_assessment"."data" as "assessment" from "intervention_assignments" "interventionAssignments" left join lateral (select json_build_array("interventionAssignments_lesson"."id", "interventionAssignments_lesson"."title", "interventionAssignments_lesson"."description") as "data" from (select * from "lessons" "interventionAssignments_lesson" where "interventionAssignments_lesson"."id" = "interventionAssignments"."lesson_id" limit $1) "interventionAssignments_lesson") "interventionAssignments_lesson" on true left join lateral (select json_build_array("interventionAssignments_assessment"."id", "interventionAssignments_assessment"."title", "interventionAssignments_assessment"."type", "interventionAssignments_assessment"."passing_score", "interventionAssignments_assessment"."due_date") as "data" from (select * from "assessments" "interventionAssignments_assessment" where "interventionAssignments_assessment"."id" = "interventionAssignments"."assessment_id" limit $2) "interventionAssignments_assessment") "interventionAssignments_assessment" on true where "interventionAssignments"."case_id" = $3 order by "interventionAssignments"."order_index" asc -- params: [1, 1, "1b6c590a-b6a2-4fb7-a45a-f1f4cf7231f8"]
Query: select "xp_total", "streak_days", "checkpoints_completed", "last_activity_at" from "lxp_progress" "lxpProgress" where ("lxpProgress"."class_id" = $1 and "lxpProgress"."student_id" = $2) limit $3 -- params: ["b154d6f7-ec2e-46b1-b6e3-e790039cb14d", "d54601e8-a0ba-4964-8d75-de8787444c4e", 1]
Query: select "assessment_average", "class_record_average", "blended_score", "is_at_risk", "threshold_applied", "last_computed_at" from "performance_snapshots" "performanceSnapshots" where ("performanceSnapshots"."class_id" = $1 and "performanceSnapshots"."student_id" = $2) limit $3 -- params: ["b154d6f7-ec2e-46b1-b6e3-e790039cb14d", "d54601e8-a0ba-4964-8d75-de8787444c4e", 1]
Query: select "concept_key", "evidence_count", "error_count", "mastery_score", "updated_at" from "student_concept_mastery" "studentConceptMastery" where ("studentConceptMastery"."class_id" = $1 and "studentConceptMastery"."student_id" = $2) order by "studentConceptMastery"."mastery_score" asc, "studentConceptMastery"."error_count" desc, "studentConceptMastery"."updated_at" desc limit $3 -- params: ["b154d6f7-ec2e-46b1-b6e3-e790039cb14d", "d54601e8-a0ba-4964-8d75-de8787444c4e", 6]
Query: select "id", "previous_is_at_risk", "current_is_at_risk", "blended_score", "threshold_applied", "trigger_source", "created_at" from "performance_logs" "performanceLogs" where ("performanceLogs"."class_id" = $1 and "performanceLogs"."student_id" = $2) order by "performanceLogs"."created_at" desc limit $3 -- params: ["b154d6f7-ec2e-46b1-b6e3-e790039cb14d", "d54601e8-a0ba-4964-8d75-de8787444c4e", 6]
2026-04-24 04:09:46 [34mdebug[39m [DatabaseService] New database connection established
2026-04-24 04:09:46 [34mdebug[39m [DatabaseService] New database connection established
2026-04-24 04:09:50 [34mdebug[39m [JwtAuthGuard] [AUTH-GUARD] Authorization header present: true
2026-04-24 04:09:50 [34mdebug[39m [JwtStrategy] [JWT-STRAT] Validating token for userId: 092958f2-f594-4ad5-b946-1b9de0701499
Query: select "id", "email", "password", "first_name", "middle_name", "last_name", "account_status", "is_email_verified", "last_login_at", "created_at", "updated_at" from "users" "users" where "users"."id" = $1 limit $2 -- params: ["092958f2-f594-4ad5-b946-1b9de0701499", 1]
Query: select "user_id", "date_of_birth", "profile_picture", "gender", "phone", "address", "family_name", "family_relationship", "family_contact", "grade_level", "lrn", "created_at", "updated_at" from "student_profiles" "studentProfiles" where "studentProfiles"."user_id" = $1 limit $2 -- params: ["092958f2-f594-4ad5-b946-1b9de0701499", 1]
Query: select "userRoles"."user_id", "userRoles"."role_id", "userRoles"."assigned_at", "userRoles"."assigned_by", "userRoles_role"."data" as "role" from "user_roles" "userRoles" left join lateral (select json_build_array("userRoles_role"."id", "userRoles_role"."name", "userRoles_role"."description", "userRoles_role"."created_at") as "data" from (select * from "roles" "userRoles_role" where "userRoles_role"."id" = "userRoles"."role_id" limit $1) "userRoles_role") "userRoles_role" on true where "userRoles"."user_id" = $2 -- params: [1, "092958f2-f594-4ad5-b946-1b9de0701499"]
Query: select "user_id", "department", "specialization", "profile_picture", "contact_number", "date_of_birth", "gender", "address", "employee_id", "created_at", "updated_at" from "teacher_profiles" "teacherProfiles" where "teacherProfiles"."user_id" = $1 limit $2 -- params: ["092958f2-f594-4ad5-b946-1b9de0701499", 1]
2026-04-24 04:09:50 [34mdebug[39m [JwtStrategy] [JWT-STRAT] User lookup for 092958f2-f594-4ad5-b946-1b9de0701499: found=true
2026-04-24 04:09:50 [34mdebug[39m [JwtAuthGuard] [AUTH-GUARD] Authorization header present: true
2026-04-24 04:09:50 [34mdebug[39m [JwtStrategy] [JWT-STRAT] Validating token for userId: 092958f2-f594-4ad5-b946-1b9de0701499
Query: select "id", "email", "password", "first_name", "middle_name", "last_name", "account_status", "is_email_verified", "last_login_at", "created_at", "updated_at" from "users" "users" where "users"."id" = $1 limit $2 -- params: ["092958f2-f594-4ad5-b946-1b9de0701499", 1]
Query: select "user_id", "date_of_birth", "profile_picture", "gender", "phone", "address", "family_name", "family_relationship", "family_contact", "grade_level", "lrn", "created_at", "updated_at" from "student_profiles" "studentProfiles" where "studentProfiles"."user_id" = $1 limit $2 -- params: ["092958f2-f594-4ad5-b946-1b9de0701499", 1]
Query: select "userRoles"."user_id", "userRoles"."role_id", "userRoles"."assigned_at", "userRoles"."assigned_by", "userRoles_role"."data" as "role" from "user_roles" "userRoles" left join lateral (select json_build_array("userRoles_role"."id", "userRoles_role"."name", "userRoles_role"."description", "userRoles_role"."created_at") as "data" from (select * from "roles" "userRoles_role" where "userRoles_role"."id" = "userRoles"."role_id" limit $1) "userRoles_role") "userRoles_role" on true where "userRoles"."user_id" = $2 -- params: [1, "092958f2-f594-4ad5-b946-1b9de0701499"]
Query: select "user_id", "department", "specialization", "profile_picture", "contact_number", "date_of_birth", "gender", "address", "employee_id", "created_at", "updated_at" from "teacher_profiles" "teacherProfiles" where "teacherProfiles"."user_id" = $1 limit $2 -- params: ["092958f2-f594-4ad5-b946-1b9de0701499", 1]
2026-04-24 04:09:50 [34mdebug[39m [JwtStrategy] [JWT-STRAT] User lookup for 092958f2-f594-4ad5-b946-1b9de0701499: found=true
2026-04-24 04:09:50 [34mdebug[39m [RolesGuard] [ROLES] Required: ["admin","student"] | User roles: ["student"] | Path: /api/assessments/attempts/ongoing
Query: select "assessmentAttempts"."id", "assessmentAttempts"."student_id", "assessmentAttempts"."assessment_id", "assessmentAttempts"."attempt_number", "assessmentAttempts"."started_at", "assessmentAttempts"."expires_at", "assessmentAttempts"."last_question_index", "assessmentAttempts"."current_question_started_at", "assessmentAttempts"."current_question_deadline_at", "assessmentAttempts"."violation_count", "assessmentAttempts"."question_order", "assessmentAttempts"."draft_responses", "assessmentAttempts"."submitted_at", "assessmentAttempts"."score", "assessmentAttempts"."passed", "assessmentAttempts"."is_submitted", "assessmentAttempts"."time_spent_seconds", "assessmentAttempts"."is_returned", "assessmentAttempts"."returned_at", "assessmentAttempts"."teacher_feedback", "assessmentAttempts"."rubric_scores", "assessmentAttempts"."direct_score", "assessmentAttempts"."submitted_file_id", "assessmentAttempts"."submitted_file_original_name", "assessmentAttempts"."submitted_file_mime_type", "assessmentAttempts"."submitted_file_size_bytes", "assessmentAttempts"."created_at", "assessmentAttempts"."updated_at", "assessmentAttempts_assessment"."data" as "assessment" from "assessment_attempts" "assessmentAttempts" left join lateral (select json_build_array("assessmentAttempts_assessment"."id", "assessmentAttempts_assessment"."title", "assessmentAttempts_assessment"."time_limit_minutes") as "data" from (select * from "assessments" "assessmentAttempts_assessment" where "assessmentAttempts_assessment"."id" = "assessmentAttempts"."assessment_id" limit $1) "assessmentAttempts_assessment") "assessmentAttempts_assessment" on true where ("assessmentAttempts"."student_id" = $2 and "assessmentAttempts"."is_submitted" = $3) order by "assessmentAttempts"."updated_at" desc -- params: [1, "092958f2-f594-4ad5-b946-1b9de0701499", false]
2026-04-24 04:10:00 [34mdebug[39m [AnnouncementsScheduler] Checking for due scheduled announcements...
Query: select "id", "class_id", "author_id", "title", "content", "is_pinned", "is_visible", "is_core_template_asset", "template_id", "template_source_id", "scheduled_at", "published_at", "archived_at", "created_at", "updated_at" from "announcements" "announcements" where ("announcements"."published_at" is null and "announcements"."archived_at" is null and "announcements"."scheduled_at" <= $1) -- params: ["2026-04-23T20:10:00.015Z"]
Query: select "id", "email", "password", "first_name", "middle_name", "last_name", "account_status", "is_email_verified", "last_login_at", "created_at", "updated_at" from "users" "users" where "users"."email" = $1 limit $2 -- params: ["student71@lms.local", 1]
Query: select "userRoles"."user_id", "userRoles"."role_id", "userRoles"."assigned_at", "userRoles"."assigned_by", "userRoles_role"."data" as "role" from "user_roles" "userRoles" left join lateral (select json_build_array("userRoles_role"."id", "userRoles_role"."name", "userRoles_role"."description", "userRoles_role"."created_at") as "data" from (select * from "roles" "userRoles_role" where "userRoles_role"."id" = "userRoles"."role_id" limit $1) "userRoles_role") "userRoles_role" on true where "userRoles"."user_id" = $2 -- params: [1, "d54601e8-a0ba-4964-8d75-de8787444c4e"]
Query: select "user_id", "date_of_birth", "profile_picture", "gender", "phone", "address", "family_name", "family_relationship", "family_contact", "grade_level", "lrn", "created_at", "updated_at" from "student_profiles" "studentProfiles" where "studentProfiles"."user_id" = $1 limit $2 -- params: ["d54601e8-a0ba-4964-8d75-de8787444c4e", 1]
Query: select "user_id", "department", "specialization", "profile_picture", "contact_number", "date_of_birth", "gender", "address", "employee_id", "created_at", "updated_at" from "teacher_profiles" "teacherProfiles" where "teacherProfiles"."user_id" = $1 limit $2 -- params: ["d54601e8-a0ba-4964-8d75-de8787444c4e", 1]
Query: update "users" set "last_login_at" = $1 where "users"."id" = $2 -- params: ["2026-04-23T20:10:01.457Z", "d54601e8-a0ba-4964-8d75-de8787444c4e"]
Query: insert into "refresh_tokens" ("id", "user_id", "token_hash", "user_agent", "ip", "revoked", "expires_at", "created_at") values (default, $1, $2, $3, $4, $5, $6, default) -- params: ["d54601e8-a0ba-4964-8d75-de8787444c4e", "25530488a741bdad98df6e09728eec8e187df366c8f1e9ad7410d22386e55136", "Mozilla/5.0 (Windows NT; Windows NT 10.0; en-PH) WindowsPowerShell/5.1.26100.8115", "127.0.0.1", false, "2026-04-30T20:10:01.463Z"]
2026-04-24 04:10:01 [34mdebug[39m [JwtAuthGuard] [AUTH-GUARD] Authorization header present: true
2026-04-24 04:10:01 [34mdebug[39m [JwtStrategy] [JWT-STRAT] Validating token for userId: d54601e8-a0ba-4964-8d75-de8787444c4e
Query: select "id", "email", "password", "first_name", "middle_name", "last_name", "account_status", "is_email_verified", "last_login_at", "created_at", "updated_at" from "users" "users" where "users"."id" = $1 limit $2 -- params: ["d54601e8-a0ba-4964-8d75-de8787444c4e", 1]
Query: select "user_id", "date_of_birth", "profile_picture", "gender", "phone", "address", "family_name", "family_relationship", "family_contact", "grade_level", "lrn", "created_at", "updated_at" from "student_profiles" "studentProfiles" where "studentProfiles"."user_id" = $1 limit $2 -- params: ["d54601e8-a0ba-4964-8d75-de8787444c4e", 1]
Query: select "userRoles"."user_id", "userRoles"."role_id", "userRoles"."assigned_at", "userRoles"."assigned_by", "userRoles_role"."data" as "role" from "user_roles" "userRoles" left join lateral (select json_build_array("userRoles_role"."id", "userRoles_role"."name", "userRoles_role"."description", "userRoles_role"."created_at") as "data" from (select * from "roles" "userRoles_role" where "userRoles_role"."id" = "userRoles"."role_id" limit $1) "userRoles_role") "userRoles_role" on true where "userRoles"."user_id" = $2 -- params: [1, "d54601e8-a0ba-4964-8d75-de8787444c4e"]
Query: select "user_id", "department", "specialization", "profile_picture", "contact_number", "date_of_birth", "gender", "address", "employee_id", "created_at", "updated_at" from "teacher_profiles" "teacherProfiles" where "teacherProfiles"."user_id" = $1 limit $2 -- params: ["d54601e8-a0ba-4964-8d75-de8787444c4e", 1]
2026-04-24 04:10:01 [34mdebug[39m [JwtStrategy] [JWT-STRAT] User lookup for d54601e8-a0ba-4964-8d75-de8787444c4e: found=true
2026-04-24 04:10:01 [34mdebug[39m [JwtAuthGuard] [AUTH-GUARD] Authorization header present: true
2026-04-24 04:10:01 [34mdebug[39m [JwtStrategy] [JWT-STRAT] Validating token for userId: d54601e8-a0ba-4964-8d75-de8787444c4e
Query: select "id", "email", "password", "first_name", "middle_name", "last_name", "account_status", "is_email_verified", "last_login_at", "created_at", "updated_at" from "users" "users" where "users"."id" = $1 limit $2 -- params: ["d54601e8-a0ba-4964-8d75-de8787444c4e", 1]
Query: select "user_id", "date_of_birth", "profile_picture", "gender", "phone", "address", "family_name", "family_relationship", "family_contact", "grade_level", "lrn", "created_at", "updated_at" from "student_profiles" "studentProfiles" where "studentProfiles"."user_id" = $1 limit $2 -- params: ["d54601e8-a0ba-4964-8d75-de8787444c4e", 1]
Query: select "userRoles"."user_id", "userRoles"."role_id", "userRoles"."assigned_at", "userRoles"."assigned_by", "userRoles_role"."data" as "role" from "user_roles" "userRoles" left join lateral (select json_build_array("userRoles_role"."id", "userRoles_role"."name", "userRoles_role"."description", "userRoles_role"."created_at") as "data" from (select * from "roles" "userRoles_role" where "userRoles_role"."id" = "userRoles"."role_id" limit $1) "userRoles_role") "userRoles_role" on true where "userRoles"."user_id" = $2 -- params: [1, "d54601e8-a0ba-4964-8d75-de8787444c4e"]
Query: select "user_id", "department", "specialization", "profile_picture", "contact_number", "date_of_birth", "gender", "address", "employee_id", "created_at", "updated_at" from "teacher_profiles" "teacherProfiles" where "teacherProfiles"."user_id" = $1 limit $2 -- params: ["d54601e8-a0ba-4964-8d75-de8787444c4e", 1]
2026-04-24 04:10:01 [34mdebug[39m [JwtStrategy] [JWT-STRAT] User lookup for d54601e8-a0ba-4964-8d75-de8787444c4e: found=true
2026-04-24 04:10:01 [34mdebug[39m [RolesGuard] [ROLES] Required: ["student"] | User roles: ["student"] | Path: /api/ai/student/ja/review/bootstrap?classId=b154d6f7-ec2e-46b1-b6e3-e790039cb14d
Query: select "class_id" from "enrollments" "enrollments" where ("enrollments"."student_id" = $1 and "enrollments"."class_id" = $2 and "enrollments"."status" = $3) limit $4 -- params: ["d54601e8-a0ba-4964-8d75-de8787444c4e", "b154d6f7-ec2e-46b1-b6e3-e790039cb14d", "enrolled", 1]
Query: select "class_id" from "enrollments" "enrollments" where ("enrollments"."student_id" = $1 and "enrollments"."class_id" = $2) -- params: ["d54601e8-a0ba-4964-8d75-de8787444c4e", "b154d6f7-ec2e-46b1-b6e3-e790039cb14d"]
Query: select "classModules"."id", "classModules"."class_id", "classModules"."title", "classModules"."description", "classModules"."order", "classModules"."is_visible", "classModules"."is_locked", "classModules"."teacher_notes", "classModules"."theme_kind", "classModules"."gradient_id", "classModules"."cover_image_url", "classModules"."image_position_x", "classModules"."image_position_y", "classModules"."image_scale", "classModules"."is_core_template_asset", "classModules"."template_id", "classModules"."template_source_id", "classModules"."created_at", "classModules"."updated_at", "classModules_sections"."data" as "sections" from "class_modules" "classModules" left join lateral (select coalesce(json_agg(json_build_array("classModules_sections"."id", "classModules_sections"."module_id", "classModules_sections"."title", "classModules_sections"."description", "classModules_sections"."order", "classModules_sections"."created_at", "classModules_sections"."updated_at", "classModules_sections_items"."data")), '[]'::json) as "data" from "module_sections" "classModules_sections" left join lateral (select coalesce(json_agg(json_build_array("classModules_sections_items"."item_type", "classModules_sections_items"."is_visible", "classModules_sections_items"."is_given", "classModules_sections_items"."lesson_id", "classModules_sections_items"."assessment_id", "classModules_sections_items"."file_id", "classModules_sections_items_lesson"."data", "classModules_sections_items_assessment"."data")), '[]'::json) as "data" from "module_items" "classModules_sections_items" left join lateral (select json_build_array("classModules_sections_items_lesson"."id", "classModules_sections_items_lesson"."is_draft") as "data" from (select * from "lessons" "classModules_sections_items_lesson" where "classModules_sections_items_lesson"."id" = "classModules_sections_items"."lesson_id" limit $1) "classModules_sections_items_lesson") "classModules_sections_items_lesson" on true left join lateral (select json_build_array("classModules_sections_items_assessment"."id", "classModules_sections_items_assessment"."is_published") as "data" from (select * from "assessments" "classModules_sections_items_assessment" where "classModules_sections_items_assessment"."id" = "classModules_sections_items"."assessment_id" limit $2) "classModules_sections_items_assessment") "classModules_sections_items_assessment" on true where "classModules_sections_items"."module_section_id" = "classModules_sections"."id") "classModules_sections_items" on true where "classModules_sections"."module_id" = "classModules"."id") "classModules_sections" on true where ("classModules"."class_id" in ($3) and "classModules"."is_visible" = $4) -- params: [1, 1, "b154d6f7-ec2e-46b1-b6e3-e790039cb14d", true]
Query: select "id", "status", "current_index", "question_count", "strike_count", "reward_state", "grounding_status", "started_at", "completed_at" from "ja_sessions" "jaSessions" where ("jaSessions"."student_id" = $1 and "jaSessions"."class_id" = $2 and "jaSessions"."mode" = $3 and "jaSessions"."status" in ($4, $5)) order by "jaSessions"."updated_at" desc -- params: ["d54601e8-a0ba-4964-8d75-de8787444c4e", "b154d6f7-ec2e-46b1-b6e3-e790039cb14d", "practice", "active", "completed"]
Query: select "xp_total", "streak_days", "sessions_completed", "last_activity_at" from "ja_progress" "jaProgress" where ("jaProgress"."student_id" = $1 and "jaProgress"."class_id" = $2) limit $3 -- params: ["d54601e8-a0ba-4964-8d75-de8787444c4e", "b154d6f7-ec2e-46b1-b6e3-e790039cb14d", 1]
Query: select "assessment_attempts"."id", "assessments"."id", "assessments"."title", "assessment_attempts"."submitted_at", "assessment_attempts"."score", "assessment_attempts"."passed" from "assessment_attempts" inner join "assessments" on "assessments"."id" = "assessment_attempts"."assessment_id" where ("assessment_attempts"."student_id" = $1 and "assessment_attempts"."is_submitted" = $2 and "assessments"."class_id" = $3 and "assessments"."is_published" = $4) order by "assessment_attempts"."submitted_at" desc limit $5 -- params: ["d54601e8-a0ba-4964-8d75-de8787444c4e", true, "b154d6f7-ec2e-46b1-b6e3-e790039cb14d", true, 20]
Query: select "id", "status", "current_index", "question_count", "strike_count", "reward_state", "grounding_status", "started_at", "completed_at" from "ja_sessions" "jaSessions" where ("jaSessions"."student_id" = $1 and "jaSessions"."class_id" = $2 and "jaSessions"."mode" = $3 and "jaSessions"."status" in ($4, $5)) order by "jaSessions"."updated_at" desc limit $6 -- params: ["d54601e8-a0ba-4964-8d75-de8787444c4e", "b154d6f7-ec2e-46b1-b6e3-e790039cb14d", "review", "active", "completed", 20]
2026-04-24 04:10:50 [34mdebug[39m [JwtAuthGuard] [AUTH-GUARD] Authorization header present: true
2026-04-24 04:10:50 [34mdebug[39m [JwtStrategy] [JWT-STRAT] Validating token for userId: 092958f2-f594-4ad5-b946-1b9de0701499
Query: select "id", "email", "password", "first_name", "middle_name", "last_name", "account_status", "is_email_verified", "last_login_at", "created_at", "updated_at" from "users" "users" where "users"."id" = $1 limit $2 -- params: ["092958f2-f594-4ad5-b946-1b9de0701499", 1]
2026-04-24 04:10:50 [34mdebug[39m [DatabaseService] New database connection established
Query: select "user_id", "date_of_birth", "profile_picture", "gender", "phone", "address", "family_name", "family_relationship", "family_contact", "grade_level", "lrn", "created_at", "updated_at" from "student_profiles" "studentProfiles" where "studentProfiles"."user_id" = $1 limit $2 -- params: ["092958f2-f594-4ad5-b946-1b9de0701499", 1]
Query: select "userRoles"."user_id", "userRoles"."role_id", "userRoles"."assigned_at", "userRoles"."assigned_by", "userRoles_role"."data" as "role" from "user_roles" "userRoles" left join lateral (select json_build_array("userRoles_role"."id", "userRoles_role"."name", "userRoles_role"."description", "userRoles_role"."created_at") as "data" from (select * from "roles" "userRoles_role" where "userRoles_role"."id" = "userRoles"."role_id" limit $1) "userRoles_role") "userRoles_role" on true where "userRoles"."user_id" = $2 -- params: [1, "092958f2-f594-4ad5-b946-1b9de0701499"]
2026-04-24 04:10:50 [34mdebug[39m [DatabaseService] New database connection established
Query: select "user_id", "department", "specialization", "profile_picture", "contact_number", "date_of_birth", "gender", "address", "employee_id", "created_at", "updated_at" from "teacher_profiles" "teacherProfiles" where "teacherProfiles"."user_id" = $1 limit $2 -- params: ["092958f2-f594-4ad5-b946-1b9de0701499", 1]
2026-04-24 04:10:50 [34mdebug[39m [JwtStrategy] [JWT-STRAT] User lookup for 092958f2-f594-4ad5-b946-1b9de0701499: found=true
2026-04-24 04:10:50 [34mdebug[39m [JwtAuthGuard] [AUTH-GUARD] Authorization header present: true
2026-04-24 04:10:50 [34mdebug[39m [JwtStrategy] [JWT-STRAT] Validating token for userId: 092958f2-f594-4ad5-b946-1b9de0701499
Query: select "id", "email", "password", "first_name", "middle_name", "last_name", "account_status", "is_email_verified", "last_login_at", "created_at", "updated_at" from "users" "users" where "users"."id" = $1 limit $2 -- params: ["092958f2-f594-4ad5-b946-1b9de0701499", 1]
Query: select "user_id", "date_of_birth", "profile_picture", "gender", "phone", "address", "family_name", "family_relationship", "family_contact", "grade_level", "lrn", "created_at", "updated_at" from "student_profiles" "studentProfiles" where "studentProfiles"."user_id" = $1 limit $2 -- params: ["092958f2-f594-4ad5-b946-1b9de0701499", 1]
Query: select "userRoles"."user_id", "userRoles"."role_id", "userRoles"."assigned_at", "userRoles"."assigned_by", "userRoles_role"."data" as "role" from "user_roles" "userRoles" left join lateral (select json_build_array("userRoles_role"."id", "userRoles_role"."name", "userRoles_role"."description", "userRoles_role"."created_at") as "data" from (select * from "roles" "userRoles_role" where "userRoles_role"."id" = "userRoles"."role_id" limit $1) "userRoles_role") "userRoles_role" on true where "userRoles"."user_id" = $2 -- params: [1, "092958f2-f594-4ad5-b946-1b9de0701499"]
Query: select "user_id", "department", "specialization", "profile_picture", "contact_number", "date_of_birth", "gender", "address", "employee_id", "created_at", "updated_at" from "teacher_profiles" "teacherProfiles" where "teacherProfiles"."user_id" = $1 limit $2 -- params: ["092958f2-f594-4ad5-b946-1b9de0701499", 1]
2026-04-24 04:10:50 [34mdebug[39m [JwtStrategy] [JWT-STRAT] User lookup for 092958f2-f594-4ad5-b946-1b9de0701499: found=true
2026-04-24 04:10:50 [34mdebug[39m [RolesGuard] [ROLES] Required: ["admin","student"] | User roles: ["student"] | Path: /api/assessments/attempts/ongoing
Query: select "assessmentAttempts"."id", "assessmentAttempts"."student_id", "assessmentAttempts"."assessment_id", "assessmentAttempts"."attempt_number", "assessmentAttempts"."started_at", "assessmentAttempts"."expires_at", "assessmentAttempts"."last_question_index", "assessmentAttempts"."current_question_started_at", "assessmentAttempts"."current_question_deadline_at", "assessmentAttempts"."violation_count", "assessmentAttempts"."question_order", "assessmentAttempts"."draft_responses", "assessmentAttempts"."submitted_at", "assessmentAttempts"."score", "assessmentAttempts"."passed", "assessmentAttempts"."is_submitted", "assessmentAttempts"."time_spent_seconds", "assessmentAttempts"."is_returned", "assessmentAttempts"."returned_at", "assessmentAttempts"."teacher_feedback", "assessmentAttempts"."rubric_scores", "assessmentAttempts"."direct_score", "assessmentAttempts"."submitted_file_id", "assessmentAttempts"."submitted_file_original_name", "assessmentAttempts"."submitted_file_mime_type", "assessmentAttempts"."submitted_file_size_bytes", "assessmentAttempts"."created_at", "assessmentAttempts"."updated_at", "assessmentAttempts_assessment"."data" as "assessment" from "assessment_attempts" "assessmentAttempts" left join lateral (select json_build_array("assessmentAttempts_assessment"."id", "assessmentAttempts_assessment"."title", "assessmentAttempts_assessment"."time_limit_minutes") as "data" from (select * from "assessments" "assessmentAttempts_assessment" where "assessmentAttempts_assessment"."id" = "assessmentAttempts"."assessment_id" limit $1) "assessmentAttempts_assessment") "assessmentAttempts_assessment" on true where ("assessmentAttempts"."student_id" = $2 and "assessmentAttempts"."is_submitted" = $3) order by "assessmentAttempts"."updated_at" desc -- params: [1, "092958f2-f594-4ad5-b946-1b9de0701499", false]
2026-04-24 04:11:00 [34mdebug[39m [AnnouncementsScheduler] Checking for due scheduled announcements...
Query: select "id", "class_id", "author_id", "title", "content", "is_pinned", "is_visible", "is_core_template_asset", "template_id", "template_source_id", "scheduled_at", "published_at", "archived_at", "created_at", "updated_at" from "announcements" "announcements" where ("announcements"."published_at" is null and "announcements"."archived_at" is null and "announcements"."scheduled_at" <= $1) -- params: ["2026-04-23T20:11:00.015Z"]
2026-04-24 04:11:50 [34mdebug[39m [JwtAuthGuard] [AUTH-GUARD] Authorization header present: true
2026-04-24 04:11:50 [34mdebug[39m [JwtStrategy] [JWT-STRAT] Validating token for userId: 092958f2-f594-4ad5-b946-1b9de0701499
Query: select "id", "email", "password", "first_name", "middle_name", "last_name", "account_status", "is_email_verified", "last_login_at", "created_at", "updated_at" from "users" "users" where "users"."id" = $1 limit $2 -- params: ["092958f2-f594-4ad5-b946-1b9de0701499", 1]
2026-04-24 04:11:50 [34mdebug[39m [DatabaseService] New database connection established
Query: select "user_id", "date_of_birth", "profile_picture", "gender", "phone", "address", "family_name", "family_relationship", "family_contact", "grade_level", "lrn", "created_at", "updated_at" from "student_profiles" "studentProfiles" where "studentProfiles"."user_id" = $1 limit $2 -- params: ["092958f2-f594-4ad5-b946-1b9de0701499", 1]
Query: select "userRoles"."user_id", "userRoles"."role_id", "userRoles"."assigned_at", "userRoles"."assigned_by", "userRoles_role"."data" as "role" from "user_roles" "userRoles" left join lateral (select json_build_array("userRoles_role"."id", "userRoles_role"."name", "userRoles_role"."description", "userRoles_role"."created_at") as "data" from (select * from "roles" "userRoles_role" where "userRoles_role"."id" = "userRoles"."role_id" limit $1) "userRoles_role") "userRoles_role" on true where "userRoles"."user_id" = $2 -- params: [1, "092958f2-f594-4ad5-b946-1b9de0701499"]
2026-04-24 04:11:50 [34mdebug[39m [DatabaseService] New database connection established
Query: select "user_id", "department", "specialization", "profile_picture", "contact_number", "date_of_birth", "gender", "address", "employee_id", "created_at", "updated_at" from "teacher_profiles" "teacherProfiles" where "teacherProfiles"."user_id" = $1 limit $2 -- params: ["092958f2-f594-4ad5-b946-1b9de0701499", 1]
2026-04-24 04:11:50 [34mdebug[39m [JwtStrategy] [JWT-STRAT] User lookup for 092958f2-f594-4ad5-b946-1b9de0701499: found=true
2026-04-24 04:11:50 [34mdebug[39m [JwtAuthGuard] [AUTH-GUARD] Authorization header present: true
2026-04-24 04:11:50 [34mdebug[39m [JwtStrategy] [JWT-STRAT] Validating token for userId: 092958f2-f594-4ad5-b946-1b9de0701499
Query: select "id", "email", "password", "first_name", "middle_name", "last_name", "account_status", "is_email_verified", "last_login_at", "created_at", "updated_at" from "users" "users" where "users"."id" = $1 limit $2 -- params: ["092958f2-f594-4ad5-b946-1b9de0701499", 1]
Query: select "user_id", "date_of_birth", "profile_picture", "gender", "phone", "address", "family_name", "family_relationship", "family_contact", "grade_level", "lrn", "created_at", "updated_at" from "student_profiles" "studentProfiles" where "studentProfiles"."user_id" = $1 limit $2 -- params: ["092958f2-f594-4ad5-b946-1b9de0701499", 1]
Query: select "userRoles"."user_id", "userRoles"."role_id", "userRoles"."assigned_at", "userRoles"."assigned_by", "userRoles_role"."data" as "role" from "user_roles" "userRoles" left join lateral (select json_build_array("userRoles_role"."id", "userRoles_role"."name", "userRoles_role"."description", "userRoles_role"."created_at") as "data" from (select * from "roles" "userRoles_role" where "userRoles_role"."id" = "userRoles"."role_id" limit $1) "userRoles_role") "userRoles_role" on true where "userRoles"."user_id" = $2 -- params: [1, "092958f2-f594-4ad5-b946-1b9de0701499"]
Query: select "user_id", "department", "specialization", "profile_picture", "contact_number", "date_of_birth", "gender", "address", "employee_id", "created_at", "updated_at" from "teacher_profiles" "teacherProfiles" where "teacherProfiles"."user_id" = $1 limit $2 -- params: ["092958f2-f594-4ad5-b946-1b9de0701499", 1]
2026-04-24 04:11:50 [34mdebug[39m [JwtStrategy] [JWT-STRAT] User lookup for 092958f2-f594-4ad5-b946-1b9de0701499: found=true
2026-04-24 04:11:50 [34mdebug[39m [RolesGuard] [ROLES] Required: ["admin","student"] | User roles: ["student"] | Path: /api/assessments/attempts/ongoing
Query: select "assessmentAttempts"."id", "assessmentAttempts"."student_id", "assessmentAttempts"."assessment_id", "assessmentAttempts"."attempt_number", "assessmentAttempts"."started_at", "assessmentAttempts"."expires_at", "assessmentAttempts"."last_question_index", "assessmentAttempts"."current_question_started_at", "assessmentAttempts"."current_question_deadline_at", "assessmentAttempts"."violation_count", "assessmentAttempts"."question_order", "assessmentAttempts"."draft_responses", "assessmentAttempts"."submitted_at", "assessmentAttempts"."score", "assessmentAttempts"."passed", "assessmentAttempts"."is_submitted", "assessmentAttempts"."time_spent_seconds", "assessmentAttempts"."is_returned", "assessmentAttempts"."returned_at", "assessmentAttempts"."teacher_feedback", "assessmentAttempts"."rubric_scores", "assessmentAttempts"."direct_score", "assessmentAttempts"."submitted_file_id", "assessmentAttempts"."submitted_file_original_name", "assessmentAttempts"."submitted_file_mime_type", "assessmentAttempts"."submitted_file_size_bytes", "assessmentAttempts"."created_at", "assessmentAttempts"."updated_at", "assessmentAttempts_assessment"."data" as "assessment" from "assessment_attempts" "assessmentAttempts" left join lateral (select json_build_array("assessmentAttempts_assessment"."id", "assessmentAttempts_assessment"."title", "assessmentAttempts_assessment"."time_limit_minutes") as "data" from (select * from "assessments" "assessmentAttempts_assessment" where "assessmentAttempts_assessment"."id" = "assessmentAttempts"."assessment_id" limit $1) "assessmentAttempts_assessment") "assessmentAttempts_assessment" on true where ("assessmentAttempts"."student_id" = $2 and "assessmentAttempts"."is_submitted" = $3) order by "assessmentAttempts"."updated_at" desc -- params: [1, "092958f2-f594-4ad5-b946-1b9de0701499", false]
2026-04-24 04:12:00 [34mdebug[39m [AnnouncementsScheduler] Checking for due scheduled announcements...
Query: select "id", "class_id", "author_id", "title", "content", "is_pinned", "is_visible", "is_core_template_asset", "template_id", "template_source_id", "scheduled_at", "published_at", "archived_at", "created_at", "updated_at" from "announcements" "announcements" where ("announcements"."published_at" is null and "announcements"."archived_at" is null and "announcements"."scheduled_at" <= $1) -- params: ["2026-04-23T20:12:00.008Z"]
Query: select "id", "email", "password", "first_name", "middle_name", "last_name", "account_status", "is_email_verified", "last_login_at", "created_at", "updated_at" from "users" "users" where "users"."email" = $1 limit $2 -- params: ["student71@lms.local", 1]
Query: select "userRoles"."user_id", "userRoles"."role_id", "userRoles"."assigned_at", "userRoles"."assigned_by", "userRoles_role"."data" as "role" from "user_roles" "userRoles" left join lateral (select json_build_array("userRoles_role"."id", "userRoles_role"."name", "userRoles_role"."description", "userRoles_role"."created_at") as "data" from (select * from "roles" "userRoles_role" where "userRoles_role"."id" = "userRoles"."role_id" limit $1) "userRoles_role") "userRoles_role" on true where "userRoles"."user_id" = $2 -- params: [1, "d54601e8-a0ba-4964-8d75-de8787444c4e"]
Query: select "user_id", "date_of_birth", "profile_picture", "gender", "phone", "address", "family_name", "family_relationship", "family_contact", "grade_level", "lrn", "created_at", "updated_at" from "student_profiles" "studentProfiles" where "studentProfiles"."user_id" = $1 limit $2 -- params: ["d54601e8-a0ba-4964-8d75-de8787444c4e", 1]
Query: select "user_id", "department", "specialization", "profile_picture", "contact_number", "date_of_birth", "gender", "address", "employee_id", "created_at", "updated_at" from "teacher_profiles" "teacherProfiles" where "teacherProfiles"."user_id" = $1 limit $2 -- params: ["d54601e8-a0ba-4964-8d75-de8787444c4e", 1]
Query: update "users" set "last_login_at" = $1 where "users"."id" = $2 -- params: ["2026-04-23T20:12:15.440Z", "d54601e8-a0ba-4964-8d75-de8787444c4e"]
Query: insert into "refresh_tokens" ("id", "user_id", "token_hash", "user_agent", "ip", "revoked", "expires_at", "created_at") values (default, $1, $2, $3, $4, $5, $6, default) -- params: ["d54601e8-a0ba-4964-8d75-de8787444c4e", "1df2474173376bb43cb69f987b80a0f5d0f22dc717d06dd04f8209adda2d5c36", "node", "127.0.0.1", false, "2026-04-30T20:12:15.446Z"]
Query: select "id", "email", "password", "first_name", "middle_name", "last_name", "account_status", "is_email_verified", "last_login_at", "created_at", "updated_at" from "users" "users" where "users"."email" = $1 limit $2 -- params: ["student72@lms.local", 1]
Query: select "userRoles"."user_id", "userRoles"."role_id", "userRoles"."assigned_at", "userRoles"."assigned_by", "userRoles_role"."data" as "role" from "user_roles" "userRoles" left join lateral (select json_build_array("userRoles_role"."id", "userRoles_role"."name", "userRoles_role"."description", "userRoles_role"."created_at") as "data" from (select * from "roles" "userRoles_role" where "userRoles_role"."id" = "userRoles"."role_id" limit $1) "userRoles_role") "userRoles_role" on true where "userRoles"."user_id" = $2 -- params: [1, "7104891c-89d7-4f42-b9ca-51501c60da92"]
Query: select "user_id", "date_of_birth", "profile_picture", "gender", "phone", "address", "family_name", "family_relationship", "family_contact", "grade_level", "lrn", "created_at", "updated_at" from "student_profiles" "studentProfiles" where "studentProfiles"."user_id" = $1 limit $2 -- params: ["7104891c-89d7-4f42-b9ca-51501c60da92", 1]
Query: select "user_id", "department", "specialization", "profile_picture", "contact_number", "date_of_birth", "gender", "address", "employee_id", "created_at", "updated_at" from "teacher_profiles" "teacherProfiles" where "teacherProfiles"."user_id" = $1 limit $2 -- params: ["7104891c-89d7-4f42-b9ca-51501c60da92", 1]
Query: update "users" set "last_login_at" = $1 where "users"."id" = $2 -- params: ["2026-04-23T20:12:15.557Z", "7104891c-89d7-4f42-b9ca-51501c60da92"]
Query: insert into "refresh_tokens" ("id", "user_id", "token_hash", "user_agent", "ip", "revoked", "expires_at", "created_at") values (default, $1, $2, $3, $4, $5, $6, default) -- params: ["7104891c-89d7-4f42-b9ca-51501c60da92", "97c3d90a03ce5701604d3c98de2188df7d535a13dc0a1c6810ee8c775c63d7ae", "node", "127.0.0.1", false, "2026-04-30T20:12:15.563Z"]
2026-04-24 04:12:15 [34mdebug[39m [JwtAuthGuard] [AUTH-GUARD] Authorization header present: true
2026-04-24 04:12:15 [34mdebug[39m [JwtStrategy] [JWT-STRAT] Validating token for userId: d54601e8-a0ba-4964-8d75-de8787444c4e
Query: select "id", "email", "password", "first_name", "middle_name", "last_name", "account_status", "is_email_verified", "last_login_at", "created_at", "updated_at" from "users" "users" where "users"."id" = $1 limit $2 -- params: ["d54601e8-a0ba-4964-8d75-de8787444c4e", 1]
Query: select "user_id", "date_of_birth", "profile_picture", "gender", "phone", "address", "family_name", "family_relationship", "family_contact", "grade_level", "lrn", "created_at", "updated_at" from "student_profiles" "studentProfiles" where "studentProfiles"."user_id" = $1 limit $2 -- params: ["d54601e8-a0ba-4964-8d75-de8787444c4e", 1]
Query: select "userRoles"."user_id", "userRoles"."role_id", "userRoles"."assigned_at", "userRoles"."assigned_by", "userRoles_role"."data" as "role" from "user_roles" "userRoles" left join lateral (select json_build_array("userRoles_role"."id", "userRoles_role"."name", "userRoles_role"."description", "userRoles_role"."created_at") as "data" from (select * from "roles" "userRoles_role" where "userRoles_role"."id" = "userRoles"."role_id" limit $1) "userRoles_role") "userRoles_role" on true where "userRoles"."user_id" = $2 -- params: [1, "d54601e8-a0ba-4964-8d75-de8787444c4e"]
Query: select "user_id", "department", "specialization", "profile_picture", "contact_number", "date_of_birth", "gender", "address", "employee_id", "created_at", "updated_at" from "teacher_profiles" "teacherProfiles" where "teacherProfiles"."user_id" = $1 limit $2 -- params: ["d54601e8-a0ba-4964-8d75-de8787444c4e", 1]
2026-04-24 04:12:15 [34mdebug[39m [JwtStrategy] [JWT-STRAT] User lookup for d54601e8-a0ba-4964-8d75-de8787444c4e: found=true
2026-04-24 04:12:15 [34mdebug[39m [RolesGuard] [ROLES] Required: ["student"] | User roles: ["student"] | Path: /api/lxp/me/eligibility
Query: select "enrollments"."class_id", "enrollments_class"."data" as "class" from "enrollments" "enrollments" left join lateral (select json_build_array("enrollments_class"."id", "enrollments_class"."subject_name", "enrollments_class"."subject_code", "enrollments_class_section"."data") as "data" from (select * from "classes" "enrollments_class" where "enrollments_class"."id" = "enrollments"."class_id" limit $1) "enrollments_class" left join lateral (select json_build_array("enrollments_class_section"."id", "enrollments_class_section"."name", "enrollments_class_section"."grade_level") as "data" from (select * from "sections" "enrollments_class_section" where "enrollments_class_section"."id" = "enrollments_class"."section_id" limit $2) "enrollments_class_section") "enrollments_class_section" on true) "enrollments_class" on true where ("enrollments"."student_id" = $3 and "enrollments"."status" = $4) -- params: [1, 1, "d54601e8-a0ba-4964-8d75-de8787444c4e", "enrolled"]
Query: select "class_id", "is_at_risk", "blended_score", "threshold_applied" from "performance_snapshots" "performanceSnapshots" where ("performanceSnapshots"."student_id" = $1 and "performanceSnapshots"."class_id" in ($2, $3, $4, $5)) -- params: ["d54601e8-a0ba-4964-8d75-de8787444c4e", "f71bebea-e122-4cd4-9d01-10d543ff1bf1", "77217ca4-2c0e-477f-a2bc-baf0dc4a3feb", "c8939737-f7c6-4609-97be-e5e8bbaa0edc", "b154d6f7-ec2e-46b1-b6e3-e790039cb14d"]
Query: select "class_id", "id", "opened_at" from "intervention_cases" "interventionCases" where ("interventionCases"."student_id" = $1 and "interventionCases"."class_id" in ($2, $3, $4, $5) and "interventionCases"."status" = $6) -- params: ["d54601e8-a0ba-4964-8d75-de8787444c4e", "f71bebea-e122-4cd4-9d01-10d543ff1bf1", "77217ca4-2c0e-477f-a2bc-baf0dc4a3feb", "c8939737-f7c6-4609-97be-e5e8bbaa0edc", "b154d6f7-ec2e-46b1-b6e3-e790039cb14d", "active"]
2026-04-24 04:12:15 [34mdebug[39m [JwtAuthGuard] [AUTH-GUARD] Authorization header present: true
2026-04-24 04:12:15 [34mdebug[39m [JwtStrategy] [JWT-STRAT] Validating token for userId: d54601e8-a0ba-4964-8d75-de8787444c4e
Query: select "id", "email", "password", "first_name", "middle_name", "last_name", "account_status", "is_email_verified", "last_login_at", "created_at", "updated_at" from "users" "users" where "users"."id" = $1 limit $2 -- params: ["d54601e8-a0ba-4964-8d75-de8787444c4e", 1]
Query: select "user_id", "date_of_birth", "profile_picture", "gender", "phone", "address", "family_name", "family_relationship", "family_contact", "grade_level", "lrn", "created_at", "updated_at" from "student_profiles" "studentProfiles" where "studentProfiles"."user_id" = $1 limit $2 -- params: ["d54601e8-a0ba-4964-8d75-de8787444c4e", 1]
Query: select "userRoles"."user_id", "userRoles"."role_id", "userRoles"."assigned_at", "userRoles"."assigned_by", "userRoles_role"."data" as "role" from "user_roles" "userRoles" left join lateral (select json_build_array("userRoles_role"."id", "userRoles_role"."name", "userRoles_role"."description", "userRoles_role"."created_at") as "data" from (select * from "roles" "userRoles_role" where "userRoles_role"."id" = "userRoles"."role_id" limit $1) "userRoles_role") "userRoles_role" on true where "userRoles"."user_id" = $2 -- params: [1, "d54601e8-a0ba-4964-8d75-de8787444c4e"]
Query: select "user_id", "department", "specialization", "profile_picture", "contact_number", "date_of_birth", "gender", "address", "employee_id", "created_at", "updated_at" from "teacher_profiles" "teacherProfiles" where "teacherProfiles"."user_id" = $1 limit $2 -- params: ["d54601e8-a0ba-4964-8d75-de8787444c4e", 1]
2026-04-24 04:12:15 [34mdebug[39m [JwtStrategy] [JWT-STRAT] User lookup for d54601e8-a0ba-4964-8d75-de8787444c4e: found=true
2026-04-24 04:12:15 [34mdebug[39m [RolesGuard] [ROLES] Required: ["student"] | User roles: ["student"] | Path: /api/lxp/me/playlist/b154d6f7-ec2e-46b1-b6e3-e790039cb14d
Query: select "id" from "enrollments" "enrollments" where ("enrollments"."student_id" = $1 and "enrollments"."class_id" = $2 and "enrollments"."status" = $3) limit $4 -- params: ["d54601e8-a0ba-4964-8d75-de8787444c4e", "b154d6f7-ec2e-46b1-b6e3-e790039cb14d", "enrolled", 1]
Query: select "id", "class_id", "student_id", "status", "trigger_source", "trigger_score", "threshold_applied", "note", "opened_at", "closed_at", "created_at", "updated_at" from "intervention_cases" "interventionCases" where ("interventionCases"."student_id" = $1 and "interventionCases"."class_id" = $2 and "interventionCases"."status" = $3) order by "interventionCases"."created_at" desc limit $4 -- params: ["d54601e8-a0ba-4964-8d75-de8787444c4e", "b154d6f7-ec2e-46b1-b6e3-e790039cb14d", "active", 1]
Query: select "id" from "intervention_assignments" "interventionAssignments" where "interventionAssignments"."case_id" = $1 limit $2 -- params: ["1b6c590a-b6a2-4fb7-a45a-f1f4cf7231f8", 1]
Query: select "student_id", "class_id", "xp_total", "streak_days", "checkpoints_completed", "last_activity_at", "created_at", "updated_at" from "lxp_progress" "lxpProgress" where ("lxpProgress"."student_id" = $1 and "lxpProgress"."class_id" = $2) limit $3 -- params: ["d54601e8-a0ba-4964-8d75-de8787444c4e", "b154d6f7-ec2e-46b1-b6e3-e790039cb14d", 1]
Query: select "interventionAssignments"."id", "interventionAssignments"."case_id", "interventionAssignments"."assignment_type", "interventionAssignments"."lesson_id", "interventionAssignments"."assessment_id", "interventionAssignments"."checkpoint_label", "interventionAssignments"."order_index", "interventionAssignments"."is_completed", "interventionAssignments"."completed_at", "interventionAssignments"."xp_awarded", "interventionAssignments"."created_at", "interventionAssignments"."updated_at", "interventionAssignments_lesson"."data" as "lesson", "interventionAssignments_assessment"."data" as "assessment" from "intervention_assignments" "interventionAssignments" left join lateral (select json_build_array("interventionAssignments_lesson"."id", "interventionAssignments_lesson"."title", "interventionAssignments_lesson"."description", "interventionAssignments_lesson"."order") as "data" from (select * from "lessons" "interventionAssignments_lesson" where "interventionAssignments_lesson"."id" = "interventionAssignments"."lesson_id" limit $1) "interventionAssignments_lesson") "interventionAssignments_lesson" on true left join lateral (select json_build_array("interventionAssignments_assessment"."id", "interventionAssignments_assessment"."title", "interventionAssignments_assessment"."description", "interventionAssignments_assessment"."passing_score", "interventionAssignments_assessment"."due_date", "interventionAssignments_assessment"."type") as "data" from (select * from "assessments" "interventionAssignments_assessment" where "interventionAssignments_assessment"."id" = "interventionAssignments"."assessment_id" limit $2) "interventionAssignments_assessment") "interventionAssignments_assessment" on true where "interventionAssignments"."case_id" = $3 order by "interventionAssignments"."order_index" asc -- params: [1, 1, "1b6c590a-b6a2-4fb7-a45a-f1f4cf7231f8"]
2026-04-24 04:12:15 [34mdebug[39m [JwtAuthGuard] [AUTH-GUARD] Authorization header present: true
2026-04-24 04:12:15 [34mdebug[39m [JwtStrategy] [JWT-STRAT] Validating token for userId: d54601e8-a0ba-4964-8d75-de8787444c4e
Query: select "id", "email", "password", "first_name", "middle_name", "last_name", "account_status", "is_email_verified", "last_login_at", "created_at", "updated_at" from "users" "users" where "users"."id" = $1 limit $2 -- params: ["d54601e8-a0ba-4964-8d75-de8787444c4e", 1]
Query: select "user_id", "date_of_birth", "profile_picture", "gender", "phone", "address", "family_name", "family_relationship", "family_contact", "grade_level", "lrn", "created_at", "updated_at" from "student_profiles" "studentProfiles" where "studentProfiles"."user_id" = $1 limit $2 -- params: ["d54601e8-a0ba-4964-8d75-de8787444c4e", 1]
Query: select "userRoles"."user_id", "userRoles"."role_id", "userRoles"."assigned_at", "userRoles"."assigned_by", "userRoles_role"."data" as "role" from "user_roles" "userRoles" left join lateral (select json_build_array("userRoles_role"."id", "userRoles_role"."name", "userRoles_role"."description", "userRoles_role"."created_at") as "data" from (select * from "roles" "userRoles_role" where "userRoles_role"."id" = "userRoles"."role_id" limit $1) "userRoles_role") "userRoles_role" on true where "userRoles"."user_id" = $2 -- params: [1, "d54601e8-a0ba-4964-8d75-de8787444c4e"]
Query: select "user_id", "department", "specialization", "profile_picture", "contact_number", "date_of_birth", "gender", "address", "employee_id", "created_at", "updated_at" from "teacher_profiles" "teacherProfiles" where "teacherProfiles"."user_id" = $1 limit $2 -- params: ["d54601e8-a0ba-4964-8d75-de8787444c4e", 1]
2026-04-24 04:12:15 [34mdebug[39m [JwtStrategy] [JWT-STRAT] User lookup for d54601e8-a0ba-4964-8d75-de8787444c4e: found=true
2026-04-24 04:12:15 [34mdebug[39m [JwtAuthGuard] [AUTH-GUARD] Authorization header present: true
2026-04-24 04:12:15 [34mdebug[39m [JwtStrategy] [JWT-STRAT] Validating token for userId: d54601e8-a0ba-4964-8d75-de8787444c4e
Query: select "id", "email", "password", "first_name", "middle_name", "last_name", "account_status", "is_email_verified", "last_login_at", "created_at", "updated_at" from "users" "users" where "users"."id" = $1 limit $2 -- params: ["d54601e8-a0ba-4964-8d75-de8787444c4e", 1]
Query: select "user_id", "date_of_birth", "profile_picture", "gender", "phone", "address", "family_name", "family_relationship", "family_contact", "grade_level", "lrn", "created_at", "updated_at" from "student_profiles" "studentProfiles" where "studentProfiles"."user_id" = $1 limit $2 -- params: ["d54601e8-a0ba-4964-8d75-de8787444c4e", 1]
Query: select "userRoles"."user_id", "userRoles"."role_id", "userRoles"."assigned_at", "userRoles"."assigned_by", "userRoles_role"."data" as "role" from "user_roles" "userRoles" left join lateral (select json_build_array("userRoles_role"."id", "userRoles_role"."name", "userRoles_role"."description", "userRoles_role"."created_at") as "data" from (select * from "roles" "userRoles_role" where "userRoles_role"."id" = "userRoles"."role_id" limit $1) "userRoles_role") "userRoles_role" on true where "userRoles"."user_id" = $2 -- params: [1, "d54601e8-a0ba-4964-8d75-de8787444c4e"]
Query: select "user_id", "department", "specialization", "profile_picture", "contact_number", "date_of_birth", "gender", "address", "employee_id", "created_at", "updated_at" from "teacher_profiles" "teacherProfiles" where "teacherProfiles"."user_id" = $1 limit $2 -- params: ["d54601e8-a0ba-4964-8d75-de8787444c4e", 1]
2026-04-24 04:12:15 [34mdebug[39m [JwtStrategy] [JWT-STRAT] User lookup for d54601e8-a0ba-4964-8d75-de8787444c4e: found=true
2026-04-24 04:12:15 [34mdebug[39m [RolesGuard] [ROLES] Required: ["student"] | User roles: ["student"] | Path: /api/ai/student/ja/review/bootstrap?classId=b154d6f7-ec2e-46b1-b6e3-e790039cb14d
Query: select "class_id" from "enrollments" "enrollments" where ("enrollments"."student_id" = $1 and "enrollments"."class_id" = $2 and "enrollments"."status" = $3) limit $4 -- params: ["d54601e8-a0ba-4964-8d75-de8787444c4e", "b154d6f7-ec2e-46b1-b6e3-e790039cb14d", "enrolled", 1]
Query: select "class_id" from "enrollments" "enrollments" where ("enrollments"."student_id" = $1 and "enrollments"."class_id" = $2) -- params: ["d54601e8-a0ba-4964-8d75-de8787444c4e", "b154d6f7-ec2e-46b1-b6e3-e790039cb14d"]
Query: select "classModules"."id", "classModules"."class_id", "classModules"."title", "classModules"."description", "classModules"."order", "classModules"."is_visible", "classModules"."is_locked", "classModules"."teacher_notes", "classModules"."theme_kind", "classModules"."gradient_id", "classModules"."cover_image_url", "classModules"."image_position_x", "classModules"."image_position_y", "classModules"."image_scale", "classModules"."is_core_template_asset", "classModules"."template_id", "classModules"."template_source_id", "classModules"."created_at", "classModules"."updated_at", "classModules_sections"."data" as "sections" from "class_modules" "classModules" left join lateral (select coalesce(json_agg(json_build_array("classModules_sections"."id", "classModules_sections"."module_id", "classModules_sections"."title", "classModules_sections"."description", "classModules_sections"."order", "classModules_sections"."created_at", "classModules_sections"."updated_at", "classModules_sections_items"."data")), '[]'::json) as "data" from "module_sections" "classModules_sections" left join lateral (select coalesce(json_agg(json_build_array("classModules_sections_items"."item_type", "classModules_sections_items"."is_visible", "classModules_sections_items"."is_given", "classModules_sections_items"."lesson_id", "classModules_sections_items"."assessment_id", "classModules_sections_items"."file_id", "classModules_sections_items_lesson"."data", "classModules_sections_items_assessment"."data")), '[]'::json) as "data" from "module_items" "classModules_sections_items" left join lateral (select json_build_array("classModules_sections_items_lesson"."id", "classModules_sections_items_lesson"."is_draft") as "data" from (select * from "lessons" "classModules_sections_items_lesson" where "classModules_sections_items_lesson"."id" = "classModules_sections_items"."lesson_id" limit $1) "classModules_sections_items_lesson") "classModules_sections_items_lesson" on true left join lateral (select json_build_array("classModules_sections_items_assessment"."id", "classModules_sections_items_assessment"."is_published") as "data" from (select * from "assessments" "classModules_sections_items_assessment" where "classModules_sections_items_assessment"."id" = "classModules_sections_items"."assessment_id" limit $2) "classModules_sections_items_assessment") "classModules_sections_items_assessment" on true where "classModules_sections_items"."module_section_id" = "classModules_sections"."id") "classModules_sections_items" on true where "classModules_sections"."module_id" = "classModules"."id") "classModules_sections" on true where ("classModules"."class_id" in ($3) and "classModules"."is_visible" = $4) -- params: [1, 1, "b154d6f7-ec2e-46b1-b6e3-e790039cb14d", true]
Query: select "id", "status", "current_index", "question_count", "strike_count", "reward_state", "grounding_status", "started_at", "completed_at" from "ja_sessions" "jaSessions" where ("jaSessions"."student_id" = $1 and "jaSessions"."class_id" = $2 and "jaSessions"."mode" = $3 and "jaSessions"."status" in ($4, $5)) order by "jaSessions"."updated_at" desc -- params: ["d54601e8-a0ba-4964-8d75-de8787444c4e", "b154d6f7-ec2e-46b1-b6e3-e790039cb14d", "practice", "active", "completed"]
Query: select "xp_total", "streak_days", "sessions_completed", "last_activity_at" from "ja_progress" "jaProgress" where ("jaProgress"."student_id" = $1 and "jaProgress"."class_id" = $2) limit $3 -- params: ["d54601e8-a0ba-4964-8d75-de8787444c4e", "b154d6f7-ec2e-46b1-b6e3-e790039cb14d", 1]
Query: select "assessment_attempts"."id", "assessments"."id", "assessments"."title", "assessment_attempts"."submitted_at", "assessment_attempts"."score", "assessment_attempts"."passed" from "assessment_attempts" inner join "assessments" on "assessments"."id" = "assessment_attempts"."assessment_id" where ("assessment_attempts"."student_id" = $1 and "assessment_attempts"."is_submitted" = $2 and "assessments"."class_id" = $3 and "assessments"."is_published" = $4) order by "assessment_attempts"."submitted_at" desc limit $5 -- params: ["d54601e8-a0ba-4964-8d75-de8787444c4e", true, "b154d6f7-ec2e-46b1-b6e3-e790039cb14d", true, 20]
Query: select "id", "status", "current_index", "question_count", "strike_count", "reward_state", "grounding_status", "started_at", "completed_at" from "ja_sessions" "jaSessions" where ("jaSessions"."student_id" = $1 and "jaSessions"."class_id" = $2 and "jaSessions"."mode" = $3 and "jaSessions"."status" in ($4, $5)) order by "jaSessions"."updated_at" desc limit $6 -- params: ["d54601e8-a0ba-4964-8d75-de8787444c4e", "b154d6f7-ec2e-46b1-b6e3-e790039cb14d", "review", "active", "completed", 20]
2026-04-24 04:12:15 [34mdebug[39m [JwtAuthGuard] [AUTH-GUARD] Authorization header present: true
2026-04-24 04:12:15 [34mdebug[39m [JwtStrategy] [JWT-STRAT] Validating token for userId: d54601e8-a0ba-4964-8d75-de8787444c4e
Query: select "id", "email", "password", "first_name", "middle_name", "last_name", "account_status", "is_email_verified", "last_login_at", "created_at", "updated_at" from "users" "users" where "users"."id" = $1 limit $2 -- params: ["d54601e8-a0ba-4964-8d75-de8787444c4e", 1]
Query: select "user_id", "date_of_birth", "profile_picture", "gender", "phone", "address", "family_name", "family_relationship", "family_contact", "grade_level", "lrn", "created_at", "updated_at" from "student_profiles" "studentProfiles" where "studentProfiles"."user_id" = $1 limit $2 -- params: ["d54601e8-a0ba-4964-8d75-de8787444c4e", 1]
Query: select "userRoles"."user_id", "userRoles"."role_id", "userRoles"."assigned_at", "userRoles"."assigned_by", "userRoles_role"."data" as "role" from "user_roles" "userRoles" left join lateral (select json_build_array("userRoles_role"."id", "userRoles_role"."name", "userRoles_role"."description", "userRoles_role"."created_at") as "data" from (select * from "roles" "userRoles_role" where "userRoles_role"."id" = "userRoles"."role_id" limit $1) "userRoles_role") "userRoles_role" on true where "userRoles"."user_id" = $2 -- params: [1, "d54601e8-a0ba-4964-8d75-de8787444c4e"]
Query: select "user_id", "department", "specialization", "profile_picture", "contact_number", "date_of_birth", "gender", "address", "employee_id", "created_at", "updated_at" from "teacher_profiles" "teacherProfiles" where "teacherProfiles"."user_id" = $1 limit $2 -- params: ["d54601e8-a0ba-4964-8d75-de8787444c4e", 1]
2026-04-24 04:12:15 [34mdebug[39m [JwtStrategy] [JWT-STRAT] User lookup for d54601e8-a0ba-4964-8d75-de8787444c4e: found=true
2026-04-24 04:12:15 [34mdebug[39m [JwtAuthGuard] [AUTH-GUARD] Authorization header present: true
2026-04-24 04:12:15 [34mdebug[39m [JwtStrategy] [JWT-STRAT] Validating token for userId: d54601e8-a0ba-4964-8d75-de8787444c4e
Query: select "id", "email", "password", "first_name", "middle_name", "last_name", "account_status", "is_email_verified", "last_login_at", "created_at", "updated_at" from "users" "users" where "users"."id" = $1 limit $2 -- params: ["d54601e8-a0ba-4964-8d75-de8787444c4e", 1]
Query: select "user_id", "date_of_birth", "profile_picture", "gender", "phone", "address", "family_name", "family_relationship", "family_contact", "grade_level", "lrn", "created_at", "updated_at" from "student_profiles" "studentProfiles" where "studentProfiles"."user_id" = $1 limit $2 -- params: ["d54601e8-a0ba-4964-8d75-de8787444c4e", 1]
Query: select "userRoles"."user_id", "userRoles"."role_id", "userRoles"."assigned_at", "userRoles"."assigned_by", "userRoles_role"."data" as "role" from "user_roles" "userRoles" left join lateral (select json_build_array("userRoles_role"."id", "userRoles_role"."name", "userRoles_role"."description", "userRoles_role"."created_at") as "data" from (select * from "roles" "userRoles_role" where "userRoles_role"."id" = "userRoles"."role_id" limit $1) "userRoles_role") "userRoles_role" on true where "userRoles"."user_id" = $2 -- params: [1, "d54601e8-a0ba-4964-8d75-de8787444c4e"]
Query: select "user_id", "department", "specialization", "profile_picture", "contact_number", "date_of_birth", "gender", "address", "employee_id", "created_at", "updated_at" from "teacher_profiles" "teacherProfiles" where "teacherProfiles"."user_id" = $1 limit $2 -- params: ["d54601e8-a0ba-4964-8d75-de8787444c4e", 1]
2026-04-24 04:12:15 [34mdebug[39m [JwtStrategy] [JWT-STRAT] User lookup for d54601e8-a0ba-4964-8d75-de8787444c4e: found=true
2026-04-24 04:12:15 [34mdebug[39m [RolesGuard] [ROLES] Required: ["student"] | User roles: ["student"] | Path: /api/ai/student/ja/ask/bootstrap?classId=b154d6f7-ec2e-46b1-b6e3-e790039cb14d
Query: select "class_id" from "enrollments" "enrollments" where ("enrollments"."student_id" = $1 and "enrollments"."class_id" = $2 and "enrollments"."status" = $3) limit $4 -- params: ["d54601e8-a0ba-4964-8d75-de8787444c4e", "b154d6f7-ec2e-46b1-b6e3-e790039cb14d", "enrolled", 1]
Query: select "class_id" from "enrollments" "enrollments" where ("enrollments"."student_id" = $1 and "enrollments"."class_id" = $2) -- params: ["d54601e8-a0ba-4964-8d75-de8787444c4e", "b154d6f7-ec2e-46b1-b6e3-e790039cb14d"]
Query: select "classModules"."id", "classModules"."class_id", "classModules"."title", "classModules"."description", "classModules"."order", "classModules"."is_visible", "classModules"."is_locked", "classModules"."teacher_notes", "classModules"."theme_kind", "classModules"."gradient_id", "classModules"."cover_image_url", "classModules"."image_position_x", "classModules"."image_position_y", "classModules"."image_scale", "classModules"."is_core_template_asset", "classModules"."template_id", "classModules"."template_source_id", "classModules"."created_at", "classModules"."updated_at", "classModules_sections"."data" as "sections" from "class_modules" "classModules" left join lateral (select coalesce(json_agg(json_build_array("classModules_sections"."id", "classModules_sections"."module_id", "classModules_sections"."title", "classModules_sections"."description", "classModules_sections"."order", "classModules_sections"."created_at", "classModules_sections"."updated_at", "classModules_sections_items"."data")), '[]'::json) as "data" from "module_sections" "classModules_sections" left join lateral (select coalesce(json_agg(json_build_array("classModules_sections_items"."item_type", "classModules_sections_items"."is_visible", "classModules_sections_items"."is_given", "classModules_sections_items"."lesson_id", "classModules_sections_items"."assessment_id", "classModules_sections_items"."file_id", "classModules_sections_items_lesson"."data", "classModules_sections_items_assessment"."data")), '[]'::json) as "data" from "module_items" "classModules_sections_items" left join lateral (select json_build_array("classModules_sections_items_lesson"."id", "classModules_sections_items_lesson"."is_draft") as "data" from (select * from "lessons" "classModules_sections_items_lesson" where "classModules_sections_items_lesson"."id" = "classModules_sections_items"."lesson_id" limit $1) "classModules_sections_items_lesson") "classModules_sections_items_lesson" on true left join lateral (select json_build_array("classModules_sections_items_assessment"."id", "classModules_sections_items_assessment"."is_published") as "data" from (select * from "assessments" "classModules_sections_items_assessment" where "classModules_sections_items_assessment"."id" = "classModules_sections_items"."assessment_id" limit $2) "classModules_sections_items_assessment") "classModules_sections_items_assessment" on true where "classModules_sections_items"."module_section_id" = "classModules_sections"."id") "classModules_sections_items" on true where "classModules_sections"."module_id" = "classModules"."id") "classModules_sections" on true where ("classModules"."class_id" in ($3) and "classModules"."is_visible" = $4) -- params: [1, 1, "b154d6f7-ec2e-46b1-b6e3-e790039cb14d", true]
Query: select "id", "status", "current_index", "question_count", "strike_count", "reward_state", "grounding_status", "started_at", "completed_at" from "ja_sessions" "jaSessions" where ("jaSessions"."student_id" = $1 and "jaSessions"."class_id" = $2 and "jaSessions"."mode" = $3 and "jaSessions"."status" in ($4, $5)) order by "jaSessions"."updated_at" desc -- params: ["d54601e8-a0ba-4964-8d75-de8787444c4e", "b154d6f7-ec2e-46b1-b6e3-e790039cb14d", "practice", "active", "completed"]
Query: select "xp_total", "streak_days", "sessions_completed", "last_activity_at" from "ja_progress" "jaProgress" where ("jaProgress"."student_id" = $1 and "jaProgress"."class_id" = $2) limit $3 -- params: ["d54601e8-a0ba-4964-8d75-de8787444c4e", "b154d6f7-ec2e-46b1-b6e3-e790039cb14d", 1]
Query: select "id", "title", "status", "last_message_at", "updated_at" from "ja_threads" "jaThreads" where ("jaThreads"."student_id" = $1 and "jaThreads"."class_id" = $2 and "jaThreads"."status" = $3) order by "jaThreads"."updated_at" desc limit $4 -- params: ["d54601e8-a0ba-4964-8d75-de8787444c4e", "b154d6f7-ec2e-46b1-b6e3-e790039cb14d", "active", 20]
2026-04-24 04:12:15 [34mdebug[39m [JwtAuthGuard] [AUTH-GUARD] Authorization header present: true
2026-04-24 04:12:15 [34mdebug[39m [JwtStrategy] [JWT-STRAT] Validating token for userId: d54601e8-a0ba-4964-8d75-de8787444c4e
Query: select "id", "email", "password", "first_name", "middle_name", "last_name", "account_status", "is_email_verified", "last_login_at", "created_at", "updated_at" from "users" "users" where "users"."id" = $1 limit $2 -- params: ["d54601e8-a0ba-4964-8d75-de8787444c4e", 1]
Query: select "user_id", "date_of_birth", "profile_picture", "gender", "phone", "address", "family_name", "family_relationship", "family_contact", "grade_level", "lrn", "created_at", "updated_at" from "student_profiles" "studentProfiles" where "studentProfiles"."user_id" = $1 limit $2 -- params: ["d54601e8-a0ba-4964-8d75-de8787444c4e", 1]
Query: select "userRoles"."user_id", "userRoles"."role_id", "userRoles"."assigned_at", "userRoles"."assigned_by", "userRoles_role"."data" as "role" from "user_roles" "userRoles" left join lateral (select json_build_array("userRoles_role"."id", "userRoles_role"."name", "userRoles_role"."description", "userRoles_role"."created_at") as "data" from (select * from "roles" "userRoles_role" where "userRoles_role"."id" = "userRoles"."role_id" limit $1) "userRoles_role") "userRoles_role" on true where "userRoles"."user_id" = $2 -- params: [1, "d54601e8-a0ba-4964-8d75-de8787444c4e"]
Query: select "user_id", "department", "specialization", "profile_picture", "contact_number", "date_of_birth", "gender", "address", "employee_id", "created_at", "updated_at" from "teacher_profiles" "teacherProfiles" where "teacherProfiles"."user_id" = $1 limit $2 -- params: ["d54601e8-a0ba-4964-8d75-de8787444c4e", 1]
2026-04-24 04:12:15 [34mdebug[39m [JwtStrategy] [JWT-STRAT] User lookup for d54601e8-a0ba-4964-8d75-de8787444c4e: found=true
2026-04-24 04:12:15 [34mdebug[39m [JwtAuthGuard] [AUTH-GUARD] Authorization header present: true
2026-04-24 04:12:15 [34mdebug[39m [JwtStrategy] [JWT-STRAT] Validating token for userId: d54601e8-a0ba-4964-8d75-de8787444c4e
Query: select "id", "email", "password", "first_name", "middle_name", "last_name", "account_status", "is_email_verified", "last_login_at", "created_at", "updated_at" from "users" "users" where "users"."id" = $1 limit $2 -- params: ["d54601e8-a0ba-4964-8d75-de8787444c4e", 1]
Query: select "user_id", "date_of_birth", "profile_picture", "gender", "phone", "address", "family_name", "family_relationship", "family_contact", "grade_level", "lrn", "created_at", "updated_at" from "student_profiles" "studentProfiles" where "studentProfiles"."user_id" = $1 limit $2 -- params: ["d54601e8-a0ba-4964-8d75-de8787444c4e", 1]
Query: select "userRoles"."user_id", "userRoles"."role_id", "userRoles"."assigned_at", "userRoles"."assigned_by", "userRoles_role"."data" as "role" from "user_roles" "userRoles" left join lateral (select json_build_array("userRoles_role"."id", "userRoles_role"."name", "userRoles_role"."description", "userRoles_role"."created_at") as "data" from (select * from "roles" "userRoles_role" where "userRoles_role"."id" = "userRoles"."role_id" limit $1) "userRoles_role") "userRoles_role" on true where "userRoles"."user_id" = $2 -- params: [1, "d54601e8-a0ba-4964-8d75-de8787444c4e"]
Query: select "user_id", "department", "specialization", "profile_picture", "contact_number", "date_of_birth", "gender", "address", "employee_id", "created_at", "updated_at" from "teacher_profiles" "teacherProfiles" where "teacherProfiles"."user_id" = $1 limit $2 -- params: ["d54601e8-a0ba-4964-8d75-de8787444c4e", 1]
2026-04-24 04:12:15 [34mdebug[39m [JwtStrategy] [JWT-STRAT] User lookup for d54601e8-a0ba-4964-8d75-de8787444c4e: found=true
2026-04-24 04:12:15 [34mdebug[39m [RolesGuard] [ROLES] Required: ["student"] | User roles: ["student"] | Path: /api/ai/student/ja/hub?classId=b154d6f7-ec2e-46b1-b6e3-e790039cb14d
Query: select "class_id" from "enrollments" "enrollments" where ("enrollments"."student_id" = $1 and "enrollments"."class_id" = $2 and "enrollments"."status" = $3) limit $4 -- params: ["d54601e8-a0ba-4964-8d75-de8787444c4e", "b154d6f7-ec2e-46b1-b6e3-e790039cb14d", "enrolled", 1]
Query: select "class_id" from "enrollments" "enrollments" where ("enrollments"."student_id" = $1 and "enrollments"."class_id" = $2) -- params: ["d54601e8-a0ba-4964-8d75-de8787444c4e", "b154d6f7-ec2e-46b1-b6e3-e790039cb14d"]
Query: select "classModules"."id", "classModules"."class_id", "classModules"."title", "classModules"."description", "classModules"."order", "classModules"."is_visible", "classModules"."is_locked", "classModules"."teacher_notes", "classModules"."theme_kind", "classModules"."gradient_id", "classModules"."cover_image_url", "classModules"."image_position_x", "classModules"."image_position_y", "classModules"."image_scale", "classModules"."is_core_template_asset", "classModules"."template_id", "classModules"."template_source_id", "classModules"."created_at", "classModules"."updated_at", "classModules_sections"."data" as "sections" from "class_modules" "classModules" left join lateral (select coalesce(json_agg(json_build_array("classModules_sections"."id", "classModules_sections"."module_id", "classModules_sections"."title", "classModules_sections"."description", "classModules_sections"."order", "classModules_sections"."created_at", "classModules_sections"."updated_at", "classModules_sections_items"."data")), '[]'::json) as "data" from "module_sections" "classModules_sections" left join lateral (select coalesce(json_agg(json_build_array("classModules_sections_items"."item_type", "classModules_sections_items"."is_visible", "classModules_sections_items"."is_given", "classModules_sections_items"."lesson_id", "classModules_sections_items"."assessment_id", "classModules_sections_items"."file_id", "classModules_sections_items_lesson"."data", "classModules_sections_items_assessment"."data")), '[]'::json) as "data" from "module_items" "classModules_sections_items" left join lateral (select json_build_array("classModules_sections_items_lesson"."id", "classModules_sections_items_lesson"."is_draft") as "data" from (select * from "lessons" "classModules_sections_items_lesson" where "classModules_sections_items_lesson"."id" = "classModules_sections_items"."lesson_id" limit $1) "classModules_sections_items_lesson") "classModules_sections_items_lesson" on true left join lateral (select json_build_array("classModules_sections_items_assessment"."id", "classModules_sections_items_assessment"."is_published") as "data" from (select * from "assessments" "classModules_sections_items_assessment" where "classModules_sections_items_assessment"."id" = "classModules_sections_items"."assessment_id" limit $2) "classModules_sections_items_assessment") "classModules_sections_items_assessment" on true where "classModules_sections_items"."module_section_id" = "classModules_sections"."id") "classModules_sections_items" on true where "classModules_sections"."module_id" = "classModules"."id") "classModules_sections" on true where ("classModules"."class_id" in ($3) and "classModules"."is_visible" = $4) -- params: [1, 1, "b154d6f7-ec2e-46b1-b6e3-e790039cb14d", true]
Query: select "id", "status", "current_index", "question_count", "strike_count", "reward_state", "grounding_status", "started_at", "completed_at" from "ja_sessions" "jaSessions" where ("jaSessions"."student_id" = $1 and "jaSessions"."class_id" = $2 and "jaSessions"."mode" = $3 and "jaSessions"."status" in ($4, $5)) order by "jaSessions"."updated_at" desc -- params: ["d54601e8-a0ba-4964-8d75-de8787444c4e", "b154d6f7-ec2e-46b1-b6e3-e790039cb14d", "practice", "active", "completed"]
Query: select "xp_total", "streak_days", "sessions_completed", "last_activity_at" from "ja_progress" "jaProgress" where ("jaProgress"."student_id" = $1 and "jaProgress"."class_id" = $2) limit $3 -- params: ["d54601e8-a0ba-4964-8d75-de8787444c4e", "b154d6f7-ec2e-46b1-b6e3-e790039cb14d", 1]
Query: select "id", "title", "status", "last_message_at", "updated_at" from "ja_threads" "jaThreads" where ("jaThreads"."student_id" = $1 and "jaThreads"."class_id" = $2 and "jaThreads"."status" = $3) order by "jaThreads"."updated_at" desc limit $4 -- params: ["d54601e8-a0ba-4964-8d75-de8787444c4e", "b154d6f7-ec2e-46b1-b6e3-e790039cb14d", "active", 12]
Query: select "assessment_attempts"."id", "assessments"."id", "assessments"."title", "assessment_attempts"."submitted_at", "assessment_attempts"."score", "assessment_attempts"."passed" from "assessment_attempts" inner join "assessments" on "assessments"."id" = "assessment_attempts"."assessment_id" where ("assessment_attempts"."student_id" = $1 and "assessment_attempts"."is_submitted" = $2 and "assessments"."class_id" = $3 and "assessments"."is_published" = $4) order by "assessment_attempts"."submitted_at" desc limit $5 -- params: ["d54601e8-a0ba-4964-8d75-de8787444c4e", true, "b154d6f7-ec2e-46b1-b6e3-e790039cb14d", true, 15]
Query: select "id", "status", "current_index", "question_count", "strike_count", "reward_state", "grounding_status", "started_at", "completed_at" from "ja_sessions" "jaSessions" where ("jaSessions"."student_id" = $1 and "jaSessions"."class_id" = $2 and "jaSessions"."mode" = $3 and "jaSessions"."status" in ($4, $5)) order by "jaSessions"."updated_at" desc limit $6 -- params: ["d54601e8-a0ba-4964-8d75-de8787444c4e", "b154d6f7-ec2e-46b1-b6e3-e790039cb14d", "review", "active", "completed", 12]
Query: select coalesce(avg("assessment_attempts"."score"), 0) from "assessment_attempts" inner join "assessments" on "assessments"."id" = "assessment_attempts"."assessment_id" where ("assessment_attempts"."student_id" = $1 and "assessment_attempts"."is_submitted" = $2 and "assessments"."class_id" = $3 and "assessments"."is_published" = $4) -- params: ["d54601e8-a0ba-4964-8d75-de8787444c4e", true, "b154d6f7-ec2e-46b1-b6e3-e790039cb14d", true]
2026-04-24 04:12:15 [34mdebug[39m [DatabaseService] New database connection established
2026-04-24 04:12:15 [34mdebug[39m [DatabaseService] New database connection established
2026-04-24 04:12:15 [34mdebug[39m [JwtAuthGuard] [AUTH-GUARD] Authorization header present: true
2026-04-24 04:12:15 [34mdebug[39m [JwtStrategy] [JWT-STRAT] Validating token for userId: 7104891c-89d7-4f42-b9ca-51501c60da92
Query: select "id", "email", "password", "first_name", "middle_name", "last_name", "account_status", "is_email_verified", "last_login_at", "created_at", "updated_at" from "users" "users" where "users"."id" = $1 limit $2 -- params: ["7104891c-89d7-4f42-b9ca-51501c60da92", 1]
Query: select "user_id", "date_of_birth", "profile_picture", "gender", "phone", "address", "family_name", "family_relationship", "family_contact", "grade_level", "lrn", "created_at", "updated_at" from "student_profiles" "studentProfiles" where "studentProfiles"."user_id" = $1 limit $2 -- params: ["7104891c-89d7-4f42-b9ca-51501c60da92", 1]
Query: select "userRoles"."user_id", "userRoles"."role_id", "userRoles"."assigned_at", "userRoles"."assigned_by", "userRoles_role"."data" as "role" from "user_roles" "userRoles" left join lateral (select json_build_array("userRoles_role"."id", "userRoles_role"."name", "userRoles_role"."description", "userRoles_role"."created_at") as "data" from (select * from "roles" "userRoles_role" where "userRoles_role"."id" = "userRoles"."role_id" limit $1) "userRoles_role") "userRoles_role" on true where "userRoles"."user_id" = $2 -- params: [1, "7104891c-89d7-4f42-b9ca-51501c60da92"]
Query: select "user_id", "department", "specialization", "profile_picture", "contact_number", "date_of_birth", "gender", "address", "employee_id", "created_at", "updated_at" from "teacher_profiles" "teacherProfiles" where "teacherProfiles"."user_id" = $1 limit $2 -- params: ["7104891c-89d7-4f42-b9ca-51501c60da92", 1]
2026-04-24 04:12:16 [34mdebug[39m [JwtStrategy] [JWT-STRAT] User lookup for 7104891c-89d7-4f42-b9ca-51501c60da92: found=true
2026-04-24 04:12:16 [34mdebug[39m [RolesGuard] [ROLES] Required: ["student"] | User roles: ["student"] | Path: /api/lxp/me/eligibility
Query: select "enrollments"."class_id", "enrollments_class"."data" as "class" from "enrollments" "enrollments" left join lateral (select json_build_array("enrollments_class"."id", "enrollments_class"."subject_name", "enrollments_class"."subject_code", "enrollments_class_section"."data") as "data" from (select * from "classes" "enrollments_class" where "enrollments_class"."id" = "enrollments"."class_id" limit $1) "enrollments_class" left join lateral (select json_build_array("enrollments_class_section"."id", "enrollments_class_section"."name", "enrollments_class_section"."grade_level") as "data" from (select * from "sections" "enrollments_class_section" where "enrollments_class_section"."id" = "enrollments_class"."section_id" limit $2) "enrollments_class_section") "enrollments_class_section" on true) "enrollments_class" on true where ("enrollments"."student_id" = $3 and "enrollments"."status" = $4) -- params: [1, 1, "7104891c-89d7-4f42-b9ca-51501c60da92", "enrolled"]
Query: select "class_id", "is_at_risk", "blended_score", "threshold_applied" from "performance_snapshots" "performanceSnapshots" where ("performanceSnapshots"."student_id" = $1 and "performanceSnapshots"."class_id" in ($2, $3, $4, $5)) -- params: ["7104891c-89d7-4f42-b9ca-51501c60da92", "f71bebea-e122-4cd4-9d01-10d543ff1bf1", "77217ca4-2c0e-477f-a2bc-baf0dc4a3feb", "c8939737-f7c6-4609-97be-e5e8bbaa0edc", "b154d6f7-ec2e-46b1-b6e3-e790039cb14d"]
Query: select "class_id", "id", "opened_at" from "intervention_cases" "interventionCases" where ("interventionCases"."student_id" = $1 and "interventionCases"."class_id" in ($2, $3, $4, $5) and "interventionCases"."status" = $6) -- params: ["7104891c-89d7-4f42-b9ca-51501c60da92", "f71bebea-e122-4cd4-9d01-10d543ff1bf1", "77217ca4-2c0e-477f-a2bc-baf0dc4a3feb", "c8939737-f7c6-4609-97be-e5e8bbaa0edc", "b154d6f7-ec2e-46b1-b6e3-e790039cb14d", "active"]
2026-04-24 04:12:16 [34mdebug[39m [JwtAuthGuard] [AUTH-GUARD] Authorization header present: true
2026-04-24 04:12:16 [34mdebug[39m [JwtStrategy] [JWT-STRAT] Validating token for userId: 7104891c-89d7-4f42-b9ca-51501c60da92
Query: select "id", "email", "password", "first_name", "middle_name", "last_name", "account_status", "is_email_verified", "last_login_at", "created_at", "updated_at" from "users" "users" where "users"."id" = $1 limit $2 -- params: ["7104891c-89d7-4f42-b9ca-51501c60da92", 1]
Query: select "user_id", "date_of_birth", "profile_picture", "gender", "phone", "address", "family_name", "family_relationship", "family_contact", "grade_level", "lrn", "created_at", "updated_at" from "student_profiles" "studentProfiles" where "studentProfiles"."user_id" = $1 limit $2 -- params: ["7104891c-89d7-4f42-b9ca-51501c60da92", 1]
Query: select "userRoles"."user_id", "userRoles"."role_id", "userRoles"."assigned_at", "userRoles"."assigned_by", "userRoles_role"."data" as "role" from "user_roles" "userRoles" left join lateral (select json_build_array("userRoles_role"."id", "userRoles_role"."name", "userRoles_role"."description", "userRoles_role"."created_at") as "data" from (select * from "roles" "userRoles_role" where "userRoles_role"."id" = "userRoles"."role_id" limit $1) "userRoles_role") "userRoles_role" on true where "userRoles"."user_id" = $2 -- params: [1, "7104891c-89d7-4f42-b9ca-51501c60da92"]
Query: select "user_id", "department", "specialization", "profile_picture", "contact_number", "date_of_birth", "gender", "address", "employee_id", "created_at", "updated_at" from "teacher_profiles" "teacherProfiles" where "teacherProfiles"."user_id" = $1 limit $2 -- params: ["7104891c-89d7-4f42-b9ca-51501c60da92", 1]
2026-04-24 04:12:16 [34mdebug[39m [JwtStrategy] [JWT-STRAT] User lookup for 7104891c-89d7-4f42-b9ca-51501c60da92: found=true
2026-04-24 04:12:16 [34mdebug[39m [RolesGuard] [ROLES] Required: ["student"] | User roles: ["student"] | Path: /api/lxp/me/playlist/b154d6f7-ec2e-46b1-b6e3-e790039cb14d
Query: select "id" from "enrollments" "enrollments" where ("enrollments"."student_id" = $1 and "enrollments"."class_id" = $2 and "enrollments"."status" = $3) limit $4 -- params: ["7104891c-89d7-4f42-b9ca-51501c60da92", "b154d6f7-ec2e-46b1-b6e3-e790039cb14d", "enrolled", 1]
Query: select "id", "class_id", "student_id", "status", "trigger_source", "trigger_score", "threshold_applied", "note", "opened_at", "closed_at", "created_at", "updated_at" from "intervention_cases" "interventionCases" where ("interventionCases"."student_id" = $1 and "interventionCases"."class_id" = $2 and "interventionCases"."status" = $3) order by "interventionCases"."created_at" desc limit $4 -- params: ["7104891c-89d7-4f42-b9ca-51501c60da92", "b154d6f7-ec2e-46b1-b6e3-e790039cb14d", "active", 1]
Query: select "id" from "intervention_cases" "interventionCases" where ("interventionCases"."student_id" = $1 and "interventionCases"."class_id" = $2 and "interventionCases"."status" = $3) limit $4 -- params: ["7104891c-89d7-4f42-b9ca-51501c60da92", "b154d6f7-ec2e-46b1-b6e3-e790039cb14d", "pending", 1]
Query: select "id", "email", "password", "first_name", "middle_name", "last_name", "account_status", "is_email_verified", "last_login_at", "created_at", "updated_at" from "users" "users" where "users"."email" = $1 limit $2 -- params: ["teacher1@lms.local", 1]
Query: select "userRoles"."user_id", "userRoles"."role_id", "userRoles"."assigned_at", "userRoles"."assigned_by", "userRoles_role"."data" as "role" from "user_roles" "userRoles" left join lateral (select json_build_array("userRoles_role"."id", "userRoles_role"."name", "userRoles_role"."description", "userRoles_role"."created_at") as "data" from (select * from "roles" "userRoles_role" where "userRoles_role"."id" = "userRoles"."role_id" limit $1) "userRoles_role") "userRoles_role" on true where "userRoles"."user_id" = $2 -- params: [1, "bd1fdd95-f1fb-4049-a60d-4b7261095e82"]
Query: select "user_id", "date_of_birth", "profile_picture", "gender", "phone", "address", "family_name", "family_relationship", "family_contact", "grade_level", "lrn", "created_at", "updated_at" from "student_profiles" "studentProfiles" where "studentProfiles"."user_id" = $1 limit $2 -- params: ["bd1fdd95-f1fb-4049-a60d-4b7261095e82", 1]
Query: select "user_id", "department", "specialization", "profile_picture", "contact_number", "date_of_birth", "gender", "address", "employee_id", "created_at", "updated_at" from "teacher_profiles" "teacherProfiles" where "teacherProfiles"."user_id" = $1 limit $2 -- params: ["bd1fdd95-f1fb-4049-a60d-4b7261095e82", 1]
Query: update "users" set "last_login_at" = $1 where "users"."id" = $2 -- params: ["2026-04-23T20:12:28.317Z", "bd1fdd95-f1fb-4049-a60d-4b7261095e82"]
Query: insert into "refresh_tokens" ("id", "user_id", "token_hash", "user_agent", "ip", "revoked", "expires_at", "created_at") values (default, $1, $2, $3, $4, $5, $6, default) -- params: ["bd1fdd95-f1fb-4049-a60d-4b7261095e82", "24bccc51c3243a3e613cea85d31a5e5fe8c52e23e8135a8cf1fb0bbb0ea57ead", "node", "127.0.0.1", false, "2026-04-30T20:12:28.325Z"]
2026-04-24 04:12:28 [34mdebug[39m [JwtAuthGuard] [AUTH-GUARD] Authorization header present: true
2026-04-24 04:12:28 [34mdebug[39m [JwtStrategy] [JWT-STRAT] Validating token for userId: bd1fdd95-f1fb-4049-a60d-4b7261095e82
Query: select "id", "email", "password", "first_name", "middle_name", "last_name", "account_status", "is_email_verified", "last_login_at", "created_at", "updated_at" from "users" "users" where "users"."id" = $1 limit $2 -- params: ["bd1fdd95-f1fb-4049-a60d-4b7261095e82", 1]
Query: select "user_id", "date_of_birth", "profile_picture", "gender", "phone", "address", "family_name", "family_relationship", "family_contact", "grade_level", "lrn", "created_at", "updated_at" from "student_profiles" "studentProfiles" where "studentProfiles"."user_id" = $1 limit $2 -- params: ["bd1fdd95-f1fb-4049-a60d-4b7261095e82", 1]
Query: select "userRoles"."user_id", "userRoles"."role_id", "userRoles"."assigned_at", "userRoles"."assigned_by", "userRoles_role"."data" as "role" from "user_roles" "userRoles" left join lateral (select json_build_array("userRoles_role"."id", "userRoles_role"."name", "userRoles_role"."description", "userRoles_role"."created_at") as "data" from (select * from "roles" "userRoles_role" where "userRoles_role"."id" = "userRoles"."role_id" limit $1) "userRoles_role") "userRoles_role" on true where "userRoles"."user_id" = $2 -- params: [1, "bd1fdd95-f1fb-4049-a60d-4b7261095e82"]
Query: select "user_id", "department", "specialization", "profile_picture", "contact_number", "date_of_birth", "gender", "address", "employee_id", "created_at", "updated_at" from "teacher_profiles" "teacherProfiles" where "teacherProfiles"."user_id" = $1 limit $2 -- params: ["bd1fdd95-f1fb-4049-a60d-4b7261095e82", 1]
2026-04-24 04:12:28 [34mdebug[39m [JwtStrategy] [JWT-STRAT] User lookup for bd1fdd95-f1fb-4049-a60d-4b7261095e82: found=true
2026-04-24 04:12:28 [34mdebug[39m [RolesGuard] [ROLES] Required: ["teacher","admin"] | User roles: ["teacher"] | Path: /api/lxp/teacher/interventions/1b6c590a-b6a2-4fb7-a45a-f1f4cf7231f8
Query: select "interventionCases"."id", "interventionCases"."class_id", "interventionCases"."student_id", "interventionCases"."status", "interventionCases"."trigger_source", "interventionCases"."trigger_score", "interventionCases"."threshold_applied", "interventionCases"."note", "interventionCases"."opened_at", "interventionCases"."closed_at", "interventionCases"."created_at", "interventionCases"."updated_at", "interventionCases_student"."data" as "student" from "intervention_cases" "interventionCases" left join lateral (select json_build_array("interventionCases_student"."id", "interventionCases_student"."first_name", "interventionCases_student"."last_name", "interventionCases_student"."email") as "data" from (select * from "users" "interventionCases_student" where "interventionCases_student"."id" = "interventionCases"."student_id" limit $1) "interventionCases_student") "interventionCases_student" on true where "interventionCases"."id" = $2 limit $3 -- params: [1, "1b6c590a-b6a2-4fb7-a45a-f1f4cf7231f8", 1]
Query: select "id", "teacher_id" from "classes" "classes" where "classes"."id" = $1 limit $2 -- params: ["b154d6f7-ec2e-46b1-b6e3-e790039cb14d", 1]
Query: select "id", "case_id", "is_completed" from "intervention_assignments" "interventionAssignments" where "interventionAssignments"."case_id" = $1 -- params: ["1b6c590a-b6a2-4fb7-a45a-f1f4cf7231f8"]
Query: select "xp_total", "streak_days", "checkpoints_completed", "last_activity_at" from "lxp_progress" "lxpProgress" where ("lxpProgress"."class_id" = $1 and "lxpProgress"."student_id" = $2) limit $3 -- params: ["b154d6f7-ec2e-46b1-b6e3-e790039cb14d", "d54601e8-a0ba-4964-8d75-de8787444c4e", 1]
2026-04-24 04:12:28 [34mdebug[39m [JwtAuthGuard] [AUTH-GUARD] Authorization header present: true
2026-04-24 04:12:28 [34mdebug[39m [JwtStrategy] [JWT-STRAT] Validating token for userId: bd1fdd95-f1fb-4049-a60d-4b7261095e82
Query: select "id", "email", "password", "first_name", "middle_name", "last_name", "account_status", "is_email_verified", "last_login_at", "created_at", "updated_at" from "users" "users" where "users"."id" = $1 limit $2 -- params: ["bd1fdd95-f1fb-4049-a60d-4b7261095e82", 1]
Query: select "user_id", "date_of_birth", "profile_picture", "gender", "phone", "address", "family_name", "family_relationship", "family_contact", "grade_level", "lrn", "created_at", "updated_at" from "student_profiles" "studentProfiles" where "studentProfiles"."user_id" = $1 limit $2 -- params: ["bd1fdd95-f1fb-4049-a60d-4b7261095e82", 1]
Query: select "userRoles"."user_id", "userRoles"."role_id", "userRoles"."assigned_at", "userRoles"."assigned_by", "userRoles_role"."data" as "role" from "user_roles" "userRoles" left join lateral (select json_build_array("userRoles_role"."id", "userRoles_role"."name", "userRoles_role"."description", "userRoles_role"."created_at") as "data" from (select * from "roles" "userRoles_role" where "userRoles_role"."id" = "userRoles"."role_id" limit $1) "userRoles_role") "userRoles_role" on true where "userRoles"."user_id" = $2 -- params: [1, "bd1fdd95-f1fb-4049-a60d-4b7261095e82"]
Query: select "user_id", "department", "specialization", "profile_picture", "contact_number", "date_of_birth", "gender", "address", "employee_id", "created_at", "updated_at" from "teacher_profiles" "teacherProfiles" where "teacherProfiles"."user_id" = $1 limit $2 -- params: ["bd1fdd95-f1fb-4049-a60d-4b7261095e82", 1]
2026-04-24 04:12:28 [34mdebug[39m [JwtStrategy] [JWT-STRAT] User lookup for bd1fdd95-f1fb-4049-a60d-4b7261095e82: found=true
2026-04-24 04:12:28 [34mdebug[39m [JwtAuthGuard] [AUTH-GUARD] Authorization header present: true
2026-04-24 04:12:28 [34mdebug[39m [JwtStrategy] [JWT-STRAT] Validating token for userId: bd1fdd95-f1fb-4049-a60d-4b7261095e82
Query: select "id", "email", "password", "first_name", "middle_name", "last_name", "account_status", "is_email_verified", "last_login_at", "created_at", "updated_at" from "users" "users" where "users"."id" = $1 limit $2 -- params: ["bd1fdd95-f1fb-4049-a60d-4b7261095e82", 1]
Query: select "user_id", "date_of_birth", "profile_picture", "gender", "phone", "address", "family_name", "family_relationship", "family_contact", "grade_level", "lrn", "created_at", "updated_at" from "student_profiles" "studentProfiles" where "studentProfiles"."user_id" = $1 limit $2 -- params: ["bd1fdd95-f1fb-4049-a60d-4b7261095e82", 1]
Query: select "userRoles"."user_id", "userRoles"."role_id", "userRoles"."assigned_at", "userRoles"."assigned_by", "userRoles_role"."data" as "role" from "user_roles" "userRoles" left join lateral (select json_build_array("userRoles_role"."id", "userRoles_role"."name", "userRoles_role"."description", "userRoles_role"."created_at") as "data" from (select * from "roles" "userRoles_role" where "userRoles_role"."id" = "userRoles"."role_id" limit $1) "userRoles_role") "userRoles_role" on true where "userRoles"."user_id" = $2 -- params: [1, "bd1fdd95-f1fb-4049-a60d-4b7261095e82"]
Query: select "user_id", "department", "specialization", "profile_picture", "contact_number", "date_of_birth", "gender", "address", "employee_id", "created_at", "updated_at" from "teacher_profiles" "teacherProfiles" where "teacherProfiles"."user_id" = $1 limit $2 -- params: ["bd1fdd95-f1fb-4049-a60d-4b7261095e82", 1]
2026-04-24 04:12:28 [34mdebug[39m [JwtStrategy] [JWT-STRAT] User lookup for bd1fdd95-f1fb-4049-a60d-4b7261095e82: found=true
2026-04-24 04:12:28 [34mdebug[39m [RolesGuard] [ROLES] Required: ["admin","teacher","student"] | User roles: ["teacher"] | Path: /api/classes/b154d6f7-ec2e-46b1-b6e3-e790039cb14d
Query: select "classes"."id", "classes"."subject_name", "classes"."subject_code", "classes"."subject_grade_level", "classes"."section_id", "classes"."teacher_id", "classes"."room", "classes"."card_preset", "classes"."card_banner_url", "classes"."school_year", "classes"."is_active", "classes"."created_at", "classes"."updated_at", "classes_section"."data" as "section", "classes_schedules"."data" as "schedules", "classes_teacher"."data" as "teacher", "classes_enrollments"."data" as "enrollments" from "classes" "classes" left join lateral (select json_build_array("classes_section"."id", "classes_section"."name", "classes_section"."grade_level", "classes_section"."school_year", "classes_section"."capacity", "classes_section"."room_number", "classes_section"."card_banner_url", "classes_section"."adviser_id", "classes_section"."is_active", "classes_section"."created_at", "classes_section"."updated_at") as "data" from (select * from "sections" "classes_section" where "classes_section"."id" = "classes"."section_id" limit $1) "classes_section") "classes_section" on true left join lateral (select coalesce(json_agg(json_build_array("classes_schedules"."id", "classes_schedules"."class_id", "classes_schedules"."days", "classes_schedules"."start_time", "classes_schedules"."end_time", "classes_schedules"."created_at", "classes_schedules"."updated_at")), '[]'::json) as "data" from "class_schedules" "classes_schedules" where "classes_schedules"."class_id" = "classes"."id") "classes_schedules" on true left join lateral (select json_build_array("classes_teacher"."id", "classes_teacher"."first_name", "classes_teacher"."last_name", "classes_teacher"."email") as "data" from (select * from "users" "classes_teacher" where "classes_teacher"."id" = "classes"."teacher_id" limit $2) "classes_teacher") "classes_teacher" on true left join lateral (select coalesce(json_agg(json_build_array("classes_enrollments"."id", "classes_enrollments"."student_id", "classes_enrollments"."class_id", "classes_enrollments"."section_id", "classes_enrollments_student"."data")), '[]'::json) as "data" from "enrollments" "classes_enrollments" left join lateral (select json_build_array("classes_enrollments_student"."id", "classes_enrollments_student"."first_name", "classes_enrollments_student"."last_name", "classes_enrollments_student"."email", "classes_enrollments_student_profile"."data") as "data" from (select * from "users" "classes_enrollments_student" where "classes_enrollments_student"."id" = "classes_enrollments"."student_id" limit $3) "classes_enrollments_student" left join lateral (select json_build_array("classes_enrollments_student_profile"."grade_level", "classes_enrollments_student_profile"."lrn", "classes_enrollments_student_profile"."profile_picture") as "data" from (select * from "student_profiles" "classes_enrollments_student_profile" where "classes_enrollments_student_profile"."user_id" = "classes_enrollments_student"."id" limit $4) "classes_enrollments_student_profile") "classes_enrollments_student_profile" on true) "classes_enrollments_student" on true where ("classes_enrollments"."class_id" = "classes"."id" and "classes_enrollments"."status" = $5)) "classes_enrollments" on true where "classes"."id" = $6 limit $7 -- params: [1, 1, 1, 1, "enrolled", "b154d6f7-ec2e-46b1-b6e3-e790039cb14d", 1]
Query: select "id", "email", "password", "first_name", "middle_name", "last_name", "account_status", "is_email_verified", "last_login_at", "created_at", "updated_at" from "users" "users" where "users"."email" = $1 limit $2 -- params: ["teacher1@lms.local", 1]
Query: select "userRoles"."user_id", "userRoles"."role_id", "userRoles"."assigned_at", "userRoles"."assigned_by", "userRoles_role"."data" as "role" from "user_roles" "userRoles" left join lateral (select json_build_array("userRoles_role"."id", "userRoles_role"."name", "userRoles_role"."description", "userRoles_role"."created_at") as "data" from (select * from "roles" "userRoles_role" where "userRoles_role"."id" = "userRoles"."role_id" limit $1) "userRoles_role") "userRoles_role" on true where "userRoles"."user_id" = $2 -- params: [1, "bd1fdd95-f1fb-4049-a60d-4b7261095e82"]
Query: select "user_id", "date_of_birth", "profile_picture", "gender", "phone", "address", "family_name", "family_relationship", "family_contact", "grade_level", "lrn", "created_at", "updated_at" from "student_profiles" "studentProfiles" where "studentProfiles"."user_id" = $1 limit $2 -- params: ["bd1fdd95-f1fb-4049-a60d-4b7261095e82", 1]
Query: select "user_id", "department", "specialization", "profile_picture", "contact_number", "date_of_birth", "gender", "address", "employee_id", "created_at", "updated_at" from "teacher_profiles" "teacherProfiles" where "teacherProfiles"."user_id" = $1 limit $2 -- params: ["bd1fdd95-f1fb-4049-a60d-4b7261095e82", 1]
Query: update "users" set "last_login_at" = $1 where "users"."id" = $2 -- params: ["2026-04-23T20:12:42.183Z", "bd1fdd95-f1fb-4049-a60d-4b7261095e82"]
Query: insert into "refresh_tokens" ("id", "user_id", "token_hash", "user_agent", "ip", "revoked", "expires_at", "created_at") values (default, $1, $2, $3, $4, $5, $6, default) -- params: ["bd1fdd95-f1fb-4049-a60d-4b7261095e82", "03c025e1a61a5a7b74a8f341c2a0b8682e47c8ddf8b314f908ece07a4adfaaf7", "node", "127.0.0.1", false, "2026-04-30T20:12:42.192Z"]
2026-04-24 04:12:42 [34mdebug[39m [JwtAuthGuard] [AUTH-GUARD] Authorization header present: true
2026-04-24 04:12:42 [34mdebug[39m [JwtStrategy] [JWT-STRAT] Validating token for userId: bd1fdd95-f1fb-4049-a60d-4b7261095e82
Query: select "id", "email", "password", "first_name", "middle_name", "last_name", "account_status", "is_email_verified", "last_login_at", "created_at", "updated_at" from "users" "users" where "users"."id" = $1 limit $2 -- params: ["bd1fdd95-f1fb-4049-a60d-4b7261095e82", 1]
Query: select "user_id", "date_of_birth", "profile_picture", "gender", "phone", "address", "family_name", "family_relationship", "family_contact", "grade_level", "lrn", "created_at", "updated_at" from "student_profiles" "studentProfiles" where "studentProfiles"."user_id" = $1 limit $2 -- params: ["bd1fdd95-f1fb-4049-a60d-4b7261095e82", 1]
Query: select "userRoles"."user_id", "userRoles"."role_id", "userRoles"."assigned_at", "userRoles"."assigned_by", "userRoles_role"."data" as "role" from "user_roles" "userRoles" left join lateral (select json_build_array("userRoles_role"."id", "userRoles_role"."name", "userRoles_role"."description", "userRoles_role"."created_at") as "data" from (select * from "roles" "userRoles_role" where "userRoles_role"."id" = "userRoles"."role_id" limit $1) "userRoles_role") "userRoles_role" on true where "userRoles"."user_id" = $2 -- params: [1, "bd1fdd95-f1fb-4049-a60d-4b7261095e82"]
Query: select "user_id", "department", "specialization", "profile_picture", "contact_number", "date_of_birth", "gender", "address", "employee_id", "created_at", "updated_at" from "teacher_profiles" "teacherProfiles" where "teacherProfiles"."user_id" = $1 limit $2 -- params: ["bd1fdd95-f1fb-4049-a60d-4b7261095e82", 1]
2026-04-24 04:12:42 [34mdebug[39m [JwtStrategy] [JWT-STRAT] User lookup for bd1fdd95-f1fb-4049-a60d-4b7261095e82: found=true
2026-04-24 04:12:42 [34mdebug[39m [RolesGuard] [ROLES] Required: ["teacher","admin"] | User roles: ["teacher"] | Path: /api/lxp/teacher/classes/b154d6f7-ec2e-46b1-b6e3-e790039cb14d/interventions
Query: select "id", "teacher_id" from "classes" "classes" where "classes"."id" = $1 limit $2 -- params: ["b154d6f7-ec2e-46b1-b6e3-e790039cb14d", 1]
Query: select "interventionCases"."id", "interventionCases"."class_id", "interventionCases"."student_id", "interventionCases"."status", "interventionCases"."trigger_source", "interventionCases"."trigger_score", "interventionCases"."threshold_applied", "interventionCases"."note", "interventionCases"."opened_at", "interventionCases"."closed_at", "interventionCases"."created_at", "interventionCases"."updated_at", "interventionCases_student"."data" as "student" from "intervention_cases" "interventionCases" left join lateral (select json_build_array("interventionCases_student"."id", "interventionCases_student"."first_name", "interventionCases_student"."last_name", "interventionCases_student"."email") as "data" from (select * from "users" "interventionCases_student" where "interventionCases_student"."id" = "interventionCases"."student_id" limit $1) "interventionCases_student") "interventionCases_student" on true where ("interventionCases"."class_id" = $2 and "interventionCases"."status" in ($3, $4)) order by "interventionCases"."opened_at" desc -- params: [1, "b154d6f7-ec2e-46b1-b6e3-e790039cb14d", "pending", "active"]
Query: select "id", "case_id", "is_completed" from "intervention_assignments" "interventionAssignments" where "interventionAssignments"."case_id" in ($1) -- params: ["1b6c590a-b6a2-4fb7-a45a-f1f4cf7231f8"]
Query: select "student_id", "xp_total", "streak_days", "checkpoints_completed", "last_activity_at" from "lxp_progress" "lxpProgress" where ("lxpProgress"."class_id" = $1 and "lxpProgress"."student_id" in ($2)) -- params: ["b154d6f7-ec2e-46b1-b6e3-e790039cb14d", "d54601e8-a0ba-4964-8d75-de8787444c4e"]
Query: select "student_id", "is_at_risk", "blended_score", "threshold_applied" from "performance_snapshots" "performanceSnapshots" where ("performanceSnapshots"."class_id" = $1 and "performanceSnapshots"."student_id" in ($2)) -- params: ["b154d6f7-ec2e-46b1-b6e3-e790039cb14d", "d54601e8-a0ba-4964-8d75-de8787444c4e"]
2026-04-24 04:12:42 [34mdebug[39m [JwtAuthGuard] [AUTH-GUARD] Authorization header present: true
2026-04-24 04:12:42 [34mdebug[39m [JwtStrategy] [JWT-STRAT] Validating token for userId: bd1fdd95-f1fb-4049-a60d-4b7261095e82
Query: select "id", "email", "password", "first_name", "middle_name", "last_name", "account_status", "is_email_verified", "last_login_at", "created_at", "updated_at" from "users" "users" where "users"."id" = $1 limit $2 -- params: ["bd1fdd95-f1fb-4049-a60d-4b7261095e82", 1]
Query: select "user_id", "date_of_birth", "profile_picture", "gender", "phone", "address", "family_name", "family_relationship", "family_contact", "grade_level", "lrn", "created_at", "updated_at" from "student_profiles" "studentProfiles" where "studentProfiles"."user_id" = $1 limit $2 -- params: ["bd1fdd95-f1fb-4049-a60d-4b7261095e82", 1]
Query: select "userRoles"."user_id", "userRoles"."role_id", "userRoles"."assigned_at", "userRoles"."assigned_by", "userRoles_role"."data" as "role" from "user_roles" "userRoles" left join lateral (select json_build_array("userRoles_role"."id", "userRoles_role"."name", "userRoles_role"."description", "userRoles_role"."created_at") as "data" from (select * from "roles" "userRoles_role" where "userRoles_role"."id" = "userRoles"."role_id" limit $1) "userRoles_role") "userRoles_role" on true where "userRoles"."user_id" = $2 -- params: [1, "bd1fdd95-f1fb-4049-a60d-4b7261095e82"]
Query: select "user_id", "department", "specialization", "profile_picture", "contact_number", "date_of_birth", "gender", "address", "employee_id", "created_at", "updated_at" from "teacher_profiles" "teacherProfiles" where "teacherProfiles"."user_id" = $1 limit $2 -- params: ["bd1fdd95-f1fb-4049-a60d-4b7261095e82", 1]
2026-04-24 04:12:42 [34mdebug[39m [JwtStrategy] [JWT-STRAT] User lookup for bd1fdd95-f1fb-4049-a60d-4b7261095e82: found=true
2026-04-24 04:12:42 [34mdebug[39m [RolesGuard] [ROLES] Required: ["teacher","admin"] | User roles: ["teacher"] | Path: /api/lxp/teacher/interventions/1b6c590a-b6a2-4fb7-a45a-f1f4cf7231f8/detail
Query: select "interventionCases"."id", "interventionCases"."class_id", "interventionCases"."student_id", "interventionCases"."status", "interventionCases"."trigger_source", "interventionCases"."trigger_score", "interventionCases"."threshold_applied", "interventionCases"."note", "interventionCases"."opened_at", "interventionCases"."closed_at", "interventionCases"."created_at", "interventionCases"."updated_at", "interventionCases_student"."data" as "student" from "intervention_cases" "interventionCases" left join lateral (select json_build_array("interventionCases_student"."id", "interventionCases_student"."first_name", "interventionCases_student"."last_name", "interventionCases_student"."email") as "data" from (select * from "users" "interventionCases_student" where "interventionCases_student"."id" = "interventionCases"."student_id" limit $1) "interventionCases_student") "interventionCases_student" on true where "interventionCases"."id" = $2 limit $3 -- params: [1, "1b6c590a-b6a2-4fb7-a45a-f1f4cf7231f8", 1]
Query: select "id", "teacher_id" from "classes" "classes" where "classes"."id" = $1 limit $2 -- params: ["b154d6f7-ec2e-46b1-b6e3-e790039cb14d", 1]
Query: select "interventionAssignments"."id", "interventionAssignments"."assignment_type", "interventionAssignments"."checkpoint_label", "interventionAssignments"."order_index", "interventionAssignments"."is_completed", "interventionAssignments"."completed_at", "interventionAssignments"."xp_awarded", "interventionAssignments_lesson"."data" as "lesson", "interventionAssignments_assessment"."data" as "assessment" from "intervention_assignments" "interventionAssignments" left join lateral (select json_build_array("interventionAssignments_lesson"."id", "interventionAssignments_lesson"."title", "interventionAssignments_lesson"."description") as "data" from (select * from "lessons" "interventionAssignments_lesson" where "interventionAssignments_lesson"."id" = "interventionAssignments"."lesson_id" limit $1) "interventionAssignments_lesson") "interventionAssignments_lesson" on true left join lateral (select json_build_array("interventionAssignments_assessment"."id", "interventionAssignments_assessment"."title", "interventionAssignments_assessment"."type", "interventionAssignments_assessment"."passing_score", "interventionAssignments_assessment"."due_date") as "data" from (select * from "assessments" "interventionAssignments_assessment" where "interventionAssignments_assessment"."id" = "interventionAssignments"."assessment_id" limit $2) "interventionAssignments_assessment") "interventionAssignments_assessment" on true where "interventionAssignments"."case_id" = $3 order by "interventionAssignments"."order_index" asc -- params: [1, 1, "1b6c590a-b6a2-4fb7-a45a-f1f4cf7231f8"]
Query: select "xp_total", "streak_days", "checkpoints_completed", "last_activity_at" from "lxp_progress" "lxpProgress" where ("lxpProgress"."class_id" = $1 and "lxpProgress"."student_id" = $2) limit $3 -- params: ["b154d6f7-ec2e-46b1-b6e3-e790039cb14d", "d54601e8-a0ba-4964-8d75-de8787444c4e", 1]
Query: select "assessment_average", "class_record_average", "blended_score", "is_at_risk", "threshold_applied", "last_computed_at" from "performance_snapshots" "performanceSnapshots" where ("performanceSnapshots"."class_id" = $1 and "performanceSnapshots"."student_id" = $2) limit $3 -- params: ["b154d6f7-ec2e-46b1-b6e3-e790039cb14d", "d54601e8-a0ba-4964-8d75-de8787444c4e", 1]
Query: select "concept_key", "evidence_count", "error_count", "mastery_score", "updated_at" from "student_concept_mastery" "studentConceptMastery" where ("studentConceptMastery"."class_id" = $1 and "studentConceptMastery"."student_id" = $2) order by "studentConceptMastery"."mastery_score" asc, "studentConceptMastery"."error_count" desc, "studentConceptMastery"."updated_at" desc limit $3 -- params: ["b154d6f7-ec2e-46b1-b6e3-e790039cb14d", "d54601e8-a0ba-4964-8d75-de8787444c4e", 6]
Query: select "id", "previous_is_at_risk", "current_is_at_risk", "blended_score", "threshold_applied", "trigger_source", "created_at" from "performance_logs" "performanceLogs" where ("performanceLogs"."class_id" = $1 and "performanceLogs"."student_id" = $2) order by "performanceLogs"."created_at" desc limit $3 -- params: ["b154d6f7-ec2e-46b1-b6e3-e790039cb14d", "d54601e8-a0ba-4964-8d75-de8787444c4e", 6]
2026-04-24 04:12:42 [34mdebug[39m [DatabaseService] New database connection established
2026-04-24 04:12:50 [34mdebug[39m [JwtAuthGuard] [AUTH-GUARD] Authorization header present: true
2026-04-24 04:12:50 [34mdebug[39m [JwtStrategy] [JWT-STRAT] Validating token for userId: 092958f2-f594-4ad5-b946-1b9de0701499
Query: select "id", "email", "password", "first_name", "middle_name", "last_name", "account_status", "is_email_verified", "last_login_at", "created_at", "updated_at" from "users" "users" where "users"."id" = $1 limit $2 -- params: ["092958f2-f594-4ad5-b946-1b9de0701499", 1]
Query: select "user_id", "date_of_birth", "profile_picture", "gender", "phone", "address", "family_name", "family_relationship", "family_contact", "grade_level", "lrn", "created_at", "updated_at" from "student_profiles" "studentProfiles" where "studentProfiles"."user_id" = $1 limit $2 -- params: ["092958f2-f594-4ad5-b946-1b9de0701499", 1]
Query: select "userRoles"."user_id", "userRoles"."role_id", "userRoles"."assigned_at", "userRoles"."assigned_by", "userRoles_role"."data" as "role" from "user_roles" "userRoles" left join lateral (select json_build_array("userRoles_role"."id", "userRoles_role"."name", "userRoles_role"."description", "userRoles_role"."created_at") as "data" from (select * from "roles" "userRoles_role" where "userRoles_role"."id" = "userRoles"."role_id" limit $1) "userRoles_role") "userRoles_role" on true where "userRoles"."user_id" = $2 -- params: [1, "092958f2-f594-4ad5-b946-1b9de0701499"]
Query: select "user_id", "department", "specialization", "profile_picture", "contact_number", "date_of_birth", "gender", "address", "employee_id", "created_at", "updated_at" from "teacher_profiles" "teacherProfiles" where "teacherProfiles"."user_id" = $1 limit $2 -- params: ["092958f2-f594-4ad5-b946-1b9de0701499", 1]
2026-04-24 04:12:50 [34mdebug[39m [JwtStrategy] [JWT-STRAT] User lookup for 092958f2-f594-4ad5-b946-1b9de0701499: found=true
2026-04-24 04:12:50 [34mdebug[39m [JwtAuthGuard] [AUTH-GUARD] Authorization header present: true
2026-04-24 04:12:50 [34mdebug[39m [JwtStrategy] [JWT-STRAT] Validating token for userId: 092958f2-f594-4ad5-b946-1b9de0701499
Query: select "id", "email", "password", "first_name", "middle_name", "last_name", "account_status", "is_email_verified", "last_login_at", "created_at", "updated_at" from "users" "users" where "users"."id" = $1 limit $2 -- params: ["092958f2-f594-4ad5-b946-1b9de0701499", 1]
Query: select "user_id", "date_of_birth", "profile_picture", "gender", "phone", "address", "family_name", "family_relationship", "family_contact", "grade_level", "lrn", "created_at", "updated_at" from "student_profiles" "studentProfiles" where "studentProfiles"."user_id" = $1 limit $2 -- params: ["092958f2-f594-4ad5-b946-1b9de0701499", 1]
Query: select "userRoles"."user_id", "userRoles"."role_id", "userRoles"."assigned_at", "userRoles"."assigned_by", "userRoles_role"."data" as "role" from "user_roles" "userRoles" left join lateral (select json_build_array("userRoles_role"."id", "userRoles_role"."name", "userRoles_role"."description", "userRoles_role"."created_at") as "data" from (select * from "roles" "userRoles_role" where "userRoles_role"."id" = "userRoles"."role_id" limit $1) "userRoles_role") "userRoles_role" on true where "userRoles"."user_id" = $2 -- params: [1, "092958f2-f594-4ad5-b946-1b9de0701499"]
Query: select "user_id", "department", "specialization", "profile_picture", "contact_number", "date_of_birth", "gender", "address", "employee_id", "created_at", "updated_at" from "teacher_profiles" "teacherProfiles" where "teacherProfiles"."user_id" = $1 limit $2 -- params: ["092958f2-f594-4ad5-b946-1b9de0701499", 1]
2026-04-24 04:12:50 [34mdebug[39m [JwtStrategy] [JWT-STRAT] User lookup for 092958f2-f594-4ad5-b946-1b9de0701499: found=true
2026-04-24 04:12:50 [34mdebug[39m [RolesGuard] [ROLES] Required: ["admin","student"] | User roles: ["student"] | Path: /api/assessments/attempts/ongoing
Query: select "assessmentAttempts"."id", "assessmentAttempts"."student_id", "assessmentAttempts"."assessment_id", "assessmentAttempts"."attempt_number", "assessmentAttempts"."started_at", "assessmentAttempts"."expires_at", "assessmentAttempts"."last_question_index", "assessmentAttempts"."current_question_started_at", "assessmentAttempts"."current_question_deadline_at", "assessmentAttempts"."violation_count", "assessmentAttempts"."question_order", "assessmentAttempts"."draft_responses", "assessmentAttempts"."submitted_at", "assessmentAttempts"."score", "assessmentAttempts"."passed", "assessmentAttempts"."is_submitted", "assessmentAttempts"."time_spent_seconds", "assessmentAttempts"."is_returned", "assessmentAttempts"."returned_at", "assessmentAttempts"."teacher_feedback", "assessmentAttempts"."rubric_scores", "assessmentAttempts"."direct_score", "assessmentAttempts"."submitted_file_id", "assessmentAttempts"."submitted_file_original_name", "assessmentAttempts"."submitted_file_mime_type", "assessmentAttempts"."submitted_file_size_bytes", "assessmentAttempts"."created_at", "assessmentAttempts"."updated_at", "assessmentAttempts_assessment"."data" as "assessment" from "assessment_attempts" "assessmentAttempts" left join lateral (select json_build_array("assessmentAttempts_assessment"."id", "assessmentAttempts_assessment"."title", "assessmentAttempts_assessment"."time_limit_minutes") as "data" from (select * from "assessments" "assessmentAttempts_assessment" where "assessmentAttempts_assessment"."id" = "assessmentAttempts"."assessment_id" limit $1) "assessmentAttempts_assessment") "assessmentAttempts_assessment" on true where ("assessmentAttempts"."student_id" = $2 and "assessmentAttempts"."is_submitted" = $3) order by "assessmentAttempts"."updated_at" desc -- params: [1, "092958f2-f594-4ad5-b946-1b9de0701499", false]
Query: select "id", "email", "password", "first_name", "middle_name", "last_name", "account_status", "is_email_verified", "last_login_at", "created_at", "updated_at" from "users" "users" where "users"."email" = $1 limit $2 -- params: ["student71@lms.local", 1]
Query: select "userRoles"."user_id", "userRoles"."role_id", "userRoles"."assigned_at", "userRoles"."assigned_by", "userRoles_role"."data" as "role" from "user_roles" "userRoles" left join lateral (select json_build_array("userRoles_role"."id", "userRoles_role"."name", "userRoles_role"."description", "userRoles_role"."created_at") as "data" from (select * from "roles" "userRoles_role" where "userRoles_role"."id" = "userRoles"."role_id" limit $1) "userRoles_role") "userRoles_role" on true where "userRoles"."user_id" = $2 -- params: [1, "d54601e8-a0ba-4964-8d75-de8787444c4e"]
Query: select "user_id", "date_of_birth", "profile_picture", "gender", "phone", "address", "family_name", "family_relationship", "family_contact", "grade_level", "lrn", "created_at", "updated_at" from "student_profiles" "studentProfiles" where "studentProfiles"."user_id" = $1 limit $2 -- params: ["d54601e8-a0ba-4964-8d75-de8787444c4e", 1]
Query: select "user_id", "department", "specialization", "profile_picture", "contact_number", "date_of_birth", "gender", "address", "employee_id", "created_at", "updated_at" from "teacher_profiles" "teacherProfiles" where "teacherProfiles"."user_id" = $1 limit $2 -- params: ["d54601e8-a0ba-4964-8d75-de8787444c4e", 1]
Query: update "users" set "last_login_at" = $1 where "users"."id" = $2 -- params: ["2026-04-23T20:12:55.939Z", "d54601e8-a0ba-4964-8d75-de8787444c4e"]
Query: insert into "refresh_tokens" ("id", "user_id", "token_hash", "user_agent", "ip", "revoked", "expires_at", "created_at") values (default, $1, $2, $3, $4, $5, $6, default) -- params: ["d54601e8-a0ba-4964-8d75-de8787444c4e", "7349fd91681e5af7fb0706a68afad2b4c42990e8bebddf08392600ef38d60699", "node", "127.0.0.1", false, "2026-04-30T20:12:55.945Z"]
2026-04-24 04:12:55 [34mdebug[39m [JwtAuthGuard] [AUTH-GUARD] Authorization header present: true
2026-04-24 04:12:55 [34mdebug[39m [JwtStrategy] [JWT-STRAT] Validating token for userId: d54601e8-a0ba-4964-8d75-de8787444c4e
Query: select "id", "email", "password", "first_name", "middle_name", "last_name", "account_status", "is_email_verified", "last_login_at", "created_at", "updated_at" from "users" "users" where "users"."id" = $1 limit $2 -- params: ["d54601e8-a0ba-4964-8d75-de8787444c4e", 1]
Query: select "user_id", "date_of_birth", "profile_picture", "gender", "phone", "address", "family_name", "family_relationship", "family_contact", "grade_level", "lrn", "created_at", "updated_at" from "student_profiles" "studentProfiles" where "studentProfiles"."user_id" = $1 limit $2 -- params: ["d54601e8-a0ba-4964-8d75-de8787444c4e", 1]
Query: select "userRoles"."user_id", "userRoles"."role_id", "userRoles"."assigned_at", "userRoles"."assigned_by", "userRoles_role"."data" as "role" from "user_roles" "userRoles" left join lateral (select json_build_array("userRoles_role"."id", "userRoles_role"."name", "userRoles_role"."description", "userRoles_role"."created_at") as "data" from (select * from "roles" "userRoles_role" where "userRoles_role"."id" = "userRoles"."role_id" limit $1) "userRoles_role") "userRoles_role" on true where "userRoles"."user_id" = $2 -- params: [1, "d54601e8-a0ba-4964-8d75-de8787444c4e"]
Query: select "user_id", "department", "specialization", "profile_picture", "contact_number", "date_of_birth", "gender", "address", "employee_id", "created_at", "updated_at" from "teacher_profiles" "teacherProfiles" where "teacherProfiles"."user_id" = $1 limit $2 -- params: ["d54601e8-a0ba-4964-8d75-de8787444c4e", 1]
2026-04-24 04:12:56 [34mdebug[39m [JwtStrategy] [JWT-STRAT] User lookup for d54601e8-a0ba-4964-8d75-de8787444c4e: found=true
2026-04-24 04:12:56 [34mdebug[39m [RolesGuard] [ROLES] Required: ["student"] | User roles: ["student"] | Path: /api/lxp/me/eligibility
Query: select "enrollments"."class_id", "enrollments_class"."data" as "class" from "enrollments" "enrollments" left join lateral (select json_build_array("enrollments_class"."id", "enrollments_class"."subject_name", "enrollments_class"."subject_code", "enrollments_class_section"."data") as "data" from (select * from "classes" "enrollments_class" where "enrollments_class"."id" = "enrollments"."class_id" limit $1) "enrollments_class" left join lateral (select json_build_array("enrollments_class_section"."id", "enrollments_class_section"."name", "enrollments_class_section"."grade_level") as "data" from (select * from "sections" "enrollments_class_section" where "enrollments_class_section"."id" = "enrollments_class"."section_id" limit $2) "enrollments_class_section") "enrollments_class_section" on true) "enrollments_class" on true where ("enrollments"."student_id" = $3 and "enrollments"."status" = $4) -- params: [1, 1, "d54601e8-a0ba-4964-8d75-de8787444c4e", "enrolled"]
Query: select "class_id", "is_at_risk", "blended_score", "threshold_applied" from "performance_snapshots" "performanceSnapshots" where ("performanceSnapshots"."student_id" = $1 and "performanceSnapshots"."class_id" in ($2, $3, $4, $5)) -- params: ["d54601e8-a0ba-4964-8d75-de8787444c4e", "f71bebea-e122-4cd4-9d01-10d543ff1bf1", "77217ca4-2c0e-477f-a2bc-baf0dc4a3feb", "c8939737-f7c6-4609-97be-e5e8bbaa0edc", "b154d6f7-ec2e-46b1-b6e3-e790039cb14d"]
Query: select "class_id", "id", "opened_at" from "intervention_cases" "interventionCases" where ("interventionCases"."student_id" = $1 and "interventionCases"."class_id" in ($2, $3, $4, $5) and "interventionCases"."status" = $6) -- params: ["d54601e8-a0ba-4964-8d75-de8787444c4e", "f71bebea-e122-4cd4-9d01-10d543ff1bf1", "77217ca4-2c0e-477f-a2bc-baf0dc4a3feb", "c8939737-f7c6-4609-97be-e5e8bbaa0edc", "b154d6f7-ec2e-46b1-b6e3-e790039cb14d", "active"]
2026-04-24 04:12:56 [34mdebug[39m [JwtAuthGuard] [AUTH-GUARD] Authorization header present: true
2026-04-24 04:12:56 [34mdebug[39m [JwtStrategy] [JWT-STRAT] Validating token for userId: d54601e8-a0ba-4964-8d75-de8787444c4e
Query: select "id", "email", "password", "first_name", "middle_name", "last_name", "account_status", "is_email_verified", "last_login_at", "created_at", "updated_at" from "users" "users" where "users"."id" = $1 limit $2 -- params: ["d54601e8-a0ba-4964-8d75-de8787444c4e", 1]
Query: select "user_id", "date_of_birth", "profile_picture", "gender", "phone", "address", "family_name", "family_relationship", "family_contact", "grade_level", "lrn", "created_at", "updated_at" from "student_profiles" "studentProfiles" where "studentProfiles"."user_id" = $1 limit $2 -- params: ["d54601e8-a0ba-4964-8d75-de8787444c4e", 1]
Query: select "userRoles"."user_id", "userRoles"."role_id", "userRoles"."assigned_at", "userRoles"."assigned_by", "userRoles_role"."data" as "role" from "user_roles" "userRoles" left join lateral (select json_build_array("userRoles_role"."id", "userRoles_role"."name", "userRoles_role"."description", "userRoles_role"."created_at") as "data" from (select * from "roles" "userRoles_role" where "userRoles_role"."id" = "userRoles"."role_id" limit $1) "userRoles_role") "userRoles_role" on true where "userRoles"."user_id" = $2 -- params: [1, "d54601e8-a0ba-4964-8d75-de8787444c4e"]
Query: select "user_id", "department", "specialization", "profile_picture", "contact_number", "date_of_birth", "gender", "address", "employee_id", "created_at", "updated_at" from "teacher_profiles" "teacherProfiles" where "teacherProfiles"."user_id" = $1 limit $2 -- params: ["d54601e8-a0ba-4964-8d75-de8787444c4e", 1]
2026-04-24 04:12:56 [34mdebug[39m [JwtStrategy] [JWT-STRAT] User lookup for d54601e8-a0ba-4964-8d75-de8787444c4e: found=true
2026-04-24 04:12:56 [34mdebug[39m [RolesGuard] [ROLES] Required: ["student"] | User roles: ["student"] | Path: /api/lxp/me/playlist/b154d6f7-ec2e-46b1-b6e3-e790039cb14d
Query: select "id" from "enrollments" "enrollments" where ("enrollments"."student_id" = $1 and "enrollments"."class_id" = $2 and "enrollments"."status" = $3) limit $4 -- params: ["d54601e8-a0ba-4964-8d75-de8787444c4e", "b154d6f7-ec2e-46b1-b6e3-e790039cb14d", "enrolled", 1]
Query: select "id", "class_id", "student_id", "status", "trigger_source", "trigger_score", "threshold_applied", "note", "opened_at", "closed_at", "created_at", "updated_at" from "intervention_cases" "interventionCases" where ("interventionCases"."student_id" = $1 and "interventionCases"."class_id" = $2 and "interventionCases"."status" = $3) order by "interventionCases"."created_at" desc limit $4 -- params: ["d54601e8-a0ba-4964-8d75-de8787444c4e", "b154d6f7-ec2e-46b1-b6e3-e790039cb14d", "active", 1]
Query: select "id" from "intervention_assignments" "interventionAssignments" where "interventionAssignments"."case_id" = $1 limit $2 -- params: ["1b6c590a-b6a2-4fb7-a45a-f1f4cf7231f8", 1]
Query: select "student_id", "class_id", "xp_total", "streak_days", "checkpoints_completed", "last_activity_at", "created_at", "updated_at" from "lxp_progress" "lxpProgress" where ("lxpProgress"."student_id" = $1 and "lxpProgress"."class_id" = $2) limit $3 -- params: ["d54601e8-a0ba-4964-8d75-de8787444c4e", "b154d6f7-ec2e-46b1-b6e3-e790039cb14d", 1]
Query: select "interventionAssignments"."id", "interventionAssignments"."case_id", "interventionAssignments"."assignment_type", "interventionAssignments"."lesson_id", "interventionAssignments"."assessment_id", "interventionAssignments"."checkpoint_label", "interventionAssignments"."order_index", "interventionAssignments"."is_completed", "interventionAssignments"."completed_at", "interventionAssignments"."xp_awarded", "interventionAssignments"."created_at", "interventionAssignments"."updated_at", "interventionAssignments_lesson"."data" as "lesson", "interventionAssignments_assessment"."data" as "assessment" from "intervention_assignments" "interventionAssignments" left join lateral (select json_build_array("interventionAssignments_lesson"."id", "interventionAssignments_lesson"."title", "interventionAssignments_lesson"."description", "interventionAssignments_lesson"."order") as "data" from (select * from "lessons" "interventionAssignments_lesson" where "interventionAssignments_lesson"."id" = "interventionAssignments"."lesson_id" limit $1) "interventionAssignments_lesson") "interventionAssignments_lesson" on true left join lateral (select json_build_array("interventionAssignments_assessment"."id", "interventionAssignments_assessment"."title", "interventionAssignments_assessment"."description", "interventionAssignments_assessment"."passing_score", "interventionAssignments_assessment"."due_date", "interventionAssignments_assessment"."type") as "data" from (select * from "assessments" "interventionAssignments_assessment" where "interventionAssignments_assessment"."id" = "interventionAssignments"."assessment_id" limit $2) "interventionAssignments_assessment") "interventionAssignments_assessment" on true where "interventionAssignments"."case_id" = $3 order by "interventionAssignments"."order_index" asc -- params: [1, 1, "1b6c590a-b6a2-4fb7-a45a-f1f4cf7231f8"]
2026-04-24 04:12:56 [34mdebug[39m [JwtAuthGuard] [AUTH-GUARD] Authorization header present: true
2026-04-24 04:12:56 [34mdebug[39m [JwtStrategy] [JWT-STRAT] Validating token for userId: d54601e8-a0ba-4964-8d75-de8787444c4e
Query: select "id", "email", "password", "first_name", "middle_name", "last_name", "account_status", "is_email_verified", "last_login_at", "created_at", "updated_at" from "users" "users" where "users"."id" = $1 limit $2 -- params: ["d54601e8-a0ba-4964-8d75-de8787444c4e", 1]
Query: select "user_id", "date_of_birth", "profile_picture", "gender", "phone", "address", "family_name", "family_relationship", "family_contact", "grade_level", "lrn", "created_at", "updated_at" from "student_profiles" "studentProfiles" where "studentProfiles"."user_id" = $1 limit $2 -- params: ["d54601e8-a0ba-4964-8d75-de8787444c4e", 1]
Query: select "userRoles"."user_id", "userRoles"."role_id", "userRoles"."assigned_at", "userRoles"."assigned_by", "userRoles_role"."data" as "role" from "user_roles" "userRoles" left join lateral (select json_build_array("userRoles_role"."id", "userRoles_role"."name", "userRoles_role"."description", "userRoles_role"."created_at") as "data" from (select * from "roles" "userRoles_role" where "userRoles_role"."id" = "userRoles"."role_id" limit $1) "userRoles_role") "userRoles_role" on true where "userRoles"."user_id" = $2 -- params: [1, "d54601e8-a0ba-4964-8d75-de8787444c4e"]
Query: select "user_id", "department", "specialization", "profile_picture", "contact_number", "date_of_birth", "gender", "address", "employee_id", "created_at", "updated_at" from "teacher_profiles" "teacherProfiles" where "teacherProfiles"."user_id" = $1 limit $2 -- params: ["d54601e8-a0ba-4964-8d75-de8787444c4e", 1]
2026-04-24 04:12:56 [34mdebug[39m [JwtStrategy] [JWT-STRAT] User lookup for d54601e8-a0ba-4964-8d75-de8787444c4e: found=true
2026-04-24 04:12:56 [34mdebug[39m [RolesGuard] [ROLES] Required: ["student"] | User roles: ["student"] | Path: /api/lxp/me/overview/b154d6f7-ec2e-46b1-b6e3-e790039cb14d
Query: select "id" from "enrollments" "enrollments" where ("enrollments"."student_id" = $1 and "enrollments"."class_id" = $2 and "enrollments"."status" = $3) limit $4 -- params: ["d54601e8-a0ba-4964-8d75-de8787444c4e", "b154d6f7-ec2e-46b1-b6e3-e790039cb14d", "enrolled", 1]
Query: select "id", "class_id", "student_id", "status", "trigger_source", "trigger_score", "threshold_applied", "note", "opened_at", "closed_at", "created_at", "updated_at" from "intervention_cases" "interventionCases" where ("interventionCases"."student_id" = $1 and "interventionCases"."class_id" = $2 and "interventionCases"."status" = $3) order by "interventionCases"."created_at" desc limit $4 -- params: ["d54601e8-a0ba-4964-8d75-de8787444c4e", "b154d6f7-ec2e-46b1-b6e3-e790039cb14d", "active", 1]
Query: select "blended_score", "threshold_applied", "is_at_risk", "last_computed_at" from "performance_snapshots" "performanceSnapshots" where ("performanceSnapshots"."student_id" = $1 and "performanceSnapshots"."class_id" = $2) limit $3 -- params: ["d54601e8-a0ba-4964-8d75-de8787444c4e", "b154d6f7-ec2e-46b1-b6e3-e790039cb14d", 1]
Query: select "id" from "intervention_assignments" "interventionAssignments" where "interventionAssignments"."case_id" = $1 limit $2 -- params: ["1b6c590a-b6a2-4fb7-a45a-f1f4cf7231f8", 1]
Query: select "student_id", "class_id", "xp_total", "streak_days", "checkpoints_completed", "last_activity_at", "created_at", "updated_at" from "lxp_progress" "lxpProgress" where ("lxpProgress"."student_id" = $1 and "lxpProgress"."class_id" = $2) limit $3 -- params: ["d54601e8-a0ba-4964-8d75-de8787444c4e", "b154d6f7-ec2e-46b1-b6e3-e790039cb14d", 1]
Query: select "enrollments"."class_id", "enrollments_class"."data" as "class" from "enrollments" "enrollments" left join lateral (select json_build_array("enrollments_class"."id", "enrollments_class"."subject_name", "enrollments_class"."subject_code", "enrollments_class_section"."data") as "data" from (select * from "classes" "enrollments_class" where "enrollments_class"."id" = "enrollments"."class_id" limit $1) "enrollments_class" left join lateral (select json_build_array("enrollments_class_section"."id", "enrollments_class_section"."name", "enrollments_class_section"."grade_level") as "data" from (select * from "sections" "enrollments_class_section" where "enrollments_class_section"."id" = "enrollments_class"."section_id" limit $2) "enrollments_class_section") "enrollments_class_section" on true) "enrollments_class" on true where ("enrollments"."student_id" = $3 and "enrollments"."status" = $4) -- params: [1, 1, "d54601e8-a0ba-4964-8d75-de8787444c4e", "enrolled"]
Query: select "interventionAssignments"."id", "interventionAssignments"."case_id", "interventionAssignments"."assignment_type", "interventionAssignments"."lesson_id", "interventionAssignments"."assessment_id", "interventionAssignments"."checkpoint_label", "interventionAssignments"."order_index", "interventionAssignments"."is_completed", "interventionAssignments"."completed_at", "interventionAssignments"."xp_awarded", "interventionAssignments"."created_at", "interventionAssignments"."updated_at", "interventionAssignments_lesson"."data" as "lesson", "interventionAssignments_assessment"."data" as "assessment" from "intervention_assignments" "interventionAssignments" left join lateral (select json_build_array("interventionAssignments_lesson"."id", "interventionAssignments_lesson"."title", "interventionAssignments_lesson"."description", "interventionAssignments_lesson"."order") as "data" from (select * from "lessons" "interventionAssignments_lesson" where "interventionAssignments_lesson"."id" = "interventionAssignments"."lesson_id" limit $1) "interventionAssignments_lesson") "interventionAssignments_lesson" on true left join lateral (select json_build_array("interventionAssignments_assessment"."id", "interventionAssignments_assessment"."title", "interventionAssignments_assessment"."description", "interventionAssignments_assessment"."passing_score", "interventionAssignments_assessment"."due_date", "interventionAssignments_assessment"."type") as "data" from (select * from "assessments" "interventionAssignments_assessment" where "interventionAssignments_assessment"."id" = "interventionAssignments"."assessment_id" limit $2) "interventionAssignments_assessment") "interventionAssignments_assessment" on true where "interventionAssignments"."case_id" = $3 order by "interventionAssignments"."order_index" asc -- params: [1, 1, "1b6c590a-b6a2-4fb7-a45a-f1f4cf7231f8"]
Query: select "class_id", "blended_score", "threshold_applied", "is_at_risk", "last_computed_at" from "performance_snapshots" "performanceSnapshots" where ("performanceSnapshots"."student_id" = $1 and "performanceSnapshots"."class_id" in ($2, $3, $4, $5)) -- params: ["d54601e8-a0ba-4964-8d75-de8787444c4e", "f71bebea-e122-4cd4-9d01-10d543ff1bf1", "77217ca4-2c0e-477f-a2bc-baf0dc4a3feb", "c8939737-f7c6-4609-97be-e5e8bbaa0edc", "b154d6f7-ec2e-46b1-b6e3-e790039cb14d"]
2026-04-24 04:12:56 [34mdebug[39m [JwtAuthGuard] [AUTH-GUARD] Authorization header present: true
2026-04-24 04:12:56 [34mdebug[39m [JwtStrategy] [JWT-STRAT] Validating token for userId: d54601e8-a0ba-4964-8d75-de8787444c4e
Query: select "id", "email", "password", "first_name", "middle_name", "last_name", "account_status", "is_email_verified", "last_login_at", "created_at", "updated_at" from "users" "users" where "users"."id" = $1 limit $2 -- params: ["d54601e8-a0ba-4964-8d75-de8787444c4e", 1]
Query: select "user_id", "date_of_birth", "profile_picture", "gender", "phone", "address", "family_name", "family_relationship", "family_contact", "grade_level", "lrn", "created_at", "updated_at" from "student_profiles" "studentProfiles" where "studentProfiles"."user_id" = $1 limit $2 -- params: ["d54601e8-a0ba-4964-8d75-de8787444c4e", 1]
Query: select "userRoles"."user_id", "userRoles"."role_id", "userRoles"."assigned_at", "userRoles"."assigned_by", "userRoles_role"."data" as "role" from "user_roles" "userRoles" left join lateral (select json_build_array("userRoles_role"."id", "userRoles_role"."name", "userRoles_role"."description", "userRoles_role"."created_at") as "data" from (select * from "roles" "userRoles_role" where "userRoles_role"."id" = "userRoles"."role_id" limit $1) "userRoles_role") "userRoles_role" on true where "userRoles"."user_id" = $2 -- params: [1, "d54601e8-a0ba-4964-8d75-de8787444c4e"]
Query: select "user_id", "department", "specialization", "profile_picture", "contact_number", "date_of_birth", "gender", "address", "employee_id", "created_at", "updated_at" from "teacher_profiles" "teacherProfiles" where "teacherProfiles"."user_id" = $1 limit $2 -- params: ["d54601e8-a0ba-4964-8d75-de8787444c4e", 1]
2026-04-24 04:12:56 [34mdebug[39m [JwtStrategy] [JWT-STRAT] User lookup for d54601e8-a0ba-4964-8d75-de8787444c4e: found=true
2026-04-24 04:12:56 [34mdebug[39m [JwtAuthGuard] [AUTH-GUARD] Authorization header present: true
2026-04-24 04:12:56 [34mdebug[39m [JwtStrategy] [JWT-STRAT] Validating token for userId: d54601e8-a0ba-4964-8d75-de8787444c4e
Query: select "id", "email", "password", "first_name", "middle_name", "last_name", "account_status", "is_email_verified", "last_login_at", "created_at", "updated_at" from "users" "users" where "users"."id" = $1 limit $2 -- params: ["d54601e8-a0ba-4964-8d75-de8787444c4e", 1]
Query: select "user_id", "date_of_birth", "profile_picture", "gender", "phone", "address", "family_name", "family_relationship", "family_contact", "grade_level", "lrn", "created_at", "updated_at" from "student_profiles" "studentProfiles" where "studentProfiles"."user_id" = $1 limit $2 -- params: ["d54601e8-a0ba-4964-8d75-de8787444c4e", 1]
Query: select "userRoles"."user_id", "userRoles"."role_id", "userRoles"."assigned_at", "userRoles"."assigned_by", "userRoles_role"."data" as "role" from "user_roles" "userRoles" left join lateral (select json_build_array("userRoles_role"."id", "userRoles_role"."name", "userRoles_role"."description", "userRoles_role"."created_at") as "data" from (select * from "roles" "userRoles_role" where "userRoles_role"."id" = "userRoles"."role_id" limit $1) "userRoles_role") "userRoles_role" on true where "userRoles"."user_id" = $2 -- params: [1, "d54601e8-a0ba-4964-8d75-de8787444c4e"]
Query: select "user_id", "department", "specialization", "profile_picture", "contact_number", "date_of_birth", "gender", "address", "employee_id", "created_at", "updated_at" from "teacher_profiles" "teacherProfiles" where "teacherProfiles"."user_id" = $1 limit $2 -- params: ["d54601e8-a0ba-4964-8d75-de8787444c4e", 1]
2026-04-24 04:12:56 [34mdebug[39m [JwtStrategy] [JWT-STRAT] User lookup for d54601e8-a0ba-4964-8d75-de8787444c4e: found=true
2026-04-24 04:12:56 [34mdebug[39m [RolesGuard] [ROLES] Required: ["student"] | User roles: ["student"] | Path: /api/ai/student/ja/review/bootstrap?classId=b154d6f7-ec2e-46b1-b6e3-e790039cb14d
Query: select "class_id" from "enrollments" "enrollments" where ("enrollments"."student_id" = $1 and "enrollments"."class_id" = $2 and "enrollments"."status" = $3) limit $4 -- params: ["d54601e8-a0ba-4964-8d75-de8787444c4e", "b154d6f7-ec2e-46b1-b6e3-e790039cb14d", "enrolled", 1]
Query: select "class_id" from "enrollments" "enrollments" where ("enrollments"."student_id" = $1 and "enrollments"."class_id" = $2) -- params: ["d54601e8-a0ba-4964-8d75-de8787444c4e", "b154d6f7-ec2e-46b1-b6e3-e790039cb14d"]
Query: select "classModules"."id", "classModules"."class_id", "classModules"."title", "classModules"."description", "classModules"."order", "classModules"."is_visible", "classModules"."is_locked", "classModules"."teacher_notes", "classModules"."theme_kind", "classModules"."gradient_id", "classModules"."cover_image_url", "classModules"."image_position_x", "classModules"."image_position_y", "classModules"."image_scale", "classModules"."is_core_template_asset", "classModules"."template_id", "classModules"."template_source_id", "classModules"."created_at", "classModules"."updated_at", "classModules_sections"."data" as "sections" from "class_modules" "classModules" left join lateral (select coalesce(json_agg(json_build_array("classModules_sections"."id", "classModules_sections"."module_id", "classModules_sections"."title", "classModules_sections"."description", "classModules_sections"."order", "classModules_sections"."created_at", "classModules_sections"."updated_at", "classModules_sections_items"."data")), '[]'::json) as "data" from "module_sections" "classModules_sections" left join lateral (select coalesce(json_agg(json_build_array("classModules_sections_items"."item_type", "classModules_sections_items"."is_visible", "classModules_sections_items"."is_given", "classModules_sections_items"."lesson_id", "classModules_sections_items"."assessment_id", "classModules_sections_items"."file_id", "classModules_sections_items_lesson"."data", "classModules_sections_items_assessment"."data")), '[]'::json) as "data" from "module_items" "classModules_sections_items" left join lateral (select json_build_array("classModules_sections_items_lesson"."id", "classModules_sections_items_lesson"."is_draft") as "data" from (select * from "lessons" "classModules_sections_items_lesson" where "classModules_sections_items_lesson"."id" = "classModules_sections_items"."lesson_id" limit $1) "classModules_sections_items_lesson") "classModules_sections_items_lesson" on true left join lateral (select json_build_array("classModules_sections_items_assessment"."id", "classModules_sections_items_assessment"."is_published") as "data" from (select * from "assessments" "classModules_sections_items_assessment" where "classModules_sections_items_assessment"."id" = "classModules_sections_items"."assessment_id" limit $2) "classModules_sections_items_assessment") "classModules_sections_items_assessment" on true where "classModules_sections_items"."module_section_id" = "classModules_sections"."id") "classModules_sections_items" on true where "classModules_sections"."module_id" = "classModules"."id") "classModules_sections" on true where ("classModules"."class_id" in ($3) and "classModules"."is_visible" = $4) -- params: [1, 1, "b154d6f7-ec2e-46b1-b6e3-e790039cb14d", true]
Query: select "id", "status", "current_index", "question_count", "strike_count", "reward_state", "grounding_status", "started_at", "completed_at" from "ja_sessions" "jaSessions" where ("jaSessions"."student_id" = $1 and "jaSessions"."class_id" = $2 and "jaSessions"."mode" = $3 and "jaSessions"."status" in ($4, $5)) order by "jaSessions"."updated_at" desc -- params: ["d54601e8-a0ba-4964-8d75-de8787444c4e", "b154d6f7-ec2e-46b1-b6e3-e790039cb14d", "practice", "active", "completed"]
Query: select "xp_total", "streak_days", "sessions_completed", "last_activity_at" from "ja_progress" "jaProgress" where ("jaProgress"."student_id" = $1 and "jaProgress"."class_id" = $2) limit $3 -- params: ["d54601e8-a0ba-4964-8d75-de8787444c4e", "b154d6f7-ec2e-46b1-b6e3-e790039cb14d", 1]
Query: select "assessment_attempts"."id", "assessments"."id", "assessments"."title", "assessment_attempts"."submitted_at", "assessment_attempts"."score", "assessment_attempts"."passed" from "assessment_attempts" inner join "assessments" on "assessments"."id" = "assessment_attempts"."assessment_id" where ("assessment_attempts"."student_id" = $1 and "assessment_attempts"."is_submitted" = $2 and "assessments"."class_id" = $3 and "assessments"."is_published" = $4) order by "assessment_attempts"."submitted_at" desc limit $5 -- params: ["d54601e8-a0ba-4964-8d75-de8787444c4e", true, "b154d6f7-ec2e-46b1-b6e3-e790039cb14d", true, 20]
Query: select "id", "status", "current_index", "question_count", "strike_count", "reward_state", "grounding_status", "started_at", "completed_at" from "ja_sessions" "jaSessions" where ("jaSessions"."student_id" = $1 and "jaSessions"."class_id" = $2 and "jaSessions"."mode" = $3 and "jaSessions"."status" in ($4, $5)) order by "jaSessions"."updated_at" desc limit $6 -- params: ["d54601e8-a0ba-4964-8d75-de8787444c4e", "b154d6f7-ec2e-46b1-b6e3-e790039cb14d", "review", "active", "completed", 20]
2026-04-24 04:12:56 [34mdebug[39m [JwtAuthGuard] [AUTH-GUARD] Authorization header present: true
2026-04-24 04:12:56 [34mdebug[39m [JwtStrategy] [JWT-STRAT] Validating token for userId: d54601e8-a0ba-4964-8d75-de8787444c4e
Query: select "id", "email", "password", "first_name", "middle_name", "last_name", "account_status", "is_email_verified", "last_login_at", "created_at", "updated_at" from "users" "users" where "users"."id" = $1 limit $2 -- params: ["d54601e8-a0ba-4964-8d75-de8787444c4e", 1]
Query: select "user_id", "date_of_birth", "profile_picture", "gender", "phone", "address", "family_name", "family_relationship", "family_contact", "grade_level", "lrn", "created_at", "updated_at" from "student_profiles" "studentProfiles" where "studentProfiles"."user_id" = $1 limit $2 -- params: ["d54601e8-a0ba-4964-8d75-de8787444c4e", 1]
Query: select "userRoles"."user_id", "userRoles"."role_id", "userRoles"."assigned_at", "userRoles"."assigned_by", "userRoles_role"."data" as "role" from "user_roles" "userRoles" left join lateral (select json_build_array("userRoles_role"."id", "userRoles_role"."name", "userRoles_role"."description", "userRoles_role"."created_at") as "data" from (select * from "roles" "userRoles_role" where "userRoles_role"."id" = "userRoles"."role_id" limit $1) "userRoles_role") "userRoles_role" on true where "userRoles"."user_id" = $2 -- params: [1, "d54601e8-a0ba-4964-8d75-de8787444c4e"]
Query: select "user_id", "department", "specialization", "profile_picture", "contact_number", "date_of_birth", "gender", "address", "employee_id", "created_at", "updated_at" from "teacher_profiles" "teacherProfiles" where "teacherProfiles"."user_id" = $1 limit $2 -- params: ["d54601e8-a0ba-4964-8d75-de8787444c4e", 1]
2026-04-24 04:12:56 [34mdebug[39m [JwtStrategy] [JWT-STRAT] User lookup for d54601e8-a0ba-4964-8d75-de8787444c4e: found=true
2026-04-24 04:12:56 [34mdebug[39m [JwtAuthGuard] [AUTH-GUARD] Authorization header present: true
2026-04-24 04:12:56 [34mdebug[39m [JwtStrategy] [JWT-STRAT] Validating token for userId: d54601e8-a0ba-4964-8d75-de8787444c4e
Query: select "id", "email", "password", "first_name", "middle_name", "last_name", "account_status", "is_email_verified", "last_login_at", "created_at", "updated_at" from "users" "users" where "users"."id" = $1 limit $2 -- params: ["d54601e8-a0ba-4964-8d75-de8787444c4e", 1]
Query: select "user_id", "date_of_birth", "profile_picture", "gender", "phone", "address", "family_name", "family_relationship", "family_contact", "grade_level", "lrn", "created_at", "updated_at" from "student_profiles" "studentProfiles" where "studentProfiles"."user_id" = $1 limit $2 -- params: ["d54601e8-a0ba-4964-8d75-de8787444c4e", 1]
Query: select "userRoles"."user_id", "userRoles"."role_id", "userRoles"."assigned_at", "userRoles"."assigned_by", "userRoles_role"."data" as "role" from "user_roles" "userRoles" left join lateral (select json_build_array("userRoles_role"."id", "userRoles_role"."name", "userRoles_role"."description", "userRoles_role"."created_at") as "data" from (select * from "roles" "userRoles_role" where "userRoles_role"."id" = "userRoles"."role_id" limit $1) "userRoles_role") "userRoles_role" on true where "userRoles"."user_id" = $2 -- params: [1, "d54601e8-a0ba-4964-8d75-de8787444c4e"]
Query: select "user_id", "department", "specialization", "profile_picture", "contact_number", "date_of_birth", "gender", "address", "employee_id", "created_at", "updated_at" from "teacher_profiles" "teacherProfiles" where "teacherProfiles"."user_id" = $1 limit $2 -- params: ["d54601e8-a0ba-4964-8d75-de8787444c4e", 1]
2026-04-24 04:12:56 [34mdebug[39m [JwtStrategy] [JWT-STRAT] User lookup for d54601e8-a0ba-4964-8d75-de8787444c4e: found=true
2026-04-24 04:12:56 [34mdebug[39m [RolesGuard] [ROLES] Required: ["student"] | User roles: ["student"] | Path: /api/ai/student/ja/hub?classId=b154d6f7-ec2e-46b1-b6e3-e790039cb14d
Query: select "class_id" from "enrollments" "enrollments" where ("enrollments"."student_id" = $1 and "enrollments"."class_id" = $2 and "enrollments"."status" = $3) limit $4 -- params: ["d54601e8-a0ba-4964-8d75-de8787444c4e", "b154d6f7-ec2e-46b1-b6e3-e790039cb14d", "enrolled", 1]
Query: select "class_id" from "enrollments" "enrollments" where ("enrollments"."student_id" = $1 and "enrollments"."class_id" = $2) -- params: ["d54601e8-a0ba-4964-8d75-de8787444c4e", "b154d6f7-ec2e-46b1-b6e3-e790039cb14d"]
Query: select "classModules"."id", "classModules"."class_id", "classModules"."title", "classModules"."description", "classModules"."order", "classModules"."is_visible", "classModules"."is_locked", "classModules"."teacher_notes", "classModules"."theme_kind", "classModules"."gradient_id", "classModules"."cover_image_url", "classModules"."image_position_x", "classModules"."image_position_y", "classModules"."image_scale", "classModules"."is_core_template_asset", "classModules"."template_id", "classModules"."template_source_id", "classModules"."created_at", "classModules"."updated_at", "classModules_sections"."data" as "sections" from "class_modules" "classModules" left join lateral (select coalesce(json_agg(json_build_array("classModules_sections"."id", "classModules_sections"."module_id", "classModules_sections"."title", "classModules_sections"."description", "classModules_sections"."order", "classModules_sections"."created_at", "classModules_sections"."updated_at", "classModules_sections_items"."data")), '[]'::json) as "data" from "module_sections" "classModules_sections" left join lateral (select coalesce(json_agg(json_build_array("classModules_sections_items"."item_type", "classModules_sections_items"."is_visible", "classModules_sections_items"."is_given", "classModules_sections_items"."lesson_id", "classModules_sections_items"."assessment_id", "classModules_sections_items"."file_id", "classModules_sections_items_lesson"."data", "classModules_sections_items_assessment"."data")), '[]'::json) as "data" from "module_items" "classModules_sections_items" left join lateral (select json_build_array("classModules_sections_items_lesson"."id", "classModules_sections_items_lesson"."is_draft") as "data" from (select * from "lessons" "classModules_sections_items_lesson" where "classModules_sections_items_lesson"."id" = "classModules_sections_items"."lesson_id" limit $1) "classModules_sections_items_lesson") "classModules_sections_items_lesson" on true left join lateral (select json_build_array("classModules_sections_items_assessment"."id", "classModules_sections_items_assessment"."is_published") as "data" from (select * from "assessments" "classModules_sections_items_assessment" where "classModules_sections_items_assessment"."id" = "classModules_sections_items"."assessment_id" limit $2) "classModules_sections_items_assessment") "classModules_sections_items_assessment" on true where "classModules_sections_items"."module_section_id" = "classModules_sections"."id") "classModules_sections_items" on true where "classModules_sections"."module_id" = "classModules"."id") "classModules_sections" on true where ("classModules"."class_id" in ($3) and "classModules"."is_visible" = $4) -- params: [1, 1, "b154d6f7-ec2e-46b1-b6e3-e790039cb14d", true]
Query: select "id", "status", "current_index", "question_count", "strike_count", "reward_state", "grounding_status", "started_at", "completed_at" from "ja_sessions" "jaSessions" where ("jaSessions"."student_id" = $1 and "jaSessions"."class_id" = $2 and "jaSessions"."mode" = $3 and "jaSessions"."status" in ($4, $5)) order by "jaSessions"."updated_at" desc -- params: ["d54601e8-a0ba-4964-8d75-de8787444c4e", "b154d6f7-ec2e-46b1-b6e3-e790039cb14d", "practice", "active", "completed"]
Query: select "xp_total", "streak_days", "sessions_completed", "last_activity_at" from "ja_progress" "jaProgress" where ("jaProgress"."student_id" = $1 and "jaProgress"."class_id" = $2) limit $3 -- params: ["d54601e8-a0ba-4964-8d75-de8787444c4e", "b154d6f7-ec2e-46b1-b6e3-e790039cb14d", 1]
Query: select "id", "title", "status", "last_message_at", "updated_at" from "ja_threads" "jaThreads" where ("jaThreads"."student_id" = $1 and "jaThreads"."class_id" = $2 and "jaThreads"."status" = $3) order by "jaThreads"."updated_at" desc limit $4 -- params: ["d54601e8-a0ba-4964-8d75-de8787444c4e", "b154d6f7-ec2e-46b1-b6e3-e790039cb14d", "active", 12]
Query: select "assessment_attempts"."id", "assessments"."id", "assessments"."title", "assessment_attempts"."submitted_at", "assessment_attempts"."score", "assessment_attempts"."passed" from "assessment_attempts" inner join "assessments" on "assessments"."id" = "assessment_attempts"."assessment_id" where ("assessment_attempts"."student_id" = $1 and "assessment_attempts"."is_submitted" = $2 and "assessments"."class_id" = $3 and "assessments"."is_published" = $4) order by "assessment_attempts"."submitted_at" desc limit $5 -- params: ["d54601e8-a0ba-4964-8d75-de8787444c4e", true, "b154d6f7-ec2e-46b1-b6e3-e790039cb14d", true, 15]
Query: select "id", "status", "current_index", "question_count", "strike_count", "reward_state", "grounding_status", "started_at", "completed_at" from "ja_sessions" "jaSessions" where ("jaSessions"."student_id" = $1 and "jaSessions"."class_id" = $2 and "jaSessions"."mode" = $3 and "jaSessions"."status" in ($4, $5)) order by "jaSessions"."updated_at" desc limit $6 -- params: ["d54601e8-a0ba-4964-8d75-de8787444c4e", "b154d6f7-ec2e-46b1-b6e3-e790039cb14d", "review", "active", "completed", 12]
Query: select coalesce(avg("assessment_attempts"."score"), 0) from "assessment_attempts" inner join "assessments" on "assessments"."id" = "assessment_attempts"."assessment_id" where ("assessment_attempts"."student_id" = $1 and "assessment_attempts"."is_submitted" = $2 and "assessments"."class_id" = $3 and "assessments"."is_published" = $4) -- params: ["d54601e8-a0ba-4964-8d75-de8787444c4e", true, "b154d6f7-ec2e-46b1-b6e3-e790039cb14d", true]
2026-04-24 04:13:00 [34mdebug[39m [AnnouncementsScheduler] Checking for due scheduled announcements...
Query: select "id", "class_id", "author_id", "title", "content", "is_pinned", "is_visible", "is_core_template_asset", "template_id", "template_source_id", "scheduled_at", "published_at", "archived_at", "created_at", "updated_at" from "announcements" "announcements" where ("announcements"."published_at" is null and "announcements"."archived_at" is null and "announcements"."scheduled_at" <= $1) -- params: ["2026-04-23T20:13:00.061Z"]
2026-04-24 04:13:50 [34mdebug[39m [JwtAuthGuard] [AUTH-GUARD] Authorization header present: true
2026-04-24 04:13:50 [34mdebug[39m [JwtStrategy] [JWT-STRAT] Validating token for userId: 092958f2-f594-4ad5-b946-1b9de0701499
Query: select "id", "email", "password", "first_name", "middle_name", "last_name", "account_status", "is_email_verified", "last_login_at", "created_at", "updated_at" from "users" "users" where "users"."id" = $1 limit $2 -- params: ["092958f2-f594-4ad5-b946-1b9de0701499", 1]
2026-04-24 04:13:50 [34mdebug[39m [DatabaseService] New database connection established
Query: select "user_id", "date_of_birth", "profile_picture", "gender", "phone", "address", "family_name", "family_relationship", "family_contact", "grade_level", "lrn", "created_at", "updated_at" from "student_profiles" "studentProfiles" where "studentProfiles"."user_id" = $1 limit $2 -- params: ["092958f2-f594-4ad5-b946-1b9de0701499", 1]
Query: select "userRoles"."user_id", "userRoles"."role_id", "userRoles"."assigned_at", "userRoles"."assigned_by", "userRoles_role"."data" as "role" from "user_roles" "userRoles" left join lateral (select json_build_array("userRoles_role"."id", "userRoles_role"."name", "userRoles_role"."description", "userRoles_role"."created_at") as "data" from (select * from "roles" "userRoles_role" where "userRoles_role"."id" = "userRoles"."role_id" limit $1) "userRoles_role") "userRoles_role" on true where "userRoles"."user_id" = $2 -- params: [1, "092958f2-f594-4ad5-b946-1b9de0701499"]
2026-04-24 04:13:50 [34mdebug[39m [DatabaseService] New database connection established
Query: select "user_id", "department", "specialization", "profile_picture", "contact_number", "date_of_birth", "gender", "address", "employee_id", "created_at", "updated_at" from "teacher_profiles" "teacherProfiles" where "teacherProfiles"."user_id" = $1 limit $2 -- params: ["092958f2-f594-4ad5-b946-1b9de0701499", 1]
2026-04-24 04:13:50 [34mdebug[39m [JwtStrategy] [JWT-STRAT] User lookup for 092958f2-f594-4ad5-b946-1b9de0701499: found=true
2026-04-24 04:13:50 [34mdebug[39m [JwtAuthGuard] [AUTH-GUARD] Authorization header present: true
2026-04-24 04:13:50 [34mdebug[39m [JwtStrategy] [JWT-STRAT] Validating token for userId: 092958f2-f594-4ad5-b946-1b9de0701499
Query: select "id", "email", "password", "first_name", "middle_name", "last_name", "account_status", "is_email_verified", "last_login_at", "created_at", "updated_at" from "users" "users" where "users"."id" = $1 limit $2 -- params: ["092958f2-f594-4ad5-b946-1b9de0701499", 1]
Query: select "user_id", "date_of_birth", "profile_picture", "gender", "phone", "address", "family_name", "family_relationship", "family_contact", "grade_level", "lrn", "created_at", "updated_at" from "student_profiles" "studentProfiles" where "studentProfiles"."user_id" = $1 limit $2 -- params: ["092958f2-f594-4ad5-b946-1b9de0701499", 1]
Query: select "userRoles"."user_id", "userRoles"."role_id", "userRoles"."assigned_at", "userRoles"."assigned_by", "userRoles_role"."data" as "role" from "user_roles" "userRoles" left join lateral (select json_build_array("userRoles_role"."id", "userRoles_role"."name", "userRoles_role"."description", "userRoles_role"."created_at") as "data" from (select * from "roles" "userRoles_role" where "userRoles_role"."id" = "userRoles"."role_id" limit $1) "userRoles_role") "userRoles_role" on true where "userRoles"."user_id" = $2 -- params: [1, "092958f2-f594-4ad5-b946-1b9de0701499"]
Query: select "user_id", "department", "specialization", "profile_picture", "contact_number", "date_of_birth", "gender", "address", "employee_id", "created_at", "updated_at" from "teacher_profiles" "teacherProfiles" where "teacherProfiles"."user_id" = $1 limit $2 -- params: ["092958f2-f594-4ad5-b946-1b9de0701499", 1]
2026-04-24 04:13:50 [34mdebug[39m [JwtStrategy] [JWT-STRAT] User lookup for 092958f2-f594-4ad5-b946-1b9de0701499: found=true
2026-04-24 04:13:50 [34mdebug[39m [RolesGuard] [ROLES] Required: ["admin","student"] | User roles: ["student"] | Path: /api/assessments/attempts/ongoing
Query: select "assessmentAttempts"."id", "assessmentAttempts"."student_id", "assessmentAttempts"."assessment_id", "assessmentAttempts"."attempt_number", "assessmentAttempts"."started_at", "assessmentAttempts"."expires_at", "assessmentAttempts"."last_question_index", "assessmentAttempts"."current_question_started_at", "assessmentAttempts"."current_question_deadline_at", "assessmentAttempts"."violation_count", "assessmentAttempts"."question_order", "assessmentAttempts"."draft_responses", "assessmentAttempts"."submitted_at", "assessmentAttempts"."score", "assessmentAttempts"."passed", "assessmentAttempts"."is_submitted", "assessmentAttempts"."time_spent_seconds", "assessmentAttempts"."is_returned", "assessmentAttempts"."returned_at", "assessmentAttempts"."teacher_feedback", "assessmentAttempts"."rubric_scores", "assessmentAttempts"."direct_score", "assessmentAttempts"."submitted_file_id", "assessmentAttempts"."submitted_file_original_name", "assessmentAttempts"."submitted_file_mime_type", "assessmentAttempts"."submitted_file_size_bytes", "assessmentAttempts"."created_at", "assessmentAttempts"."updated_at", "assessmentAttempts_assessment"."data" as "assessment" from "assessment_attempts" "assessmentAttempts" left join lateral (select json_build_array("assessmentAttempts_assessment"."id", "assessmentAttempts_assessment"."title", "assessmentAttempts_assessment"."time_limit_minutes") as "data" from (select * from "assessments" "assessmentAttempts_assessment" where "assessmentAttempts_assessment"."id" = "assessmentAttempts"."assessment_id" limit $1) "assessmentAttempts_assessment") "assessmentAttempts_assessment" on true where ("assessmentAttempts"."student_id" = $2 and "assessmentAttempts"."is_submitted" = $3) order by "assessmentAttempts"."updated_at" desc -- params: [1, "092958f2-f594-4ad5-b946-1b9de0701499", false]
2026-04-24 04:14:00 [34mdebug[39m [AnnouncementsScheduler] Checking for due scheduled announcements...
Query: select "id", "class_id", "author_id", "title", "content", "is_pinned", "is_visible", "is_core_template_asset", "template_id", "template_source_id", "scheduled_at", "published_at", "archived_at", "created_at", "updated_at" from "announcements" "announcements" where ("announcements"."published_at" is null and "announcements"."archived_at" is null and "announcements"."scheduled_at" <= $1) -- params: ["2026-04-23T20:14:00.013Z"]
2026-04-24 04:14:50 [34mdebug[39m [JwtAuthGuard] [AUTH-GUARD] Authorization header present: true
2026-04-24 04:14:50 [34mdebug[39m [JwtStrategy] [JWT-STRAT] Validating token for userId: 092958f2-f594-4ad5-b946-1b9de0701499
Query: select "id", "email", "password", "first_name", "middle_name", "last_name", "account_status", "is_email_verified", "last_login_at", "created_at", "updated_at" from "users" "users" where "users"."id" = $1 limit $2 -- params: ["092958f2-f594-4ad5-b946-1b9de0701499", 1]
2026-04-24 04:14:50 [34mdebug[39m [DatabaseService] New database connection established
Query: select "user_id", "date_of_birth", "profile_picture", "gender", "phone", "address", "family_name", "family_relationship", "family_contact", "grade_level", "lrn", "created_at", "updated_at" from "student_profiles" "studentProfiles" where "studentProfiles"."user_id" = $1 limit $2 -- params: ["092958f2-f594-4ad5-b946-1b9de0701499", 1]
Query: select "userRoles"."user_id", "userRoles"."role_id", "userRoles"."assigned_at", "userRoles"."assigned_by", "userRoles_role"."data" as "role" from "user_roles" "userRoles" left join lateral (select json_build_array("userRoles_role"."id", "userRoles_role"."name", "userRoles_role"."description", "userRoles_role"."created_at") as "data" from (select * from "roles" "userRoles_role" where "userRoles_role"."id" = "userRoles"."role_id" limit $1) "userRoles_role") "userRoles_role" on true where "userRoles"."user_id" = $2 -- params: [1, "092958f2-f594-4ad5-b946-1b9de0701499"]
2026-04-24 04:14:50 [34mdebug[39m [DatabaseService] New database connection established
Query: select "user_id", "department", "specialization", "profile_picture", "contact_number", "date_of_birth", "gender", "address", "employee_id", "created_at", "updated_at" from "teacher_profiles" "teacherProfiles" where "teacherProfiles"."user_id" = $1 limit $2 -- params: ["092958f2-f594-4ad5-b946-1b9de0701499", 1]
2026-04-24 04:14:50 [34mdebug[39m [JwtStrategy] [JWT-STRAT] User lookup for 092958f2-f594-4ad5-b946-1b9de0701499: found=true
2026-04-24 04:14:50 [34mdebug[39m [JwtAuthGuard] [AUTH-GUARD] Authorization header present: true
2026-04-24 04:14:50 [34mdebug[39m [JwtStrategy] [JWT-STRAT] Validating token for userId: 092958f2-f594-4ad5-b946-1b9de0701499
Query: select "id", "email", "password", "first_name", "middle_name", "last_name", "account_status", "is_email_verified", "last_login_at", "created_at", "updated_at" from "users" "users" where "users"."id" = $1 limit $2 -- params: ["092958f2-f594-4ad5-b946-1b9de0701499", 1]
Query: select "user_id", "date_of_birth", "profile_picture", "gender", "phone", "address", "family_name", "family_relationship", "family_contact", "grade_level", "lrn", "created_at", "updated_at" from "student_profiles" "studentProfiles" where "studentProfiles"."user_id" = $1 limit $2 -- params: ["092958f2-f594-4ad5-b946-1b9de0701499", 1]
Query: select "userRoles"."user_id", "userRoles"."role_id", "userRoles"."assigned_at", "userRoles"."assigned_by", "userRoles_role"."data" as "role" from "user_roles" "userRoles" left join lateral (select json_build_array("userRoles_role"."id", "userRoles_role"."name", "userRoles_role"."description", "userRoles_role"."created_at") as "data" from (select * from "roles" "userRoles_role" where "userRoles_role"."id" = "userRoles"."role_id" limit $1) "userRoles_role") "userRoles_role" on true where "userRoles"."user_id" = $2 -- params: [1, "092958f2-f594-4ad5-b946-1b9de0701499"]
Query: select "user_id", "department", "specialization", "profile_picture", "contact_number", "date_of_birth", "gender", "address", "employee_id", "created_at", "updated_at" from "teacher_profiles" "teacherProfiles" where "teacherProfiles"."user_id" = $1 limit $2 -- params: ["092958f2-f594-4ad5-b946-1b9de0701499", 1]
2026-04-24 04:14:50 [34mdebug[39m [JwtStrategy] [JWT-STRAT] User lookup for 092958f2-f594-4ad5-b946-1b9de0701499: found=true
2026-04-24 04:14:50 [34mdebug[39m [RolesGuard] [ROLES] Required: ["admin","student"] | User roles: ["student"] | Path: /api/assessments/attempts/ongoing
Query: select "assessmentAttempts"."id", "assessmentAttempts"."student_id", "assessmentAttempts"."assessment_id", "assessmentAttempts"."attempt_number", "assessmentAttempts"."started_at", "assessmentAttempts"."expires_at", "assessmentAttempts"."last_question_index", "assessmentAttempts"."current_question_started_at", "assessmentAttempts"."current_question_deadline_at", "assessmentAttempts"."violation_count", "assessmentAttempts"."question_order", "assessmentAttempts"."draft_responses", "assessmentAttempts"."submitted_at", "assessmentAttempts"."score", "assessmentAttempts"."passed", "assessmentAttempts"."is_submitted", "assessmentAttempts"."time_spent_seconds", "assessmentAttempts"."is_returned", "assessmentAttempts"."returned_at", "assessmentAttempts"."teacher_feedback", "assessmentAttempts"."rubric_scores", "assessmentAttempts"."direct_score", "assessmentAttempts"."submitted_file_id", "assessmentAttempts"."submitted_file_original_name", "assessmentAttempts"."submitted_file_mime_type", "assessmentAttempts"."submitted_file_size_bytes", "assessmentAttempts"."created_at", "assessmentAttempts"."updated_at", "assessmentAttempts_assessment"."data" as "assessment" from "assessment_attempts" "assessmentAttempts" left join lateral (select json_build_array("assessmentAttempts_assessment"."id", "assessmentAttempts_assessment"."title", "assessmentAttempts_assessment"."time_limit_minutes") as "data" from (select * from "assessments" "assessmentAttempts_assessment" where "assessmentAttempts_assessment"."id" = "assessmentAttempts"."assessment_id" limit $1) "assessmentAttempts_assessment") "assessmentAttempts_assessment" on true where ("assessmentAttempts"."student_id" = $2 and "assessmentAttempts"."is_submitted" = $3) order by "assessmentAttempts"."updated_at" desc -- params: [1, "092958f2-f594-4ad5-b946-1b9de0701499", false]
2026-04-24 04:15:00 [34mdebug[39m [AnnouncementsScheduler] Checking for due scheduled announcements...
Query: select "id", "class_id", "author_id", "title", "content", "is_pinned", "is_visible", "is_core_template_asset", "template_id", "template_source_id", "scheduled_at", "published_at", "archived_at", "created_at", "updated_at" from "announcements" "announcements" where ("announcements"."published_at" is null and "announcements"."archived_at" is null and "announcements"."scheduled_at" <= $1) -- params: ["2026-04-23T20:15:00.009Z"]
2026-04-24 04:15:50 [34mdebug[39m [JwtAuthGuard] [AUTH-GUARD] Authorization header present: true
2026-04-24 04:15:50 [34mdebug[39m [JwtStrategy] [JWT-STRAT] Validating token for userId: 092958f2-f594-4ad5-b946-1b9de0701499
Query: select "id", "email", "password", "first_name", "middle_name", "last_name", "account_status", "is_email_verified", "last_login_at", "created_at", "updated_at" from "users" "users" where "users"."id" = $1 limit $2 -- params: ["092958f2-f594-4ad5-b946-1b9de0701499", 1]
2026-04-24 04:15:50 [34mdebug[39m [DatabaseService] New database connection established
Query: select "user_id", "date_of_birth", "profile_picture", "gender", "phone", "address", "family_name", "family_relationship", "family_contact", "grade_level", "lrn", "created_at", "updated_at" from "student_profiles" "studentProfiles" where "studentProfiles"."user_id" = $1 limit $2 -- params: ["092958f2-f594-4ad5-b946-1b9de0701499", 1]
Query: select "userRoles"."user_id", "userRoles"."role_id", "userRoles"."assigned_at", "userRoles"."assigned_by", "userRoles_role"."data" as "role" from "user_roles" "userRoles" left join lateral (select json_build_array("userRoles_role"."id", "userRoles_role"."name", "userRoles_role"."description", "userRoles_role"."created_at") as "data" from (select * from "roles" "userRoles_role" where "userRoles_role"."id" = "userRoles"."role_id" limit $1) "userRoles_role") "userRoles_role" on true where "userRoles"."user_id" = $2 -- params: [1, "092958f2-f594-4ad5-b946-1b9de0701499"]
2026-04-24 04:15:50 [34mdebug[39m [DatabaseService] New database connection established
Query: select "user_id", "department", "specialization", "profile_picture", "contact_number", "date_of_birth", "gender", "address", "employee_id", "created_at", "updated_at" from "teacher_profiles" "teacherProfiles" where "teacherProfiles"."user_id" = $1 limit $2 -- params: ["092958f2-f594-4ad5-b946-1b9de0701499", 1]
2026-04-24 04:15:50 [34mdebug[39m [JwtStrategy] [JWT-STRAT] User lookup for 092958f2-f594-4ad5-b946-1b9de0701499: found=true
2026-04-24 04:15:50 [34mdebug[39m [JwtAuthGuard] [AUTH-GUARD] Authorization header present: true
2026-04-24 04:15:50 [34mdebug[39m [JwtStrategy] [JWT-STRAT] Validating token for userId: 092958f2-f594-4ad5-b946-1b9de0701499
Query: select "id", "email", "password", "first_name", "middle_name", "last_name", "account_status", "is_email_verified", "last_login_at", "created_at", "updated_at" from "users" "users" where "users"."id" = $1 limit $2 -- params: ["092958f2-f594-4ad5-b946-1b9de0701499", 1]
Query: select "user_id", "date_of_birth", "profile_picture", "gender", "phone", "address", "family_name", "family_relationship", "family_contact", "grade_level", "lrn", "created_at", "updated_at" from "student_profiles" "studentProfiles" where "studentProfiles"."user_id" = $1 limit $2 -- params: ["092958f2-f594-4ad5-b946-1b9de0701499", 1]
Query: select "userRoles"."user_id", "userRoles"."role_id", "userRoles"."assigned_at", "userRoles"."assigned_by", "userRoles_role"."data" as "role" from "user_roles" "userRoles" left join lateral (select json_build_array("userRoles_role"."id", "userRoles_role"."name", "userRoles_role"."description", "userRoles_role"."created_at") as "data" from (select * from "roles" "userRoles_role" where "userRoles_role"."id" = "userRoles"."role_id" limit $1) "userRoles_role") "userRoles_role" on true where "userRoles"."user_id" = $2 -- params: [1, "092958f2-f594-4ad5-b946-1b9de0701499"]
Query: select "user_id", "department", "specialization", "profile_picture", "contact_number", "date_of_birth", "gender", "address", "employee_id", "created_at", "updated_at" from "teacher_profiles" "teacherProfiles" where "teacherProfiles"."user_id" = $1 limit $2 -- params: ["092958f2-f594-4ad5-b946-1b9de0701499", 1]
2026-04-24 04:15:50 [34mdebug[39m [JwtStrategy] [JWT-STRAT] User lookup for 092958f2-f594-4ad5-b946-1b9de0701499: found=true
2026-04-24 04:15:50 [34mdebug[39m [RolesGuard] [ROLES] Required: ["admin","student"] | User roles: ["student"] | Path: /api/assessments/attempts/ongoing
Query: select "assessmentAttempts"."id", "assessmentAttempts"."student_id", "assessmentAttempts"."assessment_id", "assessmentAttempts"."attempt_number", "assessmentAttempts"."started_at", "assessmentAttempts"."expires_at", "assessmentAttempts"."last_question_index", "assessmentAttempts"."current_question_started_at", "assessmentAttempts"."current_question_deadline_at", "assessmentAttempts"."violation_count", "assessmentAttempts"."question_order", "assessmentAttempts"."draft_responses", "assessmentAttempts"."submitted_at", "assessmentAttempts"."score", "assessmentAttempts"."passed", "assessmentAttempts"."is_submitted", "assessmentAttempts"."time_spent_seconds", "assessmentAttempts"."is_returned", "assessmentAttempts"."returned_at", "assessmentAttempts"."teacher_feedback", "assessmentAttempts"."rubric_scores", "assessmentAttempts"."direct_score", "assessmentAttempts"."submitted_file_id", "assessmentAttempts"."submitted_file_original_name", "assessmentAttempts"."submitted_file_mime_type", "assessmentAttempts"."submitted_file_size_bytes", "assessmentAttempts"."created_at", "assessmentAttempts"."updated_at", "assessmentAttempts_assessment"."data" as "assessment" from "assessment_attempts" "assessmentAttempts" left join lateral (select json_build_array("assessmentAttempts_assessment"."id", "assessmentAttempts_assessment"."title", "assessmentAttempts_assessment"."time_limit_minutes") as "data" from (select * from "assessments" "assessmentAttempts_assessment" where "assessmentAttempts_assessment"."id" = "assessmentAttempts"."assessment_id" limit $1) "assessmentAttempts_assessment") "assessmentAttempts_assessment" on true where ("assessmentAttempts"."student_id" = $2 and "assessmentAttempts"."is_submitted" = $3) order by "assessmentAttempts"."updated_at" desc -- params: [1, "092958f2-f594-4ad5-b946-1b9de0701499", false]
2026-04-24 04:16:00 [34mdebug[39m [AnnouncementsScheduler] Checking for due scheduled announcements...
Query: select "id", "class_id", "author_id", "title", "content", "is_pinned", "is_visible", "is_core_template_asset", "template_id", "template_source_id", "scheduled_at", "published_at", "archived_at", "created_at", "updated_at" from "announcements" "announcements" where ("announcements"."published_at" is null and "announcements"."archived_at" is null and "announcements"."scheduled_at" <= $1) -- params: ["2026-04-23T20:16:00.023Z"]
2026-04-24 04:16:50 [34mdebug[39m [JwtAuthGuard] [AUTH-GUARD] Authorization header present: true
2026-04-24 04:16:50 [34mdebug[39m [JwtStrategy] [JWT-STRAT] Validating token for userId: 092958f2-f594-4ad5-b946-1b9de0701499
Query: select "id", "email", "password", "first_name", "middle_name", "last_name", "account_status", "is_email_verified", "last_login_at", "created_at", "updated_at" from "users" "users" where "users"."id" = $1 limit $2 -- params: ["092958f2-f594-4ad5-b946-1b9de0701499", 1]
2026-04-24 04:16:50 [34mdebug[39m [DatabaseService] New database connection established
Query: select "user_id", "date_of_birth", "profile_picture", "gender", "phone", "address", "family_name", "family_relationship", "family_contact", "grade_level", "lrn", "created_at", "updated_at" from "student_profiles" "studentProfiles" where "studentProfiles"."user_id" = $1 limit $2 -- params: ["092958f2-f594-4ad5-b946-1b9de0701499", 1]
Query: select "userRoles"."user_id", "userRoles"."role_id", "userRoles"."assigned_at", "userRoles"."assigned_by", "userRoles_role"."data" as "role" from "user_roles" "userRoles" left join lateral (select json_build_array("userRoles_role"."id", "userRoles_role"."name", "userRoles_role"."description", "userRoles_role"."created_at") as "data" from (select * from "roles" "userRoles_role" where "userRoles_role"."id" = "userRoles"."role_id" limit $1) "userRoles_role") "userRoles_role" on true where "userRoles"."user_id" = $2 -- params: [1, "092958f2-f594-4ad5-b946-1b9de0701499"]
2026-04-24 04:16:50 [34mdebug[39m [DatabaseService] New database connection established
Query: select "user_id", "department", "specialization", "profile_picture", "contact_number", "date_of_birth", "gender", "address", "employee_id", "created_at", "updated_at" from "teacher_profiles" "teacherProfiles" where "teacherProfiles"."user_id" = $1 limit $2 -- params: ["092958f2-f594-4ad5-b946-1b9de0701499", 1]
2026-04-24 04:16:50 [34mdebug[39m [JwtStrategy] [JWT-STRAT] User lookup for 092958f2-f594-4ad5-b946-1b9de0701499: found=true
2026-04-24 04:16:50 [34mdebug[39m [JwtAuthGuard] [AUTH-GUARD] Authorization header present: true
2026-04-24 04:16:50 [34mdebug[39m [JwtStrategy] [JWT-STRAT] Validating token for userId: 092958f2-f594-4ad5-b946-1b9de0701499
Query: select "id", "email", "password", "first_name", "middle_name", "last_name", "account_status", "is_email_verified", "last_login_at", "created_at", "updated_at" from "users" "users" where "users"."id" = $1 limit $2 -- params: ["092958f2-f594-4ad5-b946-1b9de0701499", 1]
Query: select "user_id", "date_of_birth", "profile_picture", "gender", "phone", "address", "family_name", "family_relationship", "family_contact", "grade_level", "lrn", "created_at", "updated_at" from "student_profiles" "studentProfiles" where "studentProfiles"."user_id" = $1 limit $2 -- params: ["092958f2-f594-4ad5-b946-1b9de0701499", 1]
Query: select "userRoles"."user_id", "userRoles"."role_id", "userRoles"."assigned_at", "userRoles"."assigned_by", "userRoles_role"."data" as "role" from "user_roles" "userRoles" left join lateral (select json_build_array("userRoles_role"."id", "userRoles_role"."name", "userRoles_role"."description", "userRoles_role"."created_at") as "data" from (select * from "roles" "userRoles_role" where "userRoles_role"."id" = "userRoles"."role_id" limit $1) "userRoles_role") "userRoles_role" on true where "userRoles"."user_id" = $2 -- params: [1, "092958f2-f594-4ad5-b946-1b9de0701499"]
Query: select "user_id", "department", "specialization", "profile_picture", "contact_number", "date_of_birth", "gender", "address", "employee_id", "created_at", "updated_at" from "teacher_profiles" "teacherProfiles" where "teacherProfiles"."user_id" = $1 limit $2 -- params: ["092958f2-f594-4ad5-b946-1b9de0701499", 1]
2026-04-24 04:16:50 [34mdebug[39m [JwtStrategy] [JWT-STRAT] User lookup for 092958f2-f594-4ad5-b946-1b9de0701499: found=true
2026-04-24 04:16:50 [34mdebug[39m [RolesGuard] [ROLES] Required: ["admin","student"] | User roles: ["student"] | Path: /api/assessments/attempts/ongoing
Query: select "assessmentAttempts"."id", "assessmentAttempts"."student_id", "assessmentAttempts"."assessment_id", "assessmentAttempts"."attempt_number", "assessmentAttempts"."started_at", "assessmentAttempts"."expires_at", "assessmentAttempts"."last_question_index", "assessmentAttempts"."current_question_started_at", "assessmentAttempts"."current_question_deadline_at", "assessmentAttempts"."violation_count", "assessmentAttempts"."question_order", "assessmentAttempts"."draft_responses", "assessmentAttempts"."submitted_at", "assessmentAttempts"."score", "assessmentAttempts"."passed", "assessmentAttempts"."is_submitted", "assessmentAttempts"."time_spent_seconds", "assessmentAttempts"."is_returned", "assessmentAttempts"."returned_at", "assessmentAttempts"."teacher_feedback", "assessmentAttempts"."rubric_scores", "assessmentAttempts"."direct_score", "assessmentAttempts"."submitted_file_id", "assessmentAttempts"."submitted_file_original_name", "assessmentAttempts"."submitted_file_mime_type", "assessmentAttempts"."submitted_file_size_bytes", "assessmentAttempts"."created_at", "assessmentAttempts"."updated_at", "assessmentAttempts_assessment"."data" as "assessment" from "assessment_attempts" "assessmentAttempts" left join lateral (select json_build_array("assessmentAttempts_assessment"."id", "assessmentAttempts_assessment"."title", "assessmentAttempts_assessment"."time_limit_minutes") as "data" from (select * from "assessments" "assessmentAttempts_assessment" where "assessmentAttempts_assessment"."id" = "assessmentAttempts"."assessment_id" limit $1) "assessmentAttempts_assessment") "assessmentAttempts_assessment" on true where ("assessmentAttempts"."student_id" = $2 and "assessmentAttempts"."is_submitted" = $3) order by "assessmentAttempts"."updated_at" desc -- params: [1, "092958f2-f594-4ad5-b946-1b9de0701499", false]
Query: select "id", "email", "password", "first_name", "middle_name", "last_name", "account_status", "is_email_verified", "last_login_at", "created_at", "updated_at" from "users" "users" where "users"."email" = $1 limit $2 -- params: ["teacher1@lms.local", 1]
Query: select "userRoles"."user_id", "userRoles"."role_id", "userRoles"."assigned_at", "userRoles"."assigned_by", "userRoles_role"."data" as "role" from "user_roles" "userRoles" left join lateral (select json_build_array("userRoles_role"."id", "userRoles_role"."name", "userRoles_role"."description", "userRoles_role"."created_at") as "data" from (select * from "roles" "userRoles_role" where "userRoles_role"."id" = "userRoles"."role_id" limit $1) "userRoles_role") "userRoles_role" on true where "userRoles"."user_id" = $2 -- params: [1, "bd1fdd95-f1fb-4049-a60d-4b7261095e82"]
Query: select "user_id", "date_of_birth", "profile_picture", "gender", "phone", "address", "family_name", "family_relationship", "family_contact", "grade_level", "lrn", "created_at", "updated_at" from "student_profiles" "studentProfiles" where "studentProfiles"."user_id" = $1 limit $2 -- params: ["bd1fdd95-f1fb-4049-a60d-4b7261095e82", 1]
Query: select "user_id", "department", "specialization", "profile_picture", "contact_number", "date_of_birth", "gender", "address", "employee_id", "created_at", "updated_at" from "teacher_profiles" "teacherProfiles" where "teacherProfiles"."user_id" = $1 limit $2 -- params: ["bd1fdd95-f1fb-4049-a60d-4b7261095e82", 1]
Query: update "users" set "last_login_at" = $1 where "users"."id" = $2 -- params: ["2026-04-23T20:16:53.268Z", "bd1fdd95-f1fb-4049-a60d-4b7261095e82"]
Query: insert into "refresh_tokens" ("id", "user_id", "token_hash", "user_agent", "ip", "revoked", "expires_at", "created_at") values (default, $1, $2, $3, $4, $5, $6, default) -- params: ["bd1fdd95-f1fb-4049-a60d-4b7261095e82", "8a2a64c1eeb6a1d7d265dfea96b37c2520e7002deda831f54e10b69f6a2474ed", "node", "127.0.0.1", false, "2026-04-30T20:16:53.273Z"]
2026-04-24 04:16:53 [34mdebug[39m [JwtAuthGuard] [AUTH-GUARD] Authorization header present: true
2026-04-24 04:16:53 [34mdebug[39m [JwtStrategy] [JWT-STRAT] Validating token for userId: bd1fdd95-f1fb-4049-a60d-4b7261095e82
Query: select "id", "email", "password", "first_name", "middle_name", "last_name", "account_status", "is_email_verified", "last_login_at", "created_at", "updated_at" from "users" "users" where "users"."id" = $1 limit $2 -- params: ["bd1fdd95-f1fb-4049-a60d-4b7261095e82", 1]
Query: select "user_id", "date_of_birth", "profile_picture", "gender", "phone", "address", "family_name", "family_relationship", "family_contact", "grade_level", "lrn", "created_at", "updated_at" from "student_profiles" "studentProfiles" where "studentProfiles"."user_id" = $1 limit $2 -- params: ["bd1fdd95-f1fb-4049-a60d-4b7261095e82", 1]
Query: select "userRoles"."user_id", "userRoles"."role_id", "userRoles"."assigned_at", "userRoles"."assigned_by", "userRoles_role"."data" as "role" from "user_roles" "userRoles" left join lateral (select json_build_array("userRoles_role"."id", "userRoles_role"."name", "userRoles_role"."description", "userRoles_role"."created_at") as "data" from (select * from "roles" "userRoles_role" where "userRoles_role"."id" = "userRoles"."role_id" limit $1) "userRoles_role") "userRoles_role" on true where "userRoles"."user_id" = $2 -- params: [1, "bd1fdd95-f1fb-4049-a60d-4b7261095e82"]
Query: select "user_id", "department", "specialization", "profile_picture", "contact_number", "date_of_birth", "gender", "address", "employee_id", "created_at", "updated_at" from "teacher_profiles" "teacherProfiles" where "teacherProfiles"."user_id" = $1 limit $2 -- params: ["bd1fdd95-f1fb-4049-a60d-4b7261095e82", 1]
2026-04-24 04:16:53 [34mdebug[39m [JwtStrategy] [JWT-STRAT] User lookup for bd1fdd95-f1fb-4049-a60d-4b7261095e82: found=true
2026-04-24 04:16:53 [34mdebug[39m [RolesGuard] [ROLES] Required: ["teacher","admin"] | User roles: ["teacher"] | Path: /api/lxp/teacher/interventions/1b6c590a-b6a2-4fb7-a45a-f1f4cf7231f8/assign
Query: select "id", "class_id", "student_id", "status", "note" from "intervention_cases" "interventionCases" where "interventionCases"."id" = $1 limit $2 -- params: ["1b6c590a-b6a2-4fb7-a45a-f1f4cf7231f8", 1]
Query: select "id", "teacher_id" from "classes" "classes" where "classes"."id" = $1 limit $2 -- params: ["b154d6f7-ec2e-46b1-b6e3-e790039cb14d", 1]
Query: select "id" from "lessons" "lessons" where ("lessons"."class_id" = $1 and "lessons"."id" in ($2)) -- params: ["b154d6f7-ec2e-46b1-b6e3-e790039cb14d", "35a62fd7-c705-471e-831f-1a4c83a20ca1"]
Query: select "id" from "assessments" "assessments" where ("assessments"."class_id" = $1 and "assessments"."id" in ($2, $3)) -- params: ["b154d6f7-ec2e-46b1-b6e3-e790039cb14d", "9030ea25-823b-4ac9-b0de-2993c66f07ee", "63c5aea3-fa6f-403b-92fc-b20c80fe3cd3"]
Query: select "assessment_id" from "assessment_attempts" where ("assessment_attempts"."student_id" = $1 and "assessment_attempts"."is_submitted" = $2 and "assessment_attempts"."assessment_id" in ($3, $4)) group by "assessment_attempts"."assessment_id" -- params: ["d54601e8-a0ba-4964-8d75-de8787444c4e", true, "9030ea25-823b-4ac9-b0de-2993c66f07ee", "63c5aea3-fa6f-403b-92fc-b20c80fe3cd3"]
Query: select "id", "is_completed" from "intervention_assignments" "interventionAssignments" where "interventionAssignments"."case_id" = $1 -- params: ["1b6c590a-b6a2-4fb7-a45a-f1f4cf7231f8"]
Query: begin
Query: delete from "intervention_assignments" where "intervention_assignments"."case_id" = $1 -- params: ["1b6c590a-b6a2-4fb7-a45a-f1f4cf7231f8"]
Query: insert into "intervention_assignments" ("id", "case_id", "assignment_type", "lesson_id", "assessment_id", "checkpoint_label", "order_index", "is_completed", "completed_at", "xp_awarded", "created_at", "updated_at") values (default, $1, $2, $3, default, $4, $5, default, default, $6, default, default), (default, $7, $8, default, $9, $10, $11, default, default, $12, default, default), (default, $13, $14, default, $15, $16, $17, default, default, $18, default, default) -- params: ["1b6c590a-b6a2-4fb7-a45a-f1f4cf7231f8", "lesson_review", "35a62fd7-c705-471e-831f-1a4c83a20ca1", "Teacher-assigned lesson review", 1, 20, "1b6c590a-b6a2-4fb7-a45a-f1f4cf7231f8", "assessment_retry", "9030ea25-823b-4ac9-b0de-2993c66f07ee", "Teacher-assigned assessment retry", 2, 30, "1b6c590a-b6a2-4fb7-a45a-f1f4cf7231f8", "assessment_retry", "63c5aea3-fa6f-403b-92fc-b20c80fe3cd3", "Teacher-assigned assessment retry", 3, 30]
Query: update "intervention_cases" set "note" = $1, "updated_at" = $2 where "intervention_cases"."id" = $3 -- params: ["AI plan refined for Learners Path demo.\nAI plan refined for Learners Path demo with replay-ready assessments.\nprobe assignment validation", "2026-04-23T20:16:53.405Z", "1b6c590a-b6a2-4fb7-a45a-f1f4cf7231f8"]
Query: commit
Query: insert into "notifications" ("id", "user_id", "type", "reference_id", "title", "body", "is_read", "read_at", "created_at") values (default, $1, $2, $3, $4, $5, $6, default, default) -- params: ["d54601e8-a0ba-4964-8d75-de8787444c4e", "grade_updated", null, "New intervention checklist assigned", "Your teacher updated your Learners Path tasks. Open Learners Path to continue.", false]
Query: insert into "audit_logs" ("id", "actor_id", "action", "target_type", "target_id", "metadata", "created_at") values (default, $1, $2, $3, $4, $5, default) returning "id", "actor_id", "action", "target_type", "target_id", "metadata", "created_at" -- params: ["bd1fdd95-f1fb-4049-a60d-4b7261095e82", "lxp.intervention.assigned", "intervention_case", "1b6c590a-b6a2-4fb7-a45a-f1f4cf7231f8", "{\"classId\":\"b154d6f7-ec2e-46b1-b6e3-e790039cb14d\",\"studentId\":\"d54601e8-a0ba-4964-8d75-de8787444c4e\",\"previousAssignmentsCount\":3,\"lessonAssignments\":[{\"lessonId\":\"35a62fd7-c705-471e-831f-1a4c83a20ca1\",\"xpAwarded\":20}],\"assessmentAssignments\":[{\"assessmentId\":\"9030ea25-823b-4ac9-b0de-2993c66f07ee\",\"xpAwarded\":30},{\"assessmentId\":\"63c5aea3-fa6f-403b-92fc-b20c80fe3cd3\",\"xpAwarded\":30}]}"]
Query: select "id", "teacher_id" from "classes" "classes" where "classes"."id" = $1 limit $2 -- params: ["b154d6f7-ec2e-46b1-b6e3-e790039cb14d", 1]
Query: select "interventionCases"."id", "interventionCases"."class_id", "interventionCases"."student_id", "interventionCases"."status", "interventionCases"."trigger_source", "interventionCases"."trigger_score", "interventionCases"."threshold_applied", "interventionCases"."note", "interventionCases"."opened_at", "interventionCases"."closed_at", "interventionCases"."created_at", "interventionCases"."updated_at", "interventionCases_student"."data" as "student" from "intervention_cases" "interventionCases" left join lateral (select json_build_array("interventionCases_student"."id", "interventionCases_student"."first_name", "interventionCases_student"."last_name", "interventionCases_student"."email") as "data" from (select * from "users" "interventionCases_student" where "interventionCases_student"."id" = "interventionCases"."student_id" limit $1) "interventionCases_student") "interventionCases_student" on true where ("interventionCases"."class_id" = $2 and "interventionCases"."status" in ($3, $4)) order by "interventionCases"."opened_at" desc -- params: [1, "b154d6f7-ec2e-46b1-b6e3-e790039cb14d", "pending", "active"]
Query: select "id", "case_id", "is_completed" from "intervention_assignments" "interventionAssignments" where "interventionAssignments"."case_id" in ($1) -- params: ["1b6c590a-b6a2-4fb7-a45a-f1f4cf7231f8"]
Query: select "student_id", "xp_total", "streak_days", "checkpoints_completed", "last_activity_at" from "lxp_progress" "lxpProgress" where ("lxpProgress"."class_id" = $1 and "lxpProgress"."student_id" in ($2)) -- params: ["b154d6f7-ec2e-46b1-b6e3-e790039cb14d", "d54601e8-a0ba-4964-8d75-de8787444c4e"]
Query: select "student_id", "is_at_risk", "blended_score", "threshold_applied" from "performance_snapshots" "performanceSnapshots" where ("performanceSnapshots"."class_id" = $1 and "performanceSnapshots"."student_id" in ($2)) -- params: ["b154d6f7-ec2e-46b1-b6e3-e790039cb14d", "d54601e8-a0ba-4964-8d75-de8787444c4e"]
2026-04-24 04:16:53 [34mdebug[39m [DatabaseService] New database connection established
2026-04-24 04:16:53 [34mdebug[39m [JwtAuthGuard] [AUTH-GUARD] Authorization header present: true
2026-04-24 04:16:53 [34mdebug[39m [JwtStrategy] [JWT-STRAT] Validating token for userId: bd1fdd95-f1fb-4049-a60d-4b7261095e82
Query: select "id", "email", "password", "first_name", "middle_name", "last_name", "account_status", "is_email_verified", "last_login_at", "created_at", "updated_at" from "users" "users" where "users"."id" = $1 limit $2 -- params: ["bd1fdd95-f1fb-4049-a60d-4b7261095e82", 1]
Query: select "user_id", "date_of_birth", "profile_picture", "gender", "phone", "address", "family_name", "family_relationship", "family_contact", "grade_level", "lrn", "created_at", "updated_at" from "student_profiles" "studentProfiles" where "studentProfiles"."user_id" = $1 limit $2 -- params: ["bd1fdd95-f1fb-4049-a60d-4b7261095e82", 1]
Query: select "userRoles"."user_id", "userRoles"."role_id", "userRoles"."assigned_at", "userRoles"."assigned_by", "userRoles_role"."data" as "role" from "user_roles" "userRoles" left join lateral (select json_build_array("userRoles_role"."id", "userRoles_role"."name", "userRoles_role"."description", "userRoles_role"."created_at") as "data" from (select * from "roles" "userRoles_role" where "userRoles_role"."id" = "userRoles"."role_id" limit $1) "userRoles_role") "userRoles_role" on true where "userRoles"."user_id" = $2 -- params: [1, "bd1fdd95-f1fb-4049-a60d-4b7261095e82"]
Query: select "user_id", "department", "specialization", "profile_picture", "contact_number", "date_of_birth", "gender", "address", "employee_id", "created_at", "updated_at" from "teacher_profiles" "teacherProfiles" where "teacherProfiles"."user_id" = $1 limit $2 -- params: ["bd1fdd95-f1fb-4049-a60d-4b7261095e82", 1]
2026-04-24 04:16:53 [34mdebug[39m [JwtStrategy] [JWT-STRAT] User lookup for bd1fdd95-f1fb-4049-a60d-4b7261095e82: found=true
2026-04-24 04:16:53 [34mdebug[39m [JwtAuthGuard] [AUTH-GUARD] Authorization header present: true
2026-04-24 04:16:53 [34mdebug[39m [JwtStrategy] [JWT-STRAT] Validating token for userId: bd1fdd95-f1fb-4049-a60d-4b7261095e82
Query: select "id", "email", "password", "first_name", "middle_name", "last_name", "account_status", "is_email_verified", "last_login_at", "created_at", "updated_at" from "users" "users" where "users"."id" = $1 limit $2 -- params: ["bd1fdd95-f1fb-4049-a60d-4b7261095e82", 1]
Query: select "user_id", "date_of_birth", "profile_picture", "gender", "phone", "address", "family_name", "family_relationship", "family_contact", "grade_level", "lrn", "created_at", "updated_at" from "student_profiles" "studentProfiles" where "studentProfiles"."user_id" = $1 limit $2 -- params: ["bd1fdd95-f1fb-4049-a60d-4b7261095e82", 1]
Query: select "userRoles"."user_id", "userRoles"."role_id", "userRoles"."assigned_at", "userRoles"."assigned_by", "userRoles_role"."data" as "role" from "user_roles" "userRoles" left join lateral (select json_build_array("userRoles_role"."id", "userRoles_role"."name", "userRoles_role"."description", "userRoles_role"."created_at") as "data" from (select * from "roles" "userRoles_role" where "userRoles_role"."id" = "userRoles"."role_id" limit $1) "userRoles_role") "userRoles_role" on true where "userRoles"."user_id" = $2 -- params: [1, "bd1fdd95-f1fb-4049-a60d-4b7261095e82"]
Query: select "user_id", "department", "specialization", "profile_picture", "contact_number", "date_of_birth", "gender", "address", "employee_id", "created_at", "updated_at" from "teacher_profiles" "teacherProfiles" where "teacherProfiles"."user_id" = $1 limit $2 -- params: ["bd1fdd95-f1fb-4049-a60d-4b7261095e82", 1]
2026-04-24 04:16:53 [34mdebug[39m [JwtStrategy] [JWT-STRAT] User lookup for bd1fdd95-f1fb-4049-a60d-4b7261095e82: found=true
2026-04-24 04:16:53 [34mdebug[39m [RolesGuard] [ROLES] Required: ["teacher","admin"] | User roles: ["teacher"] | Path: /api/ai/teacher/interventions/1b6c590a-b6a2-4fb7-a45a-f1f4cf7231f8/recommend
Query: select "id", "class_id", "student_id", "status" from "intervention_cases" "interventionCases" where "interventionCases"."id" = $1 limit $2 -- params: ["1b6c590a-b6a2-4fb7-a45a-f1f4cf7231f8", 1]
Query: select "id", "teacher_id" from "classes" "classes" where "classes"."id" = $1 limit $2 -- params: ["b154d6f7-ec2e-46b1-b6e3-e790039cb14d", 1]
Query: select "is_at_risk" from "performance_snapshots" "performanceSnapshots" where ("performanceSnapshots"."student_id" = $1 and "performanceSnapshots"."class_id" = $2) limit $3 -- params: ["d54601e8-a0ba-4964-8d75-de8787444c4e", "b154d6f7-ec2e-46b1-b6e3-e790039cb14d", 1]
2026-04-24 04:17:00 [34mdebug[39m [AnnouncementsScheduler] Checking for due scheduled announcements...
Query: select "id", "class_id", "author_id", "title", "content", "is_pinned", "is_visible", "is_core_template_asset", "template_id", "template_source_id", "scheduled_at", "published_at", "archived_at", "created_at", "updated_at" from "announcements" "announcements" where ("announcements"."published_at" is null and "announcements"."archived_at" is null and "announcements"."scheduled_at" <= $1) -- params: ["2026-04-23T20:17:00.013Z"]
Query: insert into "audit_logs" ("id", "actor_id", "action", "target_type", "target_id", "metadata", "created_at") values (default, $1, $2, $3, $4, $5, default) returning "id", "actor_id", "action", "target_type", "target_id", "metadata", "created_at" -- params: ["bd1fdd95-f1fb-4049-a60d-4b7261095e82", "ai.intervention_recommendation.generated", "intervention_case", "1b6c590a-b6a2-4fb7-a45a-f1f4cf7231f8", "{\"noteProvided\":true}"]
