0 verbose cli C:\Program Files\nodejs\node.exe C:\Program Files\nodejs\node_modules\npm\bin\npm-cli.js
1 info using npm@11.5.1
2 info using node@v24.7.0
3 silly config load:file:C:\Program Files\nodejs\node_modules\npm\npmrc
4 silly config load:file:C:\Users\user\Downloads\capstoneui\capstone-nest-backend\next-frontend\.npmrc
5 silly config load:file:C:\Users\user\.npmrc
6 silly config load:file:C:\Users\user\AppData\Roaming\npm\etc\npmrc
7 verbose title npm ci
8 verbose argv "ci" "--cache" ".npm-cache"
9 verbose logfile logs-max:10 dir:C:\Users\user\Downloads\capstoneui\capstone-nest-backend\next-frontend\.npm-cache\_logs\2026-05-12T13_07_08_338Z-
10 verbose logfile C:\Users\user\Downloads\capstoneui\capstone-nest-backend\next-frontend\.npm-cache\_logs\2026-05-12T13_07_08_338Z-debug-0.log
11 silly logfile done cleaning log files
12 silly packumentCache heap:4496293888 maxSize:1124073472 maxEntrySize:562036736
13 silly idealTree buildDeps
14 silly reify moves {}
15 verbose reify failed optional dependency C:\Users\user\Downloads\capstoneui\capstone-nest-backend\next-frontend\node_modules\@tailwindcss\oxide-wasm32-wasi
16 silly reify mark deleted [
16 silly reify   'C:\\Users\\user\\Downloads\\capstoneui\\capstone-nest-backend\\next-frontend\\node_modules\\@tailwindcss\\oxide-wasm32-wasi'
16 silly reify ]
17 verbose reify failed optional dependency C:\Users\user\Downloads\capstoneui\capstone-nest-backend\next-frontend\node_modules\@tailwindcss\oxide-wasm32-wasi\node_modules\@emnapi\core
18 silly reify mark deleted [
18 silly reify   'C:\\Users\\user\\Downloads\\capstoneui\\capstone-nest-backend\\next-frontend\\node_modules\\@tailwindcss\\oxide-wasm32-wasi\\node_modules\\@emnapi\\core'
18 silly reify ]
19 verbose reify failed optional dependency C:\Users\user\Downloads\capstoneui\capstone-nest-backend\next-frontend\node_modules\@tailwindcss\oxide-wasm32-wasi\node_modules\@emnapi\runtime
20 silly reify mark deleted [
20 silly reify   'C:\\Users\\user\\Downloads\\capstoneui\\capstone-nest-backend\\next-frontend\\node_modules\\@tailwindcss\\oxide-wasm32-wasi\\node_modules\\@emnapi\\runtime'
20 silly reify ]
21 verbose reify failed optional dependency C:\Users\user\Downloads\capstoneui\capstone-nest-backend\next-frontend\node_modules\@tailwindcss\oxide-wasm32-wasi\node_modules\@emnapi\wasi-threads
22 silly reify mark deleted [
22 silly reify   'C:\\Users\\user\\Downloads\\capstoneui\\capstone-nest-backend\\next-frontend\\node_modules\\@tailwindcss\\oxide-wasm32-wasi\\node_modules\\@emnapi\\wasi-threads'
22 silly reify ]
23 verbose reify failed optional dependency C:\Users\user\Downloads\capstoneui\capstone-nest-backend\next-frontend\node_modules\@tailwindcss\oxide-wasm32-wasi\node_modules\@napi-rs\wasm-runtime
24 silly reify mark deleted [
24 silly reify   'C:\\Users\\user\\Downloads\\capstoneui\\capstone-nest-backend\\next-frontend\\node_modules\\@tailwindcss\\oxide-wasm32-wasi\\node_modules\\@napi-rs\\wasm-runtime'
24 silly reify ]
25 verbose reify failed optional dependency C:\Users\user\Downloads\capstoneui\capstone-nest-backend\next-frontend\node_modules\@tailwindcss\oxide-wasm32-wasi\node_modules\@tybys\wasm-util
26 silly reify mark deleted [
26 silly reify   'C:\\Users\\user\\Downloads\\capstoneui\\capstone-nest-backend\\next-frontend\\node_modules\\@tailwindcss\\oxide-wasm32-wasi\\node_modules\\@tybys\\wasm-util'
26 silly reify ]
27 verbose reify failed optional dependency C:\Users\user\Downloads\capstoneui\capstone-nest-backend\next-frontend\node_modules\@tailwindcss\oxide-wasm32-wasi\node_modules\tslib
28 silly reify mark deleted [
28 silly reify   'C:\\Users\\user\\Downloads\\capstoneui\\capstone-nest-backend\\next-frontend\\node_modules\\@tailwindcss\\oxide-wasm32-wasi\\node_modules\\tslib'
28 silly reify ]
29 silly audit bulk request {
29 silly audit   '@adobe/css-tools': [ '4.4.4' ],
29 silly audit   '@alloc/quick-lru': [ '5.2.0' ],
29 silly audit   '@asamuzakjp/css-color': [ '3.2.0' ],
29 silly audit   'lru-cache': [ '10.4.3', '5.1.1' ],
29 silly audit   '@babel/code-frame': [ '7.29.0' ],
29 silly audit   '@babel/compat-data': [ '7.29.0' ],
29 silly audit   '@babel/core': [ '7.29.0' ],
29 silly audit   '@babel/generator': [ '7.29.1' ],
29 silly audit   '@babel/helper-compilation-targets': [ '7.28.6' ],
29 silly audit   '@babel/helper-globals': [ '7.28.0' ],
29 silly audit   '@babel/helper-module-imports': [ '7.28.6' ],
29 silly audit   '@babel/helper-module-transforms': [ '7.28.6' ],
29 silly audit   '@babel/helper-plugin-utils': [ '7.28.6' ],
29 silly audit   '@babel/helper-string-parser': [ '7.27.1' ],
29 silly audit   '@babel/helper-validator-identifier': [ '7.28.5' ],
29 silly audit   '@babel/helper-validator-option': [ '7.27.1' ],
29 silly audit   '@babel/helpers': [ '7.28.6' ],
29 silly audit   '@babel/parser': [ '7.29.0' ],
29 silly audit   '@babel/plugin-syntax-async-generators': [ '7.8.4' ],
29 silly audit   '@babel/plugin-syntax-bigint': [ '7.8.3' ],
29 silly audit   '@babel/plugin-syntax-class-properties': [ '7.12.13' ],
29 silly audit   '@babel/plugin-syntax-class-static-block': [ '7.14.5' ],
29 silly audit   '@babel/plugin-syntax-import-attributes': [ '7.28.6' ],
29 silly audit   '@babel/plugin-syntax-import-meta': [ '7.10.4' ],
29 silly audit   '@babel/plugin-syntax-json-strings': [ '7.8.3' ],
29 silly audit   '@babel/plugin-syntax-jsx': [ '7.28.6' ],
29 silly audit   '@babel/plugin-syntax-logical-assignment-operators': [ '7.10.4' ],
29 silly audit   '@babel/plugin-syntax-nullish-coalescing-operator': [ '7.8.3' ],
29 silly audit   '@babel/plugin-syntax-numeric-separator': [ '7.10.4' ],
29 silly audit   '@babel/plugin-syntax-object-rest-spread': [ '7.8.3' ],
29 silly audit   '@babel/plugin-syntax-optional-catch-binding': [ '7.8.3' ],
29 silly audit   '@babel/plugin-syntax-optional-chaining': [ '7.8.3' ],
29 silly audit   '@babel/plugin-syntax-private-property-in-object': [ '7.14.5' ],
29 silly audit   '@babel/plugin-syntax-top-level-await': [ '7.14.5' ],
29 silly audit   '@babel/plugin-syntax-typescript': [ '7.28.6' ],
29 silly audit   '@babel/runtime': [ '7.29.2' ],
29 silly audit   '@babel/template': [ '7.28.6' ],
29 silly audit   '@babel/traverse': [ '7.29.0' ],
29 silly audit   '@babel/types': [ '7.29.0' ],
29 silly audit   '@bcoe/v8-coverage': [ '0.2.3' ],
29 silly audit   '@csstools/color-helpers': [ '5.1.0' ],
29 silly audit   '@csstools/css-calc': [ '2.1.4' ],
29 silly audit   '@csstools/css-color-parser': [ '3.1.0' ],
29 silly audit   '@csstools/css-parser-algorithms': [ '3.0.5' ],
29 silly audit   '@csstools/css-tokenizer': [ '3.0.4' ],
29 silly audit   '@emnapi/core': [ '1.8.1', '1.7.1' ],
29 silly audit   '@emnapi/runtime': [ '1.8.1', '1.7.1' ],
29 silly audit   '@emnapi/wasi-threads': [ '1.1.0' ],
29 silly audit   '@eslint-community/eslint-utils': [ '4.9.1' ],
29 silly audit   'eslint-visitor-keys': [ '3.4.3', '4.2.1' ],
29 silly audit   '@eslint-community/regexpp': [ '4.12.2' ],
29 silly audit   '@eslint/config-array': [ '0.21.1' ],
29 silly audit   '@eslint/config-helpers': [ '0.4.2' ],
29 silly audit   '@eslint/core': [ '0.17.0' ],
29 silly audit   '@eslint/eslintrc': [ '3.3.3' ],
29 silly audit   '@eslint/js': [ '9.39.2' ],
29 silly audit   '@eslint/object-schema': [ '2.1.7' ],
29 silly audit   '@eslint/plugin-kit': [ '0.4.1' ],
29 silly audit   '@fast-csv/format': [ '4.3.5' ],
29 silly audit   '@types/node': [ '14.18.63', '20.19.33' ],
29 silly audit   '@fast-csv/parse': [ '4.3.6' ],
29 silly audit   '@floating-ui/core': [ '1.7.4' ],
29 silly audit   '@floating-ui/dom': [ '1.7.5' ],
29 silly audit   '@floating-ui/react-dom': [ '2.1.7' ],
29 silly audit   '@floating-ui/utils': [ '0.2.10' ],
29 silly audit   '@hookform/resolvers': [ '5.2.2' ],
29 silly audit   '@humanfs/core': [ '0.19.1' ],
29 silly audit   '@humanfs/node': [ '0.16.7' ],
29 silly audit   '@humanwhocodes/module-importer': [ '1.0.1' ],
29 silly audit   '@humanwhocodes/retry': [ '0.4.3' ],
29 silly audit   '@img/colour': [ '1.0.0' ],
29 silly audit   '@img/sharp-darwin-arm64': [ '0.34.5' ],
29 silly audit   '@img/sharp-darwin-x64': [ '0.34.5' ],
29 silly audit   '@img/sharp-libvips-darwin-arm64': [ '1.2.4' ],
29 silly audit   '@img/sharp-libvips-darwin-x64': [ '1.2.4' ],
29 silly audit   '@img/sharp-libvips-linux-arm': [ '1.2.4' ],
29 silly audit   '@img/sharp-libvips-linux-arm64': [ '1.2.4' ],
29 silly audit   '@img/sharp-libvips-linux-ppc64': [ '1.2.4' ],
29 silly audit   '@img/sharp-libvips-linux-riscv64': [ '1.2.4' ],
29 silly audit   '@img/sharp-libvips-linux-s390x': [ '1.2.4' ],
29 silly audit   '@img/sharp-libvips-linux-x64': [ '1.2.4' ],
29 silly audit   '@img/sharp-libvips-linuxmusl-arm64': [ '1.2.4' ],
29 silly audit   '@img/sharp-libvips-linuxmusl-x64': [ '1.2.4' ],
29 silly audit   '@img/sharp-linux-arm': [ '0.34.5' ],
29 silly audit   '@img/sharp-linux-arm64': [ '0.34.5' ],
29 silly audit   '@img/sharp-linux-ppc64': [ '0.34.5' ],
29 silly audit   '@img/sharp-linux-riscv64': [ '0.34.5' ],
29 silly audit   '@img/sharp-linux-s390x': [ '0.34.5' ],
29 silly audit   '@img/sharp-linux-x64': [ '0.34.5' ],
29 silly audit   '@img/sharp-linuxmusl-arm64': [ '0.34.5' ],
29 silly audit   '@img/sharp-linuxmusl-x64': [ '0.34.5' ],
29 silly audit   '@img/sharp-wasm32': [ '0.34.5' ],
29 silly audit   '@img/sharp-win32-arm64': [ '0.34.5' ],
29 silly audit   '@img/sharp-win32-ia32': [ '0.34.5' ],
29 silly audit   '@img/sharp-win32-x64': [ '0.34.5' ],
29 silly audit   '@isaacs/cliui': [ '8.0.2' ],
29 silly audit   '@istanbuljs/load-nyc-config': [ '1.1.0' ],
29 silly audit   argparse: [ '1.0.10', '2.0.1' ],
29 silly audit   'find-up': [ '4.1.0', '5.0.0' ],
29 silly audit   'js-yaml': [ '3.14.2', '4.1.1' ],
29 silly audit   'locate-path': [ '5.0.0', '6.0.0' ],
29 silly audit   'p-limit': [ '2.3.0', '3.1.0' ],
29 silly audit   'p-locate': [ '4.1.0', '5.0.0' ],
29 silly audit   'resolve-from': [ '5.0.0', '4.0.0' ],
29 silly audit   '@istanbuljs/schema': [ '0.1.3' ],
29 silly audit   '@jest/console': [ '30.3.0' ],
29 silly audit   '@jest/core': [ '30.3.0' ],
29 silly audit   'ansi-styles': [ '5.2.0', '4.3.0', '6.2.3' ],
29 silly audit   'jest-config': [ '30.3.0' ],
29 silly audit   'pretty-format': [ '30.3.0', '27.5.1' ],
29 silly audit   'react-is': [ '18.3.1', '17.0.2', '16.13.1' ],
29 silly audit   '@jest/diff-sequences': [ '30.3.0' ],
29 silly audit   '@jest/environment': [ '30.3.0' ],
29 silly audit   '@jest/environment-jsdom-abstract': [ '30.3.0' ],
29 silly audit   '@jest/expect': [ '30.3.0' ],
29 silly audit   '@jest/expect-utils': [ '30.3.0' ],
29 silly audit   '@jest/fake-timers': [ '30.3.0' ],
29 silly audit   '@jest/get-type': [ '30.1.0' ],
29 silly audit   '@jest/globals': [ '30.3.0' ],
29 silly audit   '@jest/pattern': [ '30.0.1' ],
29 silly audit   '@jest/reporters': [ '30.3.0' ],
29 silly audit   '@jest/schemas': [ '30.0.5' ],
29 silly audit   '@jest/snapshot-utils': [ '30.3.0' ],
29 silly audit   '@jest/source-map': [ '30.0.1' ],
29 silly audit   '@jest/test-result': [ '30.3.0' ],
29 silly audit   '@jest/test-sequencer': [ '30.3.0' ],
29 silly audit   '@jest/transform': [ '30.3.0' ],
29 silly audit   '@jest/types': [ '30.3.0' ],
29 silly audit   '@jridgewell/gen-mapping': [ '0.3.13' ],
29 silly audit   '@jridgewell/remapping': [ '2.3.5' ],
29 silly audit   '@jridgewell/resolve-uri': [ '3.1.2' ],
29 silly audit   '@jridgewell/sourcemap-codec': [ '1.5.5' ],
29 silly audit   '@jridgewell/trace-mapping': [ '0.3.31' ],
29 silly audit   '@napi-rs/wasm-runtime': [ '0.2.12', '1.1.0' ],
29 silly audit   '@next/env': [ '16.2.4' ],
29 silly audit   '@next/eslint-plugin-next': [ '16.2.4' ],
29 silly audit   '@next/swc-darwin-arm64': [ '16.2.4' ],
29 silly audit   '@next/swc-darwin-x64': [ '16.2.4' ],
29 silly audit   '@next/swc-linux-arm64-gnu': [ '16.2.4' ],
29 silly audit   '@next/swc-linux-arm64-musl': [ '16.2.4' ],
29 silly audit   '@next/swc-linux-x64-gnu': [ '16.2.4' ],
29 silly audit   '@next/swc-linux-x64-musl': [ '16.2.4' ],
29 silly audit   '@next/swc-win32-arm64-msvc': [ '16.2.4' ],
29 silly audit   '@next/swc-win32-x64-msvc': [ '16.2.4' ],
29 silly audit   '@noble/ciphers': [ '1.3.0' ],
29 silly audit   '@noble/hashes': [ '1.8.0' ],
29 silly audit   '@nodelib/fs.scandir': [ '2.1.5' ],
29 silly audit   '@nodelib/fs.stat': [ '2.0.5' ],
29 silly audit   '@nodelib/fs.walk': [ '1.2.8' ],
29 silly audit   '@nolyfill/is-core-module': [ '1.0.39' ],
29 silly audit   '@pkgjs/parseargs': [ '0.11.0' ],
29 silly audit   '@pkgr/core': [ '0.2.9' ],
29 silly audit   '@playwright/test': [ '1.58.2' ],
29 silly audit   '@radix-ui/number': [ '1.1.1' ],
29 silly audit   '@radix-ui/primitive': [ '1.1.3' ],
29 silly audit   '@radix-ui/react-arrow': [ '1.1.7' ],
29 silly audit   '@radix-ui/react-primitive': [ '2.1.3', '2.1.4' ],
29 silly audit   '@radix-ui/react-slot': [ '1.2.3', '1.2.4' ],
29 silly audit   '@radix-ui/react-avatar': [ '1.1.11' ],
29 silly audit   '@radix-ui/react-collection': [ '1.1.7' ],
29 silly audit   '@radix-ui/react-context': [ '1.1.2', '1.1.3' ],
29 silly audit   '@radix-ui/react-compose-refs': [ '1.1.2' ],
29 silly audit   '@radix-ui/react-dialog': [ '1.1.15' ],
29 silly audit   '@radix-ui/react-direction': [ '1.1.1' ],
29 silly audit   '@radix-ui/react-dismissable-layer': [ '1.1.11' ],
29 silly audit   '@radix-ui/react-dropdown-menu': [ '2.1.16' ],
29 silly audit   '@radix-ui/react-focus-guards': [ '1.1.3' ],
29 silly audit   '@radix-ui/react-focus-scope': [ '1.1.7' ],
29 silly audit   '@radix-ui/react-id': [ '1.1.1' ],
29 silly audit   '@radix-ui/react-label': [ '2.1.8' ],
29 silly audit   '@radix-ui/react-menu': [ '2.1.16' ],
29 silly audit   '@radix-ui/react-navigation-menu': [ '1.2.14' ],
29 silly audit   '@radix-ui/react-popover': [ '1.1.15' ],
29 silly audit   '@radix-ui/react-popper': [ '1.2.8' ],
29 silly audit   '@radix-ui/react-portal': [ '1.1.9' ],
29 silly audit   '@radix-ui/react-presence': [ '1.1.5' ],
29 silly audit   '@radix-ui/react-progress': [ '1.1.8' ],
29 silly audit   '@radix-ui/react-roving-focus': [ '1.1.11' ],
29 silly audit   '@radix-ui/react-select': [ '2.2.6' ],
29 silly audit   '@radix-ui/react-separator': [ '1.1.8' ],
29 silly audit   '@radix-ui/react-tabs': [ '1.1.13' ],
29 silly audit   '@radix-ui/react-tooltip': [ '1.2.8' ],
29 silly audit   '@radix-ui/react-use-callback-ref': [ '1.1.1' ],
29 silly audit   '@radix-ui/react-use-controllable-state': [ '1.2.2' ],
29 silly audit   '@radix-ui/react-use-effect-event': [ '0.0.2' ],
29 silly audit   '@radix-ui/react-use-escape-keydown': [ '1.1.1' ],
29 silly audit   '@radix-ui/react-use-is-hydrated': [ '0.1.0' ],
29 silly audit   '@radix-ui/react-use-layout-effect': [ '1.1.1' ],
29 silly audit   '@radix-ui/react-use-previous': [ '1.1.1' ],
29 silly audit   '@radix-ui/react-use-rect': [ '1.1.1' ],
29 silly audit   '@radix-ui/react-use-size': [ '1.1.1' ],
29 silly audit   '@radix-ui/react-visually-hidden': [ '1.2.3' ],
29 silly audit   '@radix-ui/rect': [ '1.1.1' ],
29 silly audit   '@react-pdf/fns': [ '3.1.3' ],
29 silly audit   '@react-pdf/font': [ '4.0.8' ],
29 silly audit   '@react-pdf/image': [ '3.1.0' ],
29 silly audit   '@react-pdf/layout': [ '4.6.1' ],
29 silly audit   '@react-pdf/pdfkit': [ '5.1.1' ],
29 silly audit   '@react-pdf/primitives': [ '4.3.0' ],
29 silly audit   '@react-pdf/reconciler': [ '2.0.0' ],
29 silly audit   scheduler: [ '0.25.0-rc-603e6108-20241029', '0.27.0' ],
29 silly audit   '@react-pdf/render': [ '4.5.1' ],
29 silly audit   '@react-pdf/renderer': [ '4.5.1' ],
29 silly audit   '@react-pdf/stylesheet': [ '6.2.1' ],
29 silly audit   '@react-pdf/svg': [ '1.1.0' ],
29 silly audit   '@react-pdf/textkit': [ '6.3.0' ],
29 silly audit   '@react-pdf/types': [ '2.11.1' ],
29 silly audit   '@remirror/core-constants': [ '3.0.0' ],
29 silly audit   '@rtsao/scc': [ '1.1.0' ],
29 silly audit   '@sinclair/typebox': [ '0.34.48' ],
29 silly audit   '@sinonjs/commons': [ '3.0.1' ],
29 silly audit   '@sinonjs/fake-timers': [ '15.1.1' ],
29 silly audit   '@socket.io/component-emitter': [ '3.1.2' ],
29 silly audit   '@standard-schema/utils': [ '0.3.0' ],
29 silly audit   '@swc/helpers': [ '0.5.15' ],
29 silly audit   '@tailwindcss/node': [ '4.1.18' ],
29 silly audit   '@tailwindcss/oxide': [ '4.1.18' ],
29 silly audit   '@tailwindcss/oxide-android-arm64': [ '4.1.18' ],
29 silly audit   '@tailwindcss/oxide-darwin-arm64': [ '4.1.18' ],
29 silly audit   '@tailwindcss/oxide-darwin-x64': [ '4.1.18' ],
29 silly audit   '@tailwindcss/oxide-freebsd-x64': [ '4.1.18' ],
29 silly audit   '@tailwindcss/oxide-linux-arm-gnueabihf': [ '4.1.18' ],
29 silly audit   '@tailwindcss/oxide-linux-arm64-gnu': [ '4.1.18' ],
29 silly audit   '@tailwindcss/oxide-linux-arm64-musl': [ '4.1.18' ],
29 silly audit   '@tailwindcss/oxide-linux-x64-gnu': [ '4.1.18' ],
29 silly audit   '@tailwindcss/oxide-linux-x64-musl': [ '4.1.18' ],
29 silly audit   '@tybys/wasm-util': [ '0.10.1' ],
29 silly audit   tslib: [ '2.8.1' ],
29 silly audit   '@tailwindcss/oxide-win32-arm64-msvc': [ '4.1.18' ],
29 silly audit   '@tailwindcss/oxide-win32-x64-msvc': [ '4.1.18' ],
29 silly audit   '@tailwindcss/postcss': [ '4.1.18' ],
29 silly audit   '@testing-library/dom': [ '10.4.1' ],
29 silly audit   'aria-query': [ '5.3.0', '5.3.2' ],
29 silly audit   '@testing-library/jest-dom': [ '6.9.1' ],
29 silly audit   'dom-accessibility-api': [ '0.6.3', '0.5.16' ],
29 silly audit   '@testing-library/react': [ '16.3.2' ],
29 silly audit   '@tiptap/core': [ '3.21.0' ],
29 silly audit   '@tiptap/extension-blockquote': [ '3.21.0' ],
29 silly audit   '@tiptap/extension-bold': [ '3.21.0' ],
29 silly audit   '@tiptap/extension-bubble-menu': [ '3.21.0' ],
29 silly audit   '@tiptap/extension-bullet-list': [ '3.21.0' ],
29 silly audit   '@tiptap/extension-code': [ '3.21.0' ],
29 silly audit   '@tiptap/extension-code-block': [ '3.21.0' ],
29 silly audit   '@tiptap/extension-document': [ '3.21.0' ],
29 silly audit   '@tiptap/extension-dropcursor': [ '3.21.0' ],
29 silly audit   '@tiptap/extension-floating-menu': [ '3.21.0' ],
29 silly audit   '@tiptap/extension-gapcursor': [ '3.21.0' ],
29 silly audit   '@tiptap/extension-hard-break': [ '3.21.0' ],
29 silly audit   '@tiptap/extension-heading': [ '3.21.0' ],
29 silly audit   '@tiptap/extension-horizontal-rule': [ '3.21.0' ],
29 silly audit   '@tiptap/extension-italic': [ '3.21.0' ],
29 silly audit   '@tiptap/extension-link': [ '3.21.0' ],
29 silly audit   '@tiptap/extension-list': [ '3.21.0' ],
29 silly audit   '@tiptap/extension-list-item': [ '3.21.0' ],
29 silly audit   '@tiptap/extension-list-keymap': [ '3.21.0' ],
29 silly audit   '@tiptap/extension-ordered-list': [ '3.21.0' ],
29 silly audit   '@tiptap/extension-paragraph': [ '3.21.0' ],
29 silly audit   '@tiptap/extension-placeholder': [ '3.21.0' ],
29 silly audit   '@tiptap/extension-strike': [ '3.21.0' ],
29 silly audit   '@tiptap/extension-text': [ '3.21.0' ],
29 silly audit   '@tiptap/extension-underline': [ '3.21.0' ],
29 silly audit   '@tiptap/extensions': [ '3.21.0' ],
29 silly audit   '@tiptap/pm': [ '3.21.0' ],
29 silly audit   '@tiptap/react': [ '3.21.0' ],
29 silly audit   '@tiptap/starter-kit': [ '3.21.0' ],
29 silly audit   '@types/aria-query': [ '5.0.4' ],
29 silly audit   '@types/babel__core': [ '7.20.5' ],
29 silly audit   '@types/babel__generator': [ '7.27.0' ],
29 silly audit   '@types/babel__template': [ '7.4.4' ],
29 silly audit   '@types/babel__traverse': [ '7.28.0' ],
29 silly audit   '@types/estree': [ '1.0.8' ],
29 silly audit   '@types/istanbul-lib-coverage': [ '2.0.6' ],
29 silly audit   '@types/istanbul-lib-report': [ '3.0.3' ],
29 silly audit   '@types/istanbul-reports': [ '3.0.4' ],
29 silly audit   '@types/jest': [ '30.0.0' ],
29 silly audit   '@types/jsdom': [ '21.1.7' ],
29 silly audit   '@types/json-schema': [ '7.0.15' ],
29 silly audit   '@types/json5': [ '0.0.29' ],
29 silly audit   '@types/linkify-it': [ '5.0.0' ],
29 silly audit   '@types/markdown-it': [ '14.1.2' ],
29 silly audit   '@types/mdurl': [ '2.0.0' ],
29 silly audit   '@types/react': [ '19.2.14' ],
29 silly audit   '@types/react-dom': [ '19.2.3' ],
29 silly audit   '@types/stack-utils': [ '2.0.3' ],
29 silly audit   '@types/tough-cookie': [ '4.0.5' ],
29 silly audit   '@types/trusted-types': [ '2.0.7' ],
29 silly audit   '@types/use-sync-external-store': [ '0.0.6' ],
29 silly audit   '@types/yargs': [ '17.0.35' ],
29 silly audit   '@types/yargs-parser': [ '21.0.3' ],
29 silly audit   '@typescript-eslint/eslint-plugin': [ '8.55.0' ],
29 silly audit   ignore: [ '7.0.5', '5.3.2' ],
29 silly audit   '@typescript-eslint/parser': [ '8.55.0' ],
29 silly audit   '@typescript-eslint/project-service': [ '8.55.0' ],
29 silly audit   '@typescript-eslint/scope-manager': [ '8.55.0' ],
29 silly audit   '@typescript-eslint/tsconfig-utils': [ '8.55.0' ],
29 silly audit   '@typescript-eslint/type-utils': [ '8.55.0' ],
29 silly audit   '@typescript-eslint/types': [ '8.55.0' ],
29 silly audit   '@typescript-eslint/typescript-estree': [ '8.55.0' ],
29 silly audit   'brace-expansion': [ '2.0.2', '1.1.14', '2.1.0' ],
29 silly audit   minimatch: [ '9.0.5', '9.0.9', '3.1.5', '5.1.9' ],
29 silly audit   semver: [ '7.7.4', '6.3.1' ],
29 silly audit   '@typescript-eslint/utils': [ '8.55.0' ],
29 silly audit   '@typescript-eslint/visitor-keys': [ '8.55.0' ],
29 silly audit   '@ungap/structured-clone': [ '1.3.0' ],
29 silly audit   '@unrs/resolver-binding-android-arm-eabi': [ '1.11.1' ],
29 silly audit   '@unrs/resolver-binding-android-arm64': [ '1.11.1' ],
29 silly audit   '@unrs/resolver-binding-darwin-arm64': [ '1.11.1' ],
29 silly audit   '@unrs/resolver-binding-darwin-x64': [ '1.11.1' ],
29 silly audit   '@unrs/resolver-binding-freebsd-x64': [ '1.11.1' ],
29 silly audit   '@unrs/resolver-binding-linux-arm-gnueabihf': [ '1.11.1' ],
29 silly audit   '@unrs/resolver-binding-linux-arm-musleabihf': [ '1.11.1' ],
29 silly audit   '@unrs/resolver-binding-linux-arm64-gnu': [ '1.11.1' ],
29 silly audit   '@unrs/resolver-binding-linux-arm64-musl': [ '1.11.1' ],
29 silly audit   '@unrs/resolver-binding-linux-ppc64-gnu': [ '1.11.1' ],
29 silly audit   '@unrs/resolver-binding-linux-riscv64-gnu': [ '1.11.1' ],
29 silly audit   '@unrs/resolver-binding-linux-riscv64-musl': [ '1.11.1' ],
29 silly audit   '@unrs/resolver-binding-linux-s390x-gnu': [ '1.11.1' ],
29 silly audit   '@unrs/resolver-binding-linux-x64-gnu': [ '1.11.1' ],
29 silly audit   '@unrs/resolver-binding-linux-x64-musl': [ '1.11.1' ],
29 silly audit   '@unrs/resolver-binding-wasm32-wasi': [ '1.11.1' ],
29 silly audit   '@unrs/resolver-binding-win32-arm64-msvc': [ '1.11.1' ],
29 silly audit   '@unrs/resolver-binding-win32-ia32-msvc': [ '1.11.1' ],
29 silly audit   '@unrs/resolver-binding-win32-x64-msvc': [ '1.11.1' ],
29 silly audit   'abs-svg-path': [ '0.1.1' ],
29 silly audit   acorn: [ '8.15.0' ],
29 silly audit   'acorn-jsx': [ '5.3.2' ],
29 silly audit   'agent-base': [ '7.1.4' ],
29 silly audit   ajv: [ '6.12.6' ],
29 silly audit   'ansi-escapes': [ '4.3.2' ],
29 silly audit   'ansi-regex': [ '5.0.1', '6.2.2' ],
29 silly audit   anymatch: [ '3.1.3' ],
29 silly audit   archiver: [ '5.3.2' ],
29 silly audit   'archiver-utils': [ '2.1.0', '3.0.4' ],
29 silly audit   glob: [ '7.2.3', '10.5.0' ],
29 silly audit   isarray: [ '1.0.0', '2.0.5' ],
29 silly audit   'readable-stream': [ '2.3.8', '3.6.2' ],
29 silly audit   'safe-buffer': [ '5.1.2', '5.2.1' ],
29 silly audit   string_decoder: [ '1.1.1', '1.3.0' ],
29 silly audit   'aria-hidden': [ '1.2.6' ],
29 silly audit   'array-buffer-byte-length': [ '1.0.2' ],
29 silly audit   'array-includes': [ '3.1.9' ],
29 silly audit   'array.prototype.findlast': [ '1.2.5' ],
29 silly audit   'array.prototype.findlastindex': [ '1.2.6' ],
29 silly audit   'array.prototype.flat': [ '1.3.3' ],
29 silly audit   'array.prototype.flatmap': [ '1.3.3' ],
29 silly audit   'array.prototype.tosorted': [ '1.1.4' ],
29 silly audit   'arraybuffer.prototype.slice': [ '1.0.4' ],
29 silly audit   'ast-types-flow': [ '0.0.8' ],
29 silly audit   async: [ '3.2.6' ],
29 silly audit   'async-function': [ '1.0.0' ],
29 silly audit   asynckit: [ '0.4.0' ],
29 silly audit   'available-typed-arrays': [ '1.0.7' ],
29 silly audit   'axe-core': [ '4.11.1' ],
29 silly audit   axios: [ '1.15.2' ],
29 silly audit   'axobject-query': [ '4.1.0' ],
29 silly audit   'babel-jest': [ '30.3.0' ],
29 silly audit   'babel-plugin-istanbul': [ '7.0.1' ],
29 silly audit   'babel-plugin-jest-hoist': [ '30.3.0' ],
29 silly audit   'babel-preset-current-node-syntax': [ '1.2.0' ],
29 silly audit   'babel-preset-jest': [ '30.3.0' ],
29 silly audit   'balanced-match': [ '1.0.2' ],
29 silly audit   'base64-js': [ '1.5.1', '0.0.8' ],
29 silly audit   'baseline-browser-mapping': [ '2.9.19' ],
29 silly audit   'bidi-js': [ '1.0.3' ],
29 silly audit   'big-integer': [ '1.6.52' ],
29 silly audit   binary: [ '0.3.0' ],
29 silly audit   bl: [ '4.1.0' ],
29 silly audit   bluebird: [ '3.4.7' ],
29 silly audit   braces: [ '3.0.3' ],
29 silly audit   brotli: [ '1.3.3' ],
29 silly audit   'browserify-zlib': [ '0.2.0' ],
29 silly audit   browserslist: [ '4.28.1' ],
29 silly audit   bser: [ '2.1.1' ],
29 silly audit   buffer: [ '5.7.1' ],
29 silly audit   'buffer-crc32': [ '0.2.13' ],
29 silly audit   'buffer-from': [ '1.1.2' ],
29 silly audit   'buffer-indexof-polyfill': [ '1.0.2' ],
29 silly audit   buffers: [ '0.1.1' ],
29 silly audit   'call-bind': [ '1.0.8' ],
29 silly audit   'call-bind-apply-helpers': [ '1.0.2' ],
29 silly audit   'call-bound': [ '1.0.4' ],
29 silly audit   callsites: [ '3.1.0' ],
29 silly audit   camelcase: [ '5.3.1', '6.3.0' ],
29 silly audit   'caniuse-lite': [ '1.0.30001769' ],
29 silly audit   chainsaw: [ '0.1.0' ],
29 silly audit   chalk: [ '4.1.2' ],
29 silly audit   'char-regex': [ '1.0.2' ],
29 silly audit   'ci-info': [ '4.4.0' ],
29 silly audit   'cjs-module-lexer': [ '2.2.0' ],
29 silly audit   'class-variance-authority': [ '0.7.1' ],
29 silly audit   'client-only': [ '0.0.1' ],
29 silly audit   cliui: [ '8.0.1' ],
29 silly audit   'emoji-regex': [ '8.0.0', '9.2.2' ],
29 silly audit   'string-width': [ '4.2.3', '5.1.2' ],
29 silly audit   'strip-ansi': [ '6.0.1', '7.2.0' ],
29 silly audit   'wrap-ansi': [ '7.0.0', '8.1.0' ],
29 silly audit   clone: [ '2.1.2' ],
29 silly audit   clsx: [ '2.1.1' ],
29 silly audit   co: [ '4.6.0' ],
29 silly audit   'collect-v8-coverage': [ '1.0.3' ],
29 silly audit   'color-convert': [ '2.0.1' ],
29 silly audit   'color-name': [ '1.1.4', '2.1.0' ],
29 silly audit   'color-string': [ '2.1.4' ],
29 silly audit   'combined-stream': [ '1.0.8' ],
29 silly audit   'compress-commons': [ '4.1.2' ],
29 silly audit   'concat-map': [ '0.0.1' ],
29 silly audit   'convert-source-map': [ '2.0.0' ],
29 silly audit   'core-util-is': [ '1.0.3' ],
29 silly audit   'crc-32': [ '1.2.2' ],
29 silly audit   'crc32-stream': [ '4.0.3' ],
29 silly audit   crelt: [ '1.0.6' ],
29 silly audit   'cross-spawn': [ '7.0.6' ],
29 silly audit   'css.escape': [ '1.5.1' ],
29 silly audit   cssstyle: [ '4.6.0' ],
29 silly audit   csstype: [ '3.2.3' ],
29 silly audit   'damerau-levenshtein': [ '1.0.8' ],
29 silly audit   'data-urls': [ '5.0.0' ],
29 silly audit   'data-view-buffer': [ '1.0.2' ],
29 silly audit   'data-view-byte-length': [ '1.0.2' ],
29 silly audit   'data-view-byte-offset': [ '1.0.1' ],
29 silly audit   dayjs: [ '1.11.20' ],
29 silly audit   debug: [ '4.4.3', '3.2.7' ],
29 silly audit   'decimal.js': [ '10.6.0' ],
29 silly audit   dedent: [ '1.7.2' ],
29 silly audit   'deep-is': [ '0.1.4' ],
29 silly audit   deepmerge: [ '4.3.1' ],
29 silly audit   'define-data-property': [ '1.1.4' ],
29 silly audit   'define-properties': [ '1.2.1' ],
29 silly audit   'delayed-stream': [ '1.0.0' ],
29 silly audit   dequal: [ '2.0.3' ],
29 silly audit   'detect-libc': [ '2.1.2' ],
29 silly audit   'detect-newline': [ '3.1.0' ],
29 silly audit   'detect-node-es': [ '1.1.0' ],
29 silly audit   dfa: [ '1.2.0' ],
29 silly audit   doctrine: [ '2.1.0' ],
29 silly audit   dompurify: [ '3.4.1' ],
29 silly audit   'dunder-proto': [ '1.0.1' ],
29 silly audit   duplexer2: [ '0.1.4' ],
29 silly audit   eastasianwidth: [ '0.2.0' ],
29 silly audit   'electron-to-chromium': [ '1.5.286' ],
29 silly audit   emittery: [ '0.13.1' ],
29 silly audit   'emoji-regex-xs': [ '1.0.0' ],
29 silly audit   'end-of-stream': [ '1.4.5' ],
29 silly audit   'engine.io-client': [ '6.6.4' ],
29 silly audit   'engine.io-parser': [ '5.2.3' ],
29 silly audit   'enhanced-resolve': [ '5.19.0' ],
29 silly audit   entities: [ '6.0.1', '4.5.0' ],
29 silly audit   'error-ex': [ '1.3.4' ],
29 silly audit   'es-abstract': [ '1.24.1' ],
29 silly audit   'es-define-property': [ '1.0.1' ],
29 silly audit   'es-errors': [ '1.3.0' ],
29 silly audit   'es-iterator-helpers': [ '1.2.2' ],
29 silly audit   'es-object-atoms': [ '1.1.1' ],
29 silly audit   'es-set-tostringtag': [ '2.1.0' ],
29 silly audit   'es-shim-unscopables': [ '1.1.0' ],
29 silly audit   'es-to-primitive': [ '1.3.0' ],
29 silly audit   escalade: [ '3.2.0' ],
29 silly audit   'escape-string-regexp': [ '4.0.0', '2.0.0' ],
29 silly audit   eslint: [ '9.39.2' ],
29 silly audit   'eslint-config-next': [ '16.2.4' ],
29 silly audit   globals: [ '16.4.0', '14.0.0' ],
29 silly audit   'eslint-import-resolver-node': [ '0.3.9' ],
29 silly audit   'eslint-import-resolver-typescript': [ '3.10.1' ],
29 silly audit   'eslint-module-utils': [ '2.12.1' ],
29 silly audit   'eslint-plugin-import': [ '2.32.0' ],
29 silly audit   'eslint-plugin-jsx-a11y': [ '6.10.2' ],
29 silly audit   'eslint-plugin-react': [ '7.37.5' ],
29 silly audit   'eslint-plugin-react-hooks': [ '7.0.1' ],
29 silly audit   resolve: [ '2.0.0-next.5', '1.22.11' ],
29 silly audit   'eslint-scope': [ '8.4.0' ],
29 silly audit   espree: [ '10.4.0' ],
29 silly audit   esprima: [ '4.0.1' ],
29 silly audit   esquery: [ '1.7.0' ],
29 silly audit   esrecurse: [ '4.3.0' ],
29 silly audit   estraverse: [ '5.3.0' ],
29 silly audit   esutils: [ '2.0.3' ],
29 silly audit   events: [ '3.3.0' ],
29 silly audit   exceljs: [ '4.4.0' ],
29 silly audit   saxes: [ '5.0.1', '6.0.0' ],
29 silly audit   execa: [ '5.1.1' ],
29 silly audit   'signal-exit': [ '3.0.7', '4.1.0' ],
29 silly audit   'exit-x': [ '0.2.2' ],
29 silly audit   expect: [ '30.3.0' ],
29 silly audit   'fast-csv': [ '4.3.6' ],
29 silly audit   'fast-deep-equal': [ '3.1.3' ],
29 silly audit   'fast-equals': [ '5.4.0' ],
29 silly audit   'fast-glob': [ '3.3.1' ],
29 silly audit   'glob-parent': [ '5.1.2', '6.0.2' ],
29 silly audit   'fast-json-stable-stringify': [ '2.1.0' ],
29 silly audit   'fast-levenshtein': [ '2.0.6' ],
29 silly audit   fastq: [ '1.20.1' ],
29 silly audit   'fb-watchman': [ '2.0.2' ],
29 silly audit   fflate: [ '0.8.2' ],
29 silly audit   'file-entry-cache': [ '8.0.0' ],
29 silly audit   'fill-range': [ '7.1.1' ],
29 silly audit   'flat-cache': [ '4.0.1' ],
29 silly audit   flatted: [ '3.3.3' ],
29 silly audit   'follow-redirects': [ '1.16.0' ],
29 silly audit   fontkit: [ '2.0.4' ],
29 silly audit   'for-each': [ '0.3.5' ],
29 silly audit   'foreground-child': [ '3.3.1' ],
29 silly audit   'form-data': [ '4.0.5' ],
29 silly audit   'framer-motion': [ '12.34.0' ],
29 silly audit   'fs-constants': [ '1.0.0' ],
29 silly audit   'fs.realpath': [ '1.0.0' ],
29 silly audit   fsevents: [ '2.3.2', '2.3.3' ],
29 silly audit   fstream: [ '1.0.12' ],
29 silly audit   'function-bind': [ '1.1.2' ],
29 silly audit   'function.prototype.name': [ '1.1.8' ],
29 silly audit   'functions-have-names': [ '1.2.3' ],
29 silly audit   'generator-function': [ '2.0.1' ],
29 silly audit   gensync: [ '1.0.0-beta.2' ],
29 silly audit   'get-caller-file': [ '2.0.5' ],
29 silly audit   'get-intrinsic': [ '1.3.0' ],
29 silly audit   'get-nonce': [ '1.0.1' ],
29 silly audit   'get-package-type': [ '0.1.0' ],
29 silly audit   'get-proto': [ '1.0.1' ],
29 silly audit   'get-stream': [ '6.0.1' ],
29 silly audit   'get-symbol-description': [ '1.1.0' ],
29 silly audit   'get-tsconfig': [ '4.13.6' ],
29 silly audit   globalthis: [ '1.0.4' ],
29 silly audit   gopd: [ '1.2.0' ],
29 silly audit   'graceful-fs': [ '4.2.11' ],
29 silly audit   'has-bigints': [ '1.1.0' ],
29 silly audit   'has-flag': [ '4.0.0' ],
29 silly audit   'has-property-descriptors': [ '1.0.2' ],
29 silly audit   'has-proto': [ '1.2.0' ],
29 silly audit   'has-symbols': [ '1.1.0' ],
29 silly audit   'has-tostringtag': [ '1.0.2' ],
29 silly audit   hasown: [ '2.0.2' ],
29 silly audit   'hermes-estree': [ '0.25.1' ],
29 silly audit   'hermes-parser': [ '0.25.1' ],
29 silly audit   'hsl-to-hex': [ '1.0.0' ],
29 silly audit   'hsl-to-rgb-for-reals': [ '1.1.1' ],
29 silly audit   'html-encoding-sniffer': [ '4.0.0' ],
29 silly audit   'html-escaper': [ '2.0.2' ],
29 silly audit   'http-proxy-agent': [ '7.0.2' ],
29 silly audit   'https-proxy-agent': [ '7.0.6' ],
29 silly audit   'human-signals': [ '2.1.0' ],
29 silly audit   hyphen: [ '1.14.1' ],
29 silly audit   'iconv-lite': [ '0.6.3' ],
29 silly audit   ieee754: [ '1.2.1' ],
29 silly audit   immediate: [ '3.0.6' ],
29 silly audit   'import-fresh': [ '3.3.1' ],
29 silly audit   'import-local': [ '3.2.0' ],
29 silly audit   imurmurhash: [ '0.1.4' ],
29 silly audit   'indent-string': [ '4.0.0' ],
29 silly audit   inflight: [ '1.0.6' ],
29 silly audit   inherits: [ '2.0.4' ],
29 silly audit   'input-otp': [ '1.4.2' ],
29 silly audit   'internal-slot': [ '1.1.0' ],
29 silly audit   'is-array-buffer': [ '3.0.5' ],
29 silly audit   'is-arrayish': [ '0.2.1' ],
29 silly audit   'is-async-function': [ '2.1.1' ],
29 silly audit   'is-bigint': [ '1.1.0' ],
29 silly audit   'is-boolean-object': [ '1.2.2' ],
29 silly audit   'is-bun-module': [ '2.0.0' ],
29 silly audit   'is-callable': [ '1.2.7' ],
29 silly audit   'is-core-module': [ '2.16.1' ],
29 silly audit   'is-data-view': [ '1.0.2' ],
29 silly audit   'is-date-object': [ '1.1.0' ],
29 silly audit   'is-extglob': [ '2.1.1' ],
29 silly audit   'is-finalizationregistry': [ '1.1.1' ],
29 silly audit   'is-fullwidth-code-point': [ '3.0.0' ],
29 silly audit   'is-generator-fn': [ '2.1.0' ],
29 silly audit   'is-generator-function': [ '1.1.2' ],
29 silly audit   'is-glob': [ '4.0.3' ],
29 silly audit   'is-map': [ '2.0.3' ],
29 silly audit   'is-negative-zero': [ '2.0.3' ],
29 silly audit   'is-number': [ '7.0.0' ],
29 silly audit   'is-number-object': [ '1.1.1' ],
29 silly audit   'is-potential-custom-element-name': [ '1.0.1' ],
29 silly audit   'is-regex': [ '1.2.1' ],
29 silly audit   'is-set': [ '2.0.3' ],
29 silly audit   'is-shared-array-buffer': [ '1.0.4' ],
29 silly audit   'is-stream': [ '2.0.1' ],
29 silly audit   'is-string': [ '1.1.1' ],
29 silly audit   'is-symbol': [ '1.1.1' ],
29 silly audit   'is-typed-array': [ '1.1.15' ],
29 silly audit   'is-url': [ '1.2.4' ],
29 silly audit   'is-weakmap': [ '2.0.2' ],
29 silly audit   'is-weakref': [ '1.1.1' ],
29 silly audit   'is-weakset': [ '2.0.4' ],
29 silly audit   isexe: [ '2.0.0' ],
29 silly audit   'istanbul-lib-coverage': [ '3.2.2' ],
29 silly audit   'istanbul-lib-instrument': [ '6.0.3' ],
29 silly audit   'istanbul-lib-report': [ '3.0.1' ],
29 silly audit   'istanbul-lib-source-maps': [ '5.0.6' ],
29 silly audit   'istanbul-reports': [ '3.2.0' ],
29 silly audit   'iterator.prototype': [ '1.1.5' ],
29 silly audit   jackspeak: [ '3.4.3' ],
29 silly audit   'jay-peg': [ '1.1.1' ],
29 silly audit   jest: [ '30.3.0' ],
29 silly audit   'jest-changed-files': [ '30.3.0' ],
29 silly audit   'jest-circus': [ '30.3.0' ],
29 silly audit   'jest-cli': [ '30.3.0' ],
29 silly audit   'jest-diff': [ '30.3.0' ],
29 silly audit   'jest-docblock': [ '30.2.0' ],
29 silly audit   'jest-each': [ '30.3.0' ],
29 silly audit   'jest-environment-jsdom': [ '30.3.0' ],
29 silly audit   'jest-environment-node': [ '30.3.0' ],
29 silly audit   'jest-haste-map': [ '30.3.0' ],
29 silly audit   picomatch: [ '4.0.3', '2.3.1' ],
29 silly audit   'jest-leak-detector': [ '30.3.0' ],
29 silly audit   'jest-matcher-utils': [ '30.3.0' ],
29 silly audit   'jest-message-util': [ '30.3.0' ],
29 silly audit   'jest-mock': [ '30.3.0' ],
29 silly audit   'jest-pnp-resolver': [ '1.2.3' ],
29 silly audit   'jest-regex-util': [ '30.0.1' ],
29 silly audit   'jest-resolve': [ '30.3.0' ],
29 silly audit   'jest-resolve-dependencies': [ '30.3.0' ],
29 silly audit   'jest-runner': [ '30.3.0' ],
29 silly audit   'jest-runtime': [ '30.3.0' ],
29 silly audit   'strip-bom': [ '4.0.0', '3.0.0' ],
29 silly audit   'jest-snapshot': [ '30.3.0' ],
29 silly audit   'jest-util': [ '30.3.0' ],
29 silly audit   'jest-validate': [ '30.3.0' ],
29 silly audit   'jest-watcher': [ '30.3.0' ],
29 silly audit   'jest-worker': [ '30.3.0' ],
29 silly audit   'supports-color': [ '8.1.1', '7.2.0' ],
29 silly audit   jiti: [ '2.6.1' ],
29 silly audit   'js-md5': [ '0.8.3' ],
29 silly audit   'js-tokens': [ '4.0.0' ],
29 silly audit   jsdom: [ '26.1.0' ],
29 silly audit   jsesc: [ '3.1.0' ],
29 silly audit   'json-buffer': [ '3.0.1' ],
29 silly audit   'json-parse-even-better-errors': [ '2.3.1' ],
29 silly audit   'json-schema-traverse': [ '0.4.1' ],
29 silly audit   'json-stable-stringify-without-jsonify': [ '1.0.1' ],
29 silly audit   json5: [ '2.2.3', '1.0.2' ],
29 silly audit   'jsx-ast-utils': [ '3.3.5' ],
29 silly audit   jszip: [ '3.10.1' ],
29 silly audit   keyv: [ '4.5.4' ],
29 silly audit   'language-subtag-registry': [ '0.3.23' ],
29 silly audit   'language-tags': [ '1.0.9' ],
29 silly audit   lazystream: [ '1.0.1' ],
29 silly audit   leven: [ '3.1.0' ],
29 silly audit   levn: [ '0.4.1' ],
29 silly audit   lie: [ '3.3.0' ],
29 silly audit   lightningcss: [ '1.30.2' ],
29 silly audit   'lightningcss-android-arm64': [ '1.30.2' ],
29 silly audit   'lightningcss-darwin-arm64': [ '1.30.2' ],
29 silly audit   'lightningcss-darwin-x64': [ '1.30.2' ],
29 silly audit   'lightningcss-freebsd-x64': [ '1.30.2' ],
29 silly audit   'lightningcss-linux-arm-gnueabihf': [ '1.30.2' ],
29 silly audit   'lightningcss-linux-arm64-gnu': [ '1.30.2' ],
29 silly audit   'lightningcss-linux-arm64-musl': [ '1.30.2' ],
29 silly audit   'lightningcss-linux-x64-gnu': [ '1.30.2' ],
29 silly audit   'lightningcss-linux-x64-musl': [ '1.30.2' ],
29 silly audit   'lightningcss-win32-arm64-msvc': [ '1.30.2' ],
29 silly audit   'lightningcss-win32-x64-msvc': [ '1.30.2' ],
29 silly audit   linebreak: [ '1.1.0' ],
29 silly audit   'lines-and-columns': [ '1.2.4' ],
29 silly audit   'linkify-it': [ '5.0.0' ],
29 silly audit   linkifyjs: [ '4.3.2' ],
29 silly audit   listenercount: [ '1.0.1' ],
29 silly audit   'lodash.defaults': [ '4.2.0' ],
29 silly audit   'lodash.difference': [ '4.5.0' ],
29 silly audit   'lodash.escaperegexp': [ '4.1.2' ],
29 silly audit   'lodash.flatten': [ '4.4.0' ],
29 silly audit   'lodash.groupby': [ '4.6.0' ],
29 silly audit   'lodash.isboolean': [ '3.0.3' ],
29 silly audit   'lodash.isequal': [ '4.5.0' ],
29 silly audit   'lodash.isfunction': [ '3.0.9' ],
29 silly audit   'lodash.isnil': [ '4.0.0' ],
29 silly audit   'lodash.isplainobject': [ '4.0.6' ],
29 silly audit   'lodash.isundefined': [ '3.0.1' ],
29 silly audit   'lodash.merge': [ '4.6.2' ],
29 silly audit   'lodash.union': [ '4.6.0' ],
29 silly audit   'lodash.uniq': [ '4.5.0' ],
29 silly audit   'loose-envify': [ '1.4.0' ],
29 silly audit   'lucide-react': [ '0.487.0' ],
29 silly audit   'lz-string': [ '1.5.0' ],
29 silly audit   'magic-string': [ '0.30.21' ],
29 silly audit   'make-dir': [ '4.0.0' ],
29 silly audit   makeerror: [ '1.0.12' ],
29 silly audit   'markdown-it': [ '14.1.1' ],
29 silly audit   'math-intrinsics': [ '1.1.0' ],
29 silly audit   mdurl: [ '2.0.0' ],
29 silly audit   'media-engine': [ '1.0.3' ],
29 silly audit   'merge-stream': [ '2.0.0' ],
29 silly audit   merge2: [ '1.4.1' ],
29 silly audit   micromatch: [ '4.0.8' ],
29 silly audit   'mime-db': [ '1.52.0' ],
29 silly audit   'mime-types': [ '2.1.35' ],
29 silly audit   'mimic-fn': [ '2.1.0' ],
29 silly audit   'min-indent': [ '1.0.1' ],
29 silly audit   minimist: [ '1.2.8' ],
29 silly audit   minipass: [ '7.1.3' ],
29 silly audit   mkdirp: [ '0.5.6' ],
29 silly audit   'motion-dom': [ '12.34.0' ],
29 silly audit   'motion-utils': [ '12.29.2' ],
29 silly audit   ms: [ '2.1.3' ],
29 silly audit   nanoid: [ '3.3.11' ],
29 silly audit   'napi-postinstall': [ '0.3.4' ],
29 silly audit   'natural-compare': [ '1.4.0' ],
29 silly audit   next: [ '16.2.4' ],
29 silly audit   postcss: [ '8.5.12', '8.5.6' ],
29 silly audit   'node-int64': [ '0.4.0' ],
29 silly audit   'node-releases': [ '2.0.27' ],
29 silly audit   'normalize-path': [ '3.0.0' ],
29 silly audit   'normalize-svg-path': [ '1.1.0' ],
29 silly audit   'normalize-wheel': [ '1.0.1' ],
29 silly audit   'npm-run-path': [ '4.0.1' ],
29 silly audit   nwsapi: [ '2.2.23' ],
29 silly audit   'object-assign': [ '4.1.1' ],
29 silly audit   'object-inspect': [ '1.13.4' ],
29 silly audit   'object-keys': [ '1.1.1' ],
29 silly audit   'object.assign': [ '4.1.7' ],
29 silly audit   'object.entries': [ '1.1.9' ],
29 silly audit   'object.fromentries': [ '2.0.8' ],
29 silly audit   'object.groupby': [ '1.0.3' ],
29 silly audit   'object.values': [ '1.2.1' ],
29 silly audit   once: [ '1.4.0' ],
29 silly audit   onetime: [ '5.1.2' ],
29 silly audit   optionator: [ '0.9.4' ],
29 silly audit   orderedmap: [ '2.1.1' ],
29 silly audit   'own-keys': [ '1.0.1' ],
29 silly audit   'p-try': [ '2.2.0' ],
29 silly audit   'package-json-from-dist': [ '1.0.1' ],
29 silly audit   pako: [ '1.0.11', '0.2.9' ],
29 silly audit   'parent-module': [ '1.0.1' ],
29 silly audit   'parse-json': [ '5.2.0' ],
29 silly audit   'parse-svg-path': [ '0.1.2' ],
29 silly audit   parse5: [ '7.3.0' ],
29 silly audit   'path-exists': [ '4.0.0' ],
29 silly audit   'path-is-absolute': [ '1.0.1' ],
29 silly audit   'path-key': [ '3.1.1' ],
29 silly audit   'path-parse': [ '1.0.7' ],
29 silly audit   'path-scurry': [ '1.11.1' ],
29 silly audit   picocolors: [ '1.1.1' ],
29 silly audit   pirates: [ '4.0.7' ],
29 silly audit   'pkg-dir': [ '4.2.0' ],
29 silly audit   playwright: [ '1.58.2' ],
29 silly audit   'playwright-core': [ '1.58.2' ],
29 silly audit   'png-js': [ '2.0.0' ],
29 silly audit   'possible-typed-array-names': [ '1.1.0' ],
29 silly audit   'postcss-value-parser': [ '4.2.0' ],
29 silly audit   'prelude-ls': [ '1.2.1' ],
29 silly audit   'process-nextick-args': [ '2.0.1' ],
29 silly audit   'prop-types': [ '15.8.1' ],
29 silly audit   'prosemirror-changeset': [ '2.4.0' ],
29 silly audit   'prosemirror-collab': [ '1.3.1' ],
29 silly audit   'prosemirror-commands': [ '1.7.1' ],
29 silly audit   'prosemirror-dropcursor': [ '1.8.2' ],
29 silly audit   'prosemirror-gapcursor': [ '1.4.1' ],
29 silly audit   'prosemirror-history': [ '1.5.0' ],
29 silly audit   'prosemirror-inputrules': [ '1.5.1' ],
29 silly audit   'prosemirror-keymap': [ '1.2.3' ],
29 silly audit   'prosemirror-markdown': [ '1.13.4' ],
29 silly audit   'prosemirror-menu': [ '1.3.0' ],
29 silly audit   'prosemirror-model': [ '1.25.4' ],
29 silly audit   'prosemirror-schema-basic': [ '1.2.4' ],
29 silly audit   'prosemirror-schema-list': [ '1.5.1' ],
29 silly audit   'prosemirror-state': [ '1.4.4' ],
29 silly audit   'prosemirror-tables': [ '1.8.5' ],
29 silly audit   'prosemirror-trailing-node': [ '3.0.0' ],
29 silly audit   'prosemirror-transform': [ '1.11.0' ],
29 silly audit   'prosemirror-view': [ '1.41.7' ],
29 silly audit   'proxy-from-env': [ '2.1.0' ],
29 silly audit   punycode: [ '2.3.1' ],
29 silly audit   'punycode.js': [ '2.3.1' ],
29 silly audit   'pure-rand': [ '7.0.1' ],
29 silly audit   queue: [ '6.0.2' ],
29 silly audit   'queue-microtask': [ '1.2.3' ],
29 silly audit   react: [ '19.2.3' ],
29 silly audit   'react-dom': [ '19.2.3' ],
29 silly audit   'react-easy-crop': [ '5.5.7' ],
29 silly audit   'react-hook-form': [ '7.71.1' ],
29 silly audit   'react-remove-scroll': [ '2.7.2' ],
29 silly audit   'react-remove-scroll-bar': [ '2.3.8' ],
29 silly audit   'react-style-singleton': [ '2.2.3' ],
29 silly audit   'readdir-glob': [ '1.1.3' ],
29 silly audit   redent: [ '3.0.0' ],
29 silly audit   'reflect.getprototypeof': [ '1.0.10' ],
29 silly audit   'regexp.prototype.flags': [ '1.5.4' ],
29 silly audit   'require-directory': [ '2.1.1' ],
29 silly audit   'require-from-string': [ '2.0.2' ],
29 silly audit   'resolve-cwd': [ '3.0.0' ],
29 silly audit   'resolve-pkg-maps': [ '1.0.0' ],
29 silly audit   restructure: [ '3.0.2' ],
29 silly audit   reusify: [ '1.1.0' ],
29 silly audit   rimraf: [ '2.7.1' ],
29 silly audit   'rope-sequence': [ '1.3.4' ],
29 silly audit   'rrweb-cssom': [ '0.8.0' ],
29 silly audit   'run-parallel': [ '1.2.0' ],
29 silly audit   'safe-array-concat': [ '1.1.3' ],
29 silly audit   'safe-push-apply': [ '1.0.0' ],
29 silly audit   'safe-regex-test': [ '1.1.0' ],
29 silly audit   'safer-buffer': [ '2.1.2' ],
29 silly audit   'set-function-length': [ '1.2.2' ],
29 silly audit   'set-function-name': [ '2.0.2' ],
29 silly audit   'set-proto': [ '1.0.0' ],
29 silly audit   setimmediate: [ '1.0.5' ],
29 silly audit   sharp: [ '0.34.5' ],
29 silly audit   'shebang-command': [ '2.0.0' ],
29 silly audit   'shebang-regex': [ '3.0.0' ],
29 silly audit   'side-channel': [ '1.1.0' ],
29 silly audit   'side-channel-list': [ '1.0.0' ],
29 silly audit   'side-channel-map': [ '1.0.1' ],
29 silly audit   'side-channel-weakmap': [ '1.0.2' ],
29 silly audit   slash: [ '3.0.0' ],
29 silly audit   'socket.io-client': [ '4.8.3' ],
29 silly audit   'socket.io-parser': [ '4.2.6' ],
29 silly audit   sonner: [ '2.0.7' ],
29 silly audit   'source-map': [ '0.6.1' ],
29 silly audit   'source-map-js': [ '1.2.1' ],
29 silly audit   'source-map-support': [ '0.5.13' ],
29 silly audit   'sprintf-js': [ '1.0.3' ],
29 silly audit   'stable-hash': [ '0.0.5' ],
29 silly audit   'stack-utils': [ '2.0.6' ],
29 silly audit   'stop-iteration-iterator': [ '1.1.0' ],
29 silly audit   'string-length': [ '4.0.2' ],
29 silly audit   'string.prototype.includes': [ '2.0.1' ],
29 silly audit   'string.prototype.matchall': [ '4.0.12' ],
29 silly audit   'string.prototype.repeat': [ '1.0.0' ],
29 silly audit   'string.prototype.trim': [ '1.2.10' ],
29 silly audit   'string.prototype.trimend': [ '1.0.9' ],
29 silly audit   'string.prototype.trimstart': [ '1.0.8' ],
29 silly audit   'strip-final-newline': [ '2.0.0' ],
29 silly audit   'strip-indent': [ '3.0.0' ],
29 silly audit   'strip-json-comments': [ '3.1.1' ],
29 silly audit   'styled-jsx': [ '5.1.6' ],
29 silly audit   'supports-preserve-symlinks-flag': [ '1.0.0' ],
29 silly audit   'svg-arc-to-cubic-bezier': [ '3.2.0' ],
29 silly audit   'symbol-tree': [ '3.2.4' ],
29 silly audit   synckit: [ '0.11.12' ],
29 silly audit   'tailwind-merge': [ '2.6.1' ],
29 silly audit   tailwindcss: [ '4.1.18' ],
29 silly audit   tapable: [ '2.3.0' ],
29 silly audit   'tar-stream': [ '2.2.0' ],
29 silly audit   'test-exclude': [ '6.0.0' ],
29 silly audit   'tiny-inflate': [ '1.0.3' ],
29 silly audit   tinyglobby: [ '0.2.15' ],
29 silly audit   fdir: [ '6.5.0' ],
29 silly audit   tldts: [ '6.1.86' ],
29 silly audit   'tldts-core': [ '6.1.86' ],
29 silly audit   tmp: [ '0.2.5' ],
29 silly audit   tmpl: [ '1.0.5' ],
29 silly audit   'to-regex-range': [ '5.0.1' ],
29 silly audit   'tough-cookie': [ '5.1.2' ],
29 silly audit   tr46: [ '5.1.1' ],
29 silly audit   traverse: [ '0.3.9' ],
29 silly audit   'ts-api-utils': [ '2.4.0' ],
29 silly audit   'tsconfig-paths': [ '3.15.0' ],
29 silly audit   'type-check': [ '0.4.0' ],
29 silly audit   'type-detect': [ '4.0.8' ],
29 silly audit   'type-fest': [ '0.21.3' ],
29 silly audit   'typed-array-buffer': [ '1.0.3' ],
29 silly audit   'typed-array-byte-length': [ '1.0.3' ],
29 silly audit   'typed-array-byte-offset': [ '1.0.4' ],
29 silly audit   'typed-array-length': [ '1.0.7' ],
29 silly audit   typescript: [ '5.9.3' ],
29 silly audit   'typescript-eslint': [ '8.55.0' ],
29 silly audit   'uc.micro': [ '2.1.0' ],
29 silly audit   'unbox-primitive': [ '1.1.0' ],
29 silly audit   'undici-types': [ '6.21.0' ],
29 silly audit   'unicode-properties': [ '1.4.1' ],
29 silly audit   'unicode-trie': [ '2.0.0' ],
29 silly audit   'unrs-resolver': [ '1.11.1' ],
29 silly audit   unzipper: [ '0.10.14' ],
29 silly audit   'update-browserslist-db': [ '1.2.3' ],
29 silly audit   'uri-js': [ '4.4.1' ],
29 silly audit   'use-callback-ref': [ '1.3.3' ],
29 silly audit   'use-sidecar': [ '1.1.3' ],
29 silly audit   'use-sync-external-store': [ '1.6.0' ],
29 silly audit   'util-deprecate': [ '1.0.2' ],
29 silly audit   uuid: [ '14.0.0' ],
29 silly audit   'v8-to-istanbul': [ '9.3.0' ],
29 silly audit   'vite-compatible-readable-stream': [ '3.6.1' ],
29 silly audit   'w3c-keyname': [ '2.2.8' ],
29 silly audit   'w3c-xmlserializer': [ '5.0.0' ],
29 silly audit   walker: [ '1.0.8' ],
29 silly audit   'webidl-conversions': [ '7.0.0' ],
29 silly audit   'whatwg-encoding': [ '3.1.1' ],
29 silly audit   'whatwg-mimetype': [ '4.0.0' ],
29 silly audit   'whatwg-url': [ '14.2.0' ],
29 silly audit   which: [ '2.0.2' ],
29 silly audit   'which-boxed-primitive': [ '1.1.1' ],
29 silly audit   'which-builtin-type': [ '1.2.1' ],
29 silly audit   'which-collection': [ '1.0.2' ],
29 silly audit   'which-typed-array': [ '1.1.20' ],
29 silly audit   'word-wrap': [ '1.2.5' ],
29 silly audit   wrappy: [ '1.0.2' ],
29 silly audit   'write-file-atomic': [ '5.0.1' ],
29 silly audit   ws: [ '8.18.3' ],
29 silly audit   'xml-name-validator': [ '5.0.0' ],
29 silly audit   xmlchars: [ '2.2.0' ],
29 silly audit   'xmlhttprequest-ssl': [ '2.1.2' ],
29 silly audit   y18n: [ '5.0.8' ],
29 silly audit   yallist: [ '3.1.1' ],
29 silly audit   yargs: [ '17.7.2' ],
29 silly audit   'yargs-parser': [ '21.1.1' ],
29 silly audit   'yocto-queue': [ '0.1.0' ],
29 silly audit   'yoga-layout': [ '3.2.1' ],
29 silly audit   'zip-stream': [ '4.1.1' ],
29 silly audit   zod: [ '4.3.6' ],
29 silly audit   'zod-validation-error': [ '4.0.2' ],
29 silly audit   '@tailwindcss/oxide-wasm32-wasi': [ '4.1.18' ]
29 silly audit }
30 verbose reify failed optional dependency C:\Users\user\Downloads\capstoneui\capstone-nest-backend\next-frontend\node_modules\lightningcss-win32-arm64-msvc
31 silly reify mark deleted [
31 silly reify   'C:\\Users\\user\\Downloads\\capstoneui\\capstone-nest-backend\\next-frontend\\node_modules\\lightningcss-win32-arm64-msvc'
31 silly reify ]
32 verbose reify failed optional dependency C:\Users\user\Downloads\capstoneui\capstone-nest-backend\next-frontend\node_modules\lightningcss-linux-x64-musl
33 silly reify mark deleted [
33 silly reify   'C:\\Users\\user\\Downloads\\capstoneui\\capstone-nest-backend\\next-frontend\\node_modules\\lightningcss-linux-x64-musl'
33 silly reify ]
34 verbose reify failed optional dependency C:\Users\user\Downloads\capstoneui\capstone-nest-backend\next-frontend\node_modules\lightningcss-linux-x64-gnu
35 silly reify mark deleted [
35 silly reify   'C:\\Users\\user\\Downloads\\capstoneui\\capstone-nest-backend\\next-frontend\\node_modules\\lightningcss-linux-x64-gnu'
35 silly reify ]
36 verbose reify failed optional dependency C:\Users\user\Downloads\capstoneui\capstone-nest-backend\next-frontend\node_modules\lightningcss-linux-arm64-musl
37 silly reify mark deleted [
37 silly reify   'C:\\Users\\user\\Downloads\\capstoneui\\capstone-nest-backend\\next-frontend\\node_modules\\lightningcss-linux-arm64-musl'
37 silly reify ]
38 verbose reify failed optional dependency C:\Users\user\Downloads\capstoneui\capstone-nest-backend\next-frontend\node_modules\lightningcss-linux-arm64-gnu
39 silly reify mark deleted [
39 silly reify   'C:\\Users\\user\\Downloads\\capstoneui\\capstone-nest-backend\\next-frontend\\node_modules\\lightningcss-linux-arm64-gnu'
39 silly reify ]
40 verbose reify failed optional dependency C:\Users\user\Downloads\capstoneui\capstone-nest-backend\next-frontend\node_modules\lightningcss-linux-arm-gnueabihf
41 silly reify mark deleted [
41 silly reify   'C:\\Users\\user\\Downloads\\capstoneui\\capstone-nest-backend\\next-frontend\\node_modules\\lightningcss-linux-arm-gnueabihf'
41 silly reify ]
42 verbose reify failed optional dependency C:\Users\user\Downloads\capstoneui\capstone-nest-backend\next-frontend\node_modules\lightningcss-freebsd-x64
43 silly reify mark deleted [
43 silly reify   'C:\\Users\\user\\Downloads\\capstoneui\\capstone-nest-backend\\next-frontend\\node_modules\\lightningcss-freebsd-x64'
43 silly reify ]
44 verbose reify failed optional dependency C:\Users\user\Downloads\capstoneui\capstone-nest-backend\next-frontend\node_modules\lightningcss-darwin-x64
45 silly reify mark deleted [
45 silly reify   'C:\\Users\\user\\Downloads\\capstoneui\\capstone-nest-backend\\next-frontend\\node_modules\\lightningcss-darwin-x64'
45 silly reify ]
46 verbose reify failed optional dependency C:\Users\user\Downloads\capstoneui\capstone-nest-backend\next-frontend\node_modules\lightningcss-darwin-arm64
47 silly reify mark deleted [
47 silly reify   'C:\\Users\\user\\Downloads\\capstoneui\\capstone-nest-backend\\next-frontend\\node_modules\\lightningcss-darwin-arm64'
47 silly reify ]
48 verbose reify failed optional dependency C:\Users\user\Downloads\capstoneui\capstone-nest-backend\next-frontend\node_modules\lightningcss-android-arm64
49 silly reify mark deleted [
49 silly reify   'C:\\Users\\user\\Downloads\\capstoneui\\capstone-nest-backend\\next-frontend\\node_modules\\lightningcss-android-arm64'
49 silly reify ]
50 verbose reify failed optional dependency C:\Users\user\Downloads\capstoneui\capstone-nest-backend\next-frontend\node_modules\jest-haste-map\node_modules\fsevents
51 silly reify mark deleted [
51 silly reify   'C:\\Users\\user\\Downloads\\capstoneui\\capstone-nest-backend\\next-frontend\\node_modules\\jest-haste-map\\node_modules\\fsevents'
51 silly reify ]
52 verbose reify failed optional dependency C:\Users\user\Downloads\capstoneui\capstone-nest-backend\next-frontend\node_modules\fsevents
53 silly reify mark deleted [
53 silly reify   'C:\\Users\\user\\Downloads\\capstoneui\\capstone-nest-backend\\next-frontend\\node_modules\\fsevents'
53 silly reify ]
54 verbose reify failed optional dependency C:\Users\user\Downloads\capstoneui\capstone-nest-backend\next-frontend\node_modules\@unrs\resolver-binding-win32-ia32-msvc
55 silly reify mark deleted [
55 silly reify   'C:\\Users\\user\\Downloads\\capstoneui\\capstone-nest-backend\\next-frontend\\node_modules\\@unrs\\resolver-binding-win32-ia32-msvc'
55 silly reify ]
56 verbose reify failed optional dependency C:\Users\user\Downloads\capstoneui\capstone-nest-backend\next-frontend\node_modules\@unrs\resolver-binding-win32-arm64-msvc
57 silly reify mark deleted [
57 silly reify   'C:\\Users\\user\\Downloads\\capstoneui\\capstone-nest-backend\\next-frontend\\node_modules\\@unrs\\resolver-binding-win32-arm64-msvc'
57 silly reify ]
58 verbose reify failed optional dependency C:\Users\user\Downloads\capstoneui\capstone-nest-backend\next-frontend\node_modules\@unrs\resolver-binding-wasm32-wasi
59 silly reify mark deleted [
59 silly reify   'C:\\Users\\user\\Downloads\\capstoneui\\capstone-nest-backend\\next-frontend\\node_modules\\@unrs\\resolver-binding-wasm32-wasi'
59 silly reify ]
60 verbose reify failed optional dependency C:\Users\user\Downloads\capstoneui\capstone-nest-backend\next-frontend\node_modules\@napi-rs\wasm-runtime
61 silly reify mark deleted [
61 silly reify   'C:\\Users\\user\\Downloads\\capstoneui\\capstone-nest-backend\\next-frontend\\node_modules\\@napi-rs\\wasm-runtime'
61 silly reify ]
62 verbose reify failed optional dependency C:\Users\user\Downloads\capstoneui\capstone-nest-backend\next-frontend\node_modules\@emnapi\core
63 silly reify mark deleted [
63 silly reify   'C:\\Users\\user\\Downloads\\capstoneui\\capstone-nest-backend\\next-frontend\\node_modules\\@emnapi\\core'
63 silly reify ]
64 verbose reify failed optional dependency C:\Users\user\Downloads\capstoneui\capstone-nest-backend\next-frontend\node_modules\@tybys\wasm-util
65 silly reify mark deleted [
65 silly reify   'C:\\Users\\user\\Downloads\\capstoneui\\capstone-nest-backend\\next-frontend\\node_modules\\@tybys\\wasm-util'
65 silly reify ]
66 verbose reify failed optional dependency C:\Users\user\Downloads\capstoneui\capstone-nest-backend\next-frontend\node_modules\@emnapi\wasi-threads
67 silly reify mark deleted [
67 silly reify   'C:\\Users\\user\\Downloads\\capstoneui\\capstone-nest-backend\\next-frontend\\node_modules\\@emnapi\\wasi-threads'
67 silly reify ]
68 verbose reify failed optional dependency C:\Users\user\Downloads\capstoneui\capstone-nest-backend\next-frontend\node_modules\@unrs\resolver-binding-linux-x64-musl
69 silly reify mark deleted [
69 silly reify   'C:\\Users\\user\\Downloads\\capstoneui\\capstone-nest-backend\\next-frontend\\node_modules\\@unrs\\resolver-binding-linux-x64-musl'
69 silly reify ]
70 verbose reify failed optional dependency C:\Users\user\Downloads\capstoneui\capstone-nest-backend\next-frontend\node_modules\@unrs\resolver-binding-linux-x64-gnu
71 silly reify mark deleted [
71 silly reify   'C:\\Users\\user\\Downloads\\capstoneui\\capstone-nest-backend\\next-frontend\\node_modules\\@unrs\\resolver-binding-linux-x64-gnu'
71 silly reify ]
72 verbose reify failed optional dependency C:\Users\user\Downloads\capstoneui\capstone-nest-backend\next-frontend\node_modules\@unrs\resolver-binding-linux-s390x-gnu
73 silly reify mark deleted [
73 silly reify   'C:\\Users\\user\\Downloads\\capstoneui\\capstone-nest-backend\\next-frontend\\node_modules\\@unrs\\resolver-binding-linux-s390x-gnu'
73 silly reify ]
74 verbose reify failed optional dependency C:\Users\user\Downloads\capstoneui\capstone-nest-backend\next-frontend\node_modules\@unrs\resolver-binding-linux-riscv64-musl
75 silly reify mark deleted [
75 silly reify   'C:\\Users\\user\\Downloads\\capstoneui\\capstone-nest-backend\\next-frontend\\node_modules\\@unrs\\resolver-binding-linux-riscv64-musl'
75 silly reify ]
76 verbose reify failed optional dependency C:\Users\user\Downloads\capstoneui\capstone-nest-backend\next-frontend\node_modules\@unrs\resolver-binding-linux-riscv64-gnu
77 silly reify mark deleted [
77 silly reify   'C:\\Users\\user\\Downloads\\capstoneui\\capstone-nest-backend\\next-frontend\\node_modules\\@unrs\\resolver-binding-linux-riscv64-gnu'
77 silly reify ]
78 verbose reify failed optional dependency C:\Users\user\Downloads\capstoneui\capstone-nest-backend\next-frontend\node_modules\@unrs\resolver-binding-linux-ppc64-gnu
79 silly reify mark deleted [
79 silly reify   'C:\\Users\\user\\Downloads\\capstoneui\\capstone-nest-backend\\next-frontend\\node_modules\\@unrs\\resolver-binding-linux-ppc64-gnu'
79 silly reify ]
80 verbose reify failed optional dependency C:\Users\user\Downloads\capstoneui\capstone-nest-backend\next-frontend\node_modules\@unrs\resolver-binding-linux-arm64-musl
81 silly reify mark deleted [
81 silly reify   'C:\\Users\\user\\Downloads\\capstoneui\\capstone-nest-backend\\next-frontend\\node_modules\\@unrs\\resolver-binding-linux-arm64-musl'
81 silly reify ]
82 verbose reify failed optional dependency C:\Users\user\Downloads\capstoneui\capstone-nest-backend\next-frontend\node_modules\@unrs\resolver-binding-linux-arm64-gnu
83 silly reify mark deleted [
83 silly reify   'C:\\Users\\user\\Downloads\\capstoneui\\capstone-nest-backend\\next-frontend\\node_modules\\@unrs\\resolver-binding-linux-arm64-gnu'
83 silly reify ]
84 verbose reify failed optional dependency C:\Users\user\Downloads\capstoneui\capstone-nest-backend\next-frontend\node_modules\@unrs\resolver-binding-linux-arm-musleabihf
85 silly reify mark deleted [
85 silly reify   'C:\\Users\\user\\Downloads\\capstoneui\\capstone-nest-backend\\next-frontend\\node_modules\\@unrs\\resolver-binding-linux-arm-musleabihf'
85 silly reify ]
86 verbose reify failed optional dependency C:\Users\user\Downloads\capstoneui\capstone-nest-backend\next-frontend\node_modules\@unrs\resolver-binding-linux-arm-gnueabihf
87 silly reify mark deleted [
87 silly reify   'C:\\Users\\user\\Downloads\\capstoneui\\capstone-nest-backend\\next-frontend\\node_modules\\@unrs\\resolver-binding-linux-arm-gnueabihf'
87 silly reify ]
88 verbose reify failed optional dependency C:\Users\user\Downloads\capstoneui\capstone-nest-backend\next-frontend\node_modules\@unrs\resolver-binding-freebsd-x64
89 silly reify mark deleted [
89 silly reify   'C:\\Users\\user\\Downloads\\capstoneui\\capstone-nest-backend\\next-frontend\\node_modules\\@unrs\\resolver-binding-freebsd-x64'
89 silly reify ]
90 verbose reify failed optional dependency C:\Users\user\Downloads\capstoneui\capstone-nest-backend\next-frontend\node_modules\@unrs\resolver-binding-darwin-x64
91 silly reify mark deleted [
91 silly reify   'C:\\Users\\user\\Downloads\\capstoneui\\capstone-nest-backend\\next-frontend\\node_modules\\@unrs\\resolver-binding-darwin-x64'
91 silly reify ]
92 verbose reify failed optional dependency C:\Users\user\Downloads\capstoneui\capstone-nest-backend\next-frontend\node_modules\@unrs\resolver-binding-darwin-arm64
93 silly reify mark deleted [
93 silly reify   'C:\\Users\\user\\Downloads\\capstoneui\\capstone-nest-backend\\next-frontend\\node_modules\\@unrs\\resolver-binding-darwin-arm64'
93 silly reify ]
94 verbose reify failed optional dependency C:\Users\user\Downloads\capstoneui\capstone-nest-backend\next-frontend\node_modules\@unrs\resolver-binding-android-arm64
95 silly reify mark deleted [
95 silly reify   'C:\\Users\\user\\Downloads\\capstoneui\\capstone-nest-backend\\next-frontend\\node_modules\\@unrs\\resolver-binding-android-arm64'
95 silly reify ]
96 verbose reify failed optional dependency C:\Users\user\Downloads\capstoneui\capstone-nest-backend\next-frontend\node_modules\@unrs\resolver-binding-android-arm-eabi
97 silly reify mark deleted [
97 silly reify   'C:\\Users\\user\\Downloads\\capstoneui\\capstone-nest-backend\\next-frontend\\node_modules\\@unrs\\resolver-binding-android-arm-eabi'
97 silly reify ]
98 verbose reify failed optional dependency C:\Users\user\Downloads\capstoneui\capstone-nest-backend\next-frontend\node_modules\@tailwindcss\oxide-win32-arm64-msvc
99 silly reify mark deleted [
99 silly reify   'C:\\Users\\user\\Downloads\\capstoneui\\capstone-nest-backend\\next-frontend\\node_modules\\@tailwindcss\\oxide-win32-arm64-msvc'
99 silly reify ]
100 verbose reify failed optional dependency C:\Users\user\Downloads\capstoneui\capstone-nest-backend\next-frontend\node_modules\@tailwindcss\oxide-linux-x64-musl
101 silly reify mark deleted [
101 silly reify   'C:\\Users\\user\\Downloads\\capstoneui\\capstone-nest-backend\\next-frontend\\node_modules\\@tailwindcss\\oxide-linux-x64-musl'
101 silly reify ]
102 verbose reify failed optional dependency C:\Users\user\Downloads\capstoneui\capstone-nest-backend\next-frontend\node_modules\@tailwindcss\oxide-linux-x64-gnu
103 silly reify mark deleted [
103 silly reify   'C:\\Users\\user\\Downloads\\capstoneui\\capstone-nest-backend\\next-frontend\\node_modules\\@tailwindcss\\oxide-linux-x64-gnu'
103 silly reify ]
104 verbose reify failed optional dependency C:\Users\user\Downloads\capstoneui\capstone-nest-backend\next-frontend\node_modules\@tailwindcss\oxide-linux-arm64-musl
105 silly reify mark deleted [
105 silly reify   'C:\\Users\\user\\Downloads\\capstoneui\\capstone-nest-backend\\next-frontend\\node_modules\\@tailwindcss\\oxide-linux-arm64-musl'
105 silly reify ]
106 verbose reify failed optional dependency C:\Users\user\Downloads\capstoneui\capstone-nest-backend\next-frontend\node_modules\@tailwindcss\oxide-linux-arm64-gnu
107 silly reify mark deleted [
107 silly reify   'C:\\Users\\user\\Downloads\\capstoneui\\capstone-nest-backend\\next-frontend\\node_modules\\@tailwindcss\\oxide-linux-arm64-gnu'
107 silly reify ]
108 verbose reify failed optional dependency C:\Users\user\Downloads\capstoneui\capstone-nest-backend\next-frontend\node_modules\@tailwindcss\oxide-linux-arm-gnueabihf
109 silly reify mark deleted [
109 silly reify   'C:\\Users\\user\\Downloads\\capstoneui\\capstone-nest-backend\\next-frontend\\node_modules\\@tailwindcss\\oxide-linux-arm-gnueabihf'
109 silly reify ]
110 verbose reify failed optional dependency C:\Users\user\Downloads\capstoneui\capstone-nest-backend\next-frontend\node_modules\@tailwindcss\oxide-freebsd-x64
111 silly reify mark deleted [
111 silly reify   'C:\\Users\\user\\Downloads\\capstoneui\\capstone-nest-backend\\next-frontend\\node_modules\\@tailwindcss\\oxide-freebsd-x64'
111 silly reify ]
112 verbose reify failed optional dependency C:\Users\user\Downloads\capstoneui\capstone-nest-backend\next-frontend\node_modules\@tailwindcss\oxide-darwin-x64
113 silly reify mark deleted [
113 silly reify   'C:\\Users\\user\\Downloads\\capstoneui\\capstone-nest-backend\\next-frontend\\node_modules\\@tailwindcss\\oxide-darwin-x64'
113 silly reify ]
114 verbose reify failed optional dependency C:\Users\user\Downloads\capstoneui\capstone-nest-backend\next-frontend\node_modules\@tailwindcss\oxide-darwin-arm64
115 silly reify mark deleted [
115 silly reify   'C:\\Users\\user\\Downloads\\capstoneui\\capstone-nest-backend\\next-frontend\\node_modules\\@tailwindcss\\oxide-darwin-arm64'
115 silly reify ]
116 verbose reify failed optional dependency C:\Users\user\Downloads\capstoneui\capstone-nest-backend\next-frontend\node_modules\@tailwindcss\oxide-android-arm64
117 silly reify mark deleted [
117 silly reify   'C:\\Users\\user\\Downloads\\capstoneui\\capstone-nest-backend\\next-frontend\\node_modules\\@tailwindcss\\oxide-android-arm64'
117 silly reify ]
118 verbose reify failed optional dependency C:\Users\user\Downloads\capstoneui\capstone-nest-backend\next-frontend\node_modules\@next\swc-win32-arm64-msvc
119 silly reify mark deleted [
119 silly reify   'C:\\Users\\user\\Downloads\\capstoneui\\capstone-nest-backend\\next-frontend\\node_modules\\@next\\swc-win32-arm64-msvc'
119 silly reify ]
120 verbose reify failed optional dependency C:\Users\user\Downloads\capstoneui\capstone-nest-backend\next-frontend\node_modules\@next\swc-linux-x64-musl
121 silly reify mark deleted [
121 silly reify   'C:\\Users\\user\\Downloads\\capstoneui\\capstone-nest-backend\\next-frontend\\node_modules\\@next\\swc-linux-x64-musl'
121 silly reify ]
122 verbose reify failed optional dependency C:\Users\user\Downloads\capstoneui\capstone-nest-backend\next-frontend\node_modules\@next\swc-linux-x64-gnu
123 silly reify mark deleted [
123 silly reify   'C:\\Users\\user\\Downloads\\capstoneui\\capstone-nest-backend\\next-frontend\\node_modules\\@next\\swc-linux-x64-gnu'
123 silly reify ]
124 verbose reify failed optional dependency C:\Users\user\Downloads\capstoneui\capstone-nest-backend\next-frontend\node_modules\@next\swc-linux-arm64-musl
125 silly reify mark deleted [
125 silly reify   'C:\\Users\\user\\Downloads\\capstoneui\\capstone-nest-backend\\next-frontend\\node_modules\\@next\\swc-linux-arm64-musl'
125 silly reify ]
126 verbose reify failed optional dependency C:\Users\user\Downloads\capstoneui\capstone-nest-backend\next-frontend\node_modules\@next\swc-linux-arm64-gnu
127 silly reify mark deleted [
127 silly reify   'C:\\Users\\user\\Downloads\\capstoneui\\capstone-nest-backend\\next-frontend\\node_modules\\@next\\swc-linux-arm64-gnu'
127 silly reify ]
128 verbose reify failed optional dependency C:\Users\user\Downloads\capstoneui\capstone-nest-backend\next-frontend\node_modules\@next\swc-darwin-x64
129 silly reify mark deleted [
129 silly reify   'C:\\Users\\user\\Downloads\\capstoneui\\capstone-nest-backend\\next-frontend\\node_modules\\@next\\swc-darwin-x64'
129 silly reify ]
130 verbose reify failed optional dependency C:\Users\user\Downloads\capstoneui\capstone-nest-backend\next-frontend\node_modules\@next\swc-darwin-arm64
131 silly reify mark deleted [
131 silly reify   'C:\\Users\\user\\Downloads\\capstoneui\\capstone-nest-backend\\next-frontend\\node_modules\\@next\\swc-darwin-arm64'
131 silly reify ]
132 verbose reify failed optional dependency C:\Users\user\Downloads\capstoneui\capstone-nest-backend\next-frontend\node_modules\@img\sharp-win32-ia32
133 silly reify mark deleted [
133 silly reify   'C:\\Users\\user\\Downloads\\capstoneui\\capstone-nest-backend\\next-frontend\\node_modules\\@img\\sharp-win32-ia32'
133 silly reify ]
134 verbose reify failed optional dependency C:\Users\user\Downloads\capstoneui\capstone-nest-backend\next-frontend\node_modules\@img\sharp-win32-arm64
135 silly reify mark deleted [
135 silly reify   'C:\\Users\\user\\Downloads\\capstoneui\\capstone-nest-backend\\next-frontend\\node_modules\\@img\\sharp-win32-arm64'
135 silly reify ]
136 verbose reify failed optional dependency C:\Users\user\Downloads\capstoneui\capstone-nest-backend\next-frontend\node_modules\@img\sharp-wasm32
137 silly reify mark deleted [
137 silly reify   'C:\\Users\\user\\Downloads\\capstoneui\\capstone-nest-backend\\next-frontend\\node_modules\\@img\\sharp-wasm32'
137 silly reify ]
138 verbose reify failed optional dependency C:\Users\user\Downloads\capstoneui\capstone-nest-backend\next-frontend\node_modules\@img\sharp-linuxmusl-x64
139 silly reify mark deleted [
139 silly reify   'C:\\Users\\user\\Downloads\\capstoneui\\capstone-nest-backend\\next-frontend\\node_modules\\@img\\sharp-linuxmusl-x64'
139 silly reify ]
140 verbose reify failed optional dependency C:\Users\user\Downloads\capstoneui\capstone-nest-backend\next-frontend\node_modules\@img\sharp-linuxmusl-arm64
141 silly reify mark deleted [
141 silly reify   'C:\\Users\\user\\Downloads\\capstoneui\\capstone-nest-backend\\next-frontend\\node_modules\\@img\\sharp-linuxmusl-arm64'
141 silly reify ]
142 verbose reify failed optional dependency C:\Users\user\Downloads\capstoneui\capstone-nest-backend\next-frontend\node_modules\@img\sharp-linux-x64
143 silly reify mark deleted [
143 silly reify   'C:\\Users\\user\\Downloads\\capstoneui\\capstone-nest-backend\\next-frontend\\node_modules\\@img\\sharp-linux-x64'
143 silly reify ]
144 verbose reify failed optional dependency C:\Users\user\Downloads\capstoneui\capstone-nest-backend\next-frontend\node_modules\@img\sharp-linux-s390x
145 silly reify mark deleted [
145 silly reify   'C:\\Users\\user\\Downloads\\capstoneui\\capstone-nest-backend\\next-frontend\\node_modules\\@img\\sharp-linux-s390x'
145 silly reify ]
146 verbose reify failed optional dependency C:\Users\user\Downloads\capstoneui\capstone-nest-backend\next-frontend\node_modules\@img\sharp-linux-riscv64
147 silly reify mark deleted [
147 silly reify   'C:\\Users\\user\\Downloads\\capstoneui\\capstone-nest-backend\\next-frontend\\node_modules\\@img\\sharp-linux-riscv64'
147 silly reify ]
148 verbose reify failed optional dependency C:\Users\user\Downloads\capstoneui\capstone-nest-backend\next-frontend\node_modules\@img\sharp-linux-ppc64
149 silly reify mark deleted [
149 silly reify   'C:\\Users\\user\\Downloads\\capstoneui\\capstone-nest-backend\\next-frontend\\node_modules\\@img\\sharp-linux-ppc64'
149 silly reify ]
150 verbose reify failed optional dependency C:\Users\user\Downloads\capstoneui\capstone-nest-backend\next-frontend\node_modules\@img\sharp-linux-arm64
151 silly reify mark deleted [
151 silly reify   'C:\\Users\\user\\Downloads\\capstoneui\\capstone-nest-backend\\next-frontend\\node_modules\\@img\\sharp-linux-arm64'
151 silly reify ]
152 verbose reify failed optional dependency C:\Users\user\Downloads\capstoneui\capstone-nest-backend\next-frontend\node_modules\@img\sharp-linux-arm
153 silly reify mark deleted [
153 silly reify   'C:\\Users\\user\\Downloads\\capstoneui\\capstone-nest-backend\\next-frontend\\node_modules\\@img\\sharp-linux-arm'
153 silly reify ]
154 verbose reify failed optional dependency C:\Users\user\Downloads\capstoneui\capstone-nest-backend\next-frontend\node_modules\@img\sharp-libvips-linuxmusl-x64
155 silly reify mark deleted [
155 silly reify   'C:\\Users\\user\\Downloads\\capstoneui\\capstone-nest-backend\\next-frontend\\node_modules\\@img\\sharp-libvips-linuxmusl-x64'
155 silly reify ]
156 verbose reify failed optional dependency C:\Users\user\Downloads\capstoneui\capstone-nest-backend\next-frontend\node_modules\@img\sharp-libvips-linuxmusl-arm64
157 silly reify mark deleted [
157 silly reify   'C:\\Users\\user\\Downloads\\capstoneui\\capstone-nest-backend\\next-frontend\\node_modules\\@img\\sharp-libvips-linuxmusl-arm64'
157 silly reify ]
158 verbose reify failed optional dependency C:\Users\user\Downloads\capstoneui\capstone-nest-backend\next-frontend\node_modules\@img\sharp-libvips-linux-x64
159 silly reify mark deleted [
159 silly reify   'C:\\Users\\user\\Downloads\\capstoneui\\capstone-nest-backend\\next-frontend\\node_modules\\@img\\sharp-libvips-linux-x64'
159 silly reify ]
160 verbose reify failed optional dependency C:\Users\user\Downloads\capstoneui\capstone-nest-backend\next-frontend\node_modules\@img\sharp-libvips-linux-s390x
161 silly reify mark deleted [
161 silly reify   'C:\\Users\\user\\Downloads\\capstoneui\\capstone-nest-backend\\next-frontend\\node_modules\\@img\\sharp-libvips-linux-s390x'
161 silly reify ]
162 verbose reify failed optional dependency C:\Users\user\Downloads\capstoneui\capstone-nest-backend\next-frontend\node_modules\@img\sharp-libvips-linux-riscv64
163 silly reify mark deleted [
163 silly reify   'C:\\Users\\user\\Downloads\\capstoneui\\capstone-nest-backend\\next-frontend\\node_modules\\@img\\sharp-libvips-linux-riscv64'
163 silly reify ]
164 verbose reify failed optional dependency C:\Users\user\Downloads\capstoneui\capstone-nest-backend\next-frontend\node_modules\@img\sharp-libvips-linux-ppc64
165 silly reify mark deleted [
165 silly reify   'C:\\Users\\user\\Downloads\\capstoneui\\capstone-nest-backend\\next-frontend\\node_modules\\@img\\sharp-libvips-linux-ppc64'
165 silly reify ]
166 verbose reify failed optional dependency C:\Users\user\Downloads\capstoneui\capstone-nest-backend\next-frontend\node_modules\@img\sharp-libvips-linux-arm64
167 silly reify mark deleted [
167 silly reify   'C:\\Users\\user\\Downloads\\capstoneui\\capstone-nest-backend\\next-frontend\\node_modules\\@img\\sharp-libvips-linux-arm64'
167 silly reify ]
168 verbose reify failed optional dependency C:\Users\user\Downloads\capstoneui\capstone-nest-backend\next-frontend\node_modules\@img\sharp-libvips-linux-arm
169 silly reify mark deleted [
169 silly reify   'C:\\Users\\user\\Downloads\\capstoneui\\capstone-nest-backend\\next-frontend\\node_modules\\@img\\sharp-libvips-linux-arm'
169 silly reify ]
170 verbose reify failed optional dependency C:\Users\user\Downloads\capstoneui\capstone-nest-backend\next-frontend\node_modules\@img\sharp-libvips-darwin-x64
171 silly reify mark deleted [
171 silly reify   'C:\\Users\\user\\Downloads\\capstoneui\\capstone-nest-backend\\next-frontend\\node_modules\\@img\\sharp-libvips-darwin-x64'
171 silly reify ]
172 verbose reify failed optional dependency C:\Users\user\Downloads\capstoneui\capstone-nest-backend\next-frontend\node_modules\@img\sharp-libvips-darwin-arm64
173 silly reify mark deleted [
173 silly reify   'C:\\Users\\user\\Downloads\\capstoneui\\capstone-nest-backend\\next-frontend\\node_modules\\@img\\sharp-libvips-darwin-arm64'
173 silly reify ]
174 verbose reify failed optional dependency C:\Users\user\Downloads\capstoneui\capstone-nest-backend\next-frontend\node_modules\@img\sharp-darwin-x64
175 silly reify mark deleted [
175 silly reify   'C:\\Users\\user\\Downloads\\capstoneui\\capstone-nest-backend\\next-frontend\\node_modules\\@img\\sharp-darwin-x64'
175 silly reify ]
176 verbose reify failed optional dependency C:\Users\user\Downloads\capstoneui\capstone-nest-backend\next-frontend\node_modules\@img\sharp-darwin-arm64
177 silly reify mark deleted [
177 silly reify   'C:\\Users\\user\\Downloads\\capstoneui\\capstone-nest-backend\\next-frontend\\node_modules\\@img\\sharp-darwin-arm64'
177 silly reify ]
178 verbose audit error FetchError: request to https://registry.npmjs.org/-/npm/v1/security/advisories/bulk failed, reason: 
178 verbose audit error     at ClientRequest.<anonymous> (C:\Program Files\nodejs\node_modules\npm\node_modules\minipass-fetch\lib\index.js:130:14)
178 verbose audit error     at ClientRequest.emit (node:events:508:28)
178 verbose audit error     at emitErrorEvent (node:_http_client:107:11)
178 verbose audit error     at _destroy (node:_http_client:954:9)
178 verbose audit error     at onSocketNT (node:_http_client:974:5)
178 verbose audit error     at process.processTicksAndRejections (node:internal/process/task_queues:91:21) {
178 verbose audit error   code: 'EACCES',
178 verbose audit error   errno: 'EACCES',
178 verbose audit error   type: 'system'
178 verbose audit error }
179 silly audit error undefined
180 silly audit report null
181 http cache zod-validation-error@https://registry.npmjs.org/zod-validation-error/-/zod-validation-error-4.0.2.tgz 1ms (cache hit)
182 http cache zod@https://registry.npmjs.org/zod/-/zod-4.3.6.tgz 0ms (cache hit)
183 http cache zip-stream@https://registry.npmjs.org/zip-stream/-/zip-stream-4.1.1.tgz 0ms (cache hit)
184 http cache yoga-layout@https://registry.npmjs.org/yoga-layout/-/yoga-layout-3.2.1.tgz 0ms (cache hit)
185 http cache yocto-queue@https://registry.npmjs.org/yocto-queue/-/yocto-queue-0.1.0.tgz 0ms (cache hit)
186 http cache yargs@https://registry.npmjs.org/yargs/-/yargs-17.7.2.tgz 0ms (cache hit)
187 http cache yargs-parser@https://registry.npmjs.org/yargs-parser/-/yargs-parser-21.1.1.tgz 0ms (cache hit)
188 http cache yallist@https://registry.npmjs.org/yallist/-/yallist-3.1.1.tgz 0ms (cache hit)
189 http cache y18n@https://registry.npmjs.org/y18n/-/y18n-5.0.8.tgz 0ms (cache hit)
190 http cache xmlhttprequest-ssl@https://registry.npmjs.org/xmlhttprequest-ssl/-/xmlhttprequest-ssl-2.1.2.tgz 0ms (cache hit)
191 http cache xmlchars@https://registry.npmjs.org/xmlchars/-/xmlchars-2.2.0.tgz 0ms (cache hit)
192 http cache xml-name-validator@https://registry.npmjs.org/xml-name-validator/-/xml-name-validator-5.0.0.tgz 0ms (cache hit)
193 http cache ws@https://registry.npmjs.org/ws/-/ws-8.18.3.tgz 0ms (cache hit)
194 http cache write-file-atomic@https://registry.npmjs.org/write-file-atomic/-/write-file-atomic-5.0.1.tgz 0ms (cache hit)
195 http cache wrap-ansi-cjs@https://registry.npmjs.org/wrap-ansi/-/wrap-ansi-7.0.0.tgz 0ms (cache hit)
196 http cache wrappy@https://registry.npmjs.org/wrappy/-/wrappy-1.0.2.tgz 0ms (cache hit)
197 http cache wrap-ansi@https://registry.npmjs.org/wrap-ansi/-/wrap-ansi-8.1.0.tgz 0ms (cache hit)
198 http cache word-wrap@https://registry.npmjs.org/word-wrap/-/word-wrap-1.2.5.tgz 0ms (cache hit)
199 http cache which-typed-array@https://registry.npmjs.org/which-typed-array/-/which-typed-array-1.1.20.tgz 0ms (cache hit)
200 http cache which-collection@https://registry.npmjs.org/which-collection/-/which-collection-1.0.2.tgz 0ms (cache hit)
201 http cache which-builtin-type@https://registry.npmjs.org/which-builtin-type/-/which-builtin-type-1.2.1.tgz 0ms (cache hit)
202 http cache which-boxed-primitive@https://registry.npmjs.org/which-boxed-primitive/-/which-boxed-primitive-1.1.1.tgz 0ms (cache hit)
203 http cache which@https://registry.npmjs.org/which/-/which-2.0.2.tgz 0ms (cache hit)
204 http cache whatwg-url@https://registry.npmjs.org/whatwg-url/-/whatwg-url-14.2.0.tgz 0ms (cache hit)
205 http cache whatwg-mimetype@https://registry.npmjs.org/whatwg-mimetype/-/whatwg-mimetype-4.0.0.tgz 0ms (cache hit)
206 http cache whatwg-encoding@https://registry.npmjs.org/whatwg-encoding/-/whatwg-encoding-3.1.1.tgz 0ms (cache hit)
207 http cache webidl-conversions@https://registry.npmjs.org/webidl-conversions/-/webidl-conversions-7.0.0.tgz 0ms (cache hit)
208 http cache walker@https://registry.npmjs.org/walker/-/walker-1.0.8.tgz 0ms (cache hit)
209 http cache w3c-xmlserializer@https://registry.npmjs.org/w3c-xmlserializer/-/w3c-xmlserializer-5.0.0.tgz 0ms (cache hit)
210 http cache w3c-keyname@https://registry.npmjs.org/w3c-keyname/-/w3c-keyname-2.2.8.tgz 0ms (cache hit)
211 http cache v8-to-istanbul@https://registry.npmjs.org/v8-to-istanbul/-/v8-to-istanbul-9.3.0.tgz 0ms (cache hit)
212 http cache vite-compatible-readable-stream@https://registry.npmjs.org/vite-compatible-readable-stream/-/vite-compatible-readable-stream-3.6.1.tgz 0ms (cache hit)
213 http cache uuid@https://registry.npmjs.org/uuid/-/uuid-14.0.0.tgz 0ms (cache hit)
214 http cache util-deprecate@https://registry.npmjs.org/util-deprecate/-/util-deprecate-1.0.2.tgz 0ms (cache hit)
215 http cache use-sync-external-store@https://registry.npmjs.org/use-sync-external-store/-/use-sync-external-store-1.6.0.tgz 0ms (cache hit)
216 http cache use-sidecar@https://registry.npmjs.org/use-sidecar/-/use-sidecar-1.1.3.tgz 0ms (cache hit)
217 http cache use-callback-ref@https://registry.npmjs.org/use-callback-ref/-/use-callback-ref-1.3.3.tgz 0ms (cache hit)
218 http cache uri-js@https://registry.npmjs.org/uri-js/-/uri-js-4.4.1.tgz 0ms (cache hit)
219 http cache unzipper@https://registry.npmjs.org/unzipper/-/unzipper-0.10.14.tgz 0ms (cache hit)
220 http cache unrs-resolver@https://registry.npmjs.org/unrs-resolver/-/unrs-resolver-1.11.1.tgz 0ms (cache hit)
221 http cache update-browserslist-db@https://registry.npmjs.org/update-browserslist-db/-/update-browserslist-db-1.2.3.tgz 0ms (cache hit)
222 http cache unicode-trie@https://registry.npmjs.org/unicode-trie/-/unicode-trie-2.0.0.tgz 0ms (cache hit)
223 http cache unicode-properties@https://registry.npmjs.org/unicode-properties/-/unicode-properties-1.4.1.tgz 0ms (cache hit)
224 http cache unbox-primitive@https://registry.npmjs.org/unbox-primitive/-/unbox-primitive-1.1.0.tgz 0ms (cache hit)
225 http cache undici-types@https://registry.npmjs.org/undici-types/-/undici-types-6.21.0.tgz 0ms (cache hit)
226 http cache uc.micro@https://registry.npmjs.org/uc.micro/-/uc.micro-2.1.0.tgz 0ms (cache hit)
227 http cache typescript-eslint@https://registry.npmjs.org/typescript-eslint/-/typescript-eslint-8.55.0.tgz 0ms (cache hit)
228 http cache typed-array-byte-offset@https://registry.npmjs.org/typed-array-byte-offset/-/typed-array-byte-offset-1.0.4.tgz 0ms (cache hit)
229 http cache typed-array-length@https://registry.npmjs.org/typed-array-length/-/typed-array-length-1.0.7.tgz 0ms (cache hit)
230 http cache typescript@https://registry.npmjs.org/typescript/-/typescript-5.9.3.tgz 0ms (cache hit)
231 http cache typed-array-buffer@https://registry.npmjs.org/typed-array-buffer/-/typed-array-buffer-1.0.3.tgz 0ms (cache hit)
232 http cache type-fest@https://registry.npmjs.org/type-fest/-/type-fest-0.21.3.tgz 0ms (cache hit)
233 http cache typed-array-byte-length@https://registry.npmjs.org/typed-array-byte-length/-/typed-array-byte-length-1.0.3.tgz 0ms (cache hit)
234 http cache type-detect@https://registry.npmjs.org/type-detect/-/type-detect-4.0.8.tgz 0ms (cache hit)
235 http cache type-check@https://registry.npmjs.org/type-check/-/type-check-0.4.0.tgz 0ms (cache hit)
236 http cache tsconfig-paths@https://registry.npmjs.org/tsconfig-paths/-/tsconfig-paths-3.15.0.tgz 0ms (cache hit)
237 http cache tslib@https://registry.npmjs.org/tslib/-/tslib-2.8.1.tgz 0ms (cache hit)
238 http cache ts-api-utils@https://registry.npmjs.org/ts-api-utils/-/ts-api-utils-2.4.0.tgz 0ms (cache hit)
239 http cache tr46@https://registry.npmjs.org/tr46/-/tr46-5.1.1.tgz 0ms (cache hit)
240 http cache traverse@https://registry.npmjs.org/traverse/-/traverse-0.3.9.tgz 0ms (cache hit)
241 http cache tough-cookie@https://registry.npmjs.org/tough-cookie/-/tough-cookie-5.1.2.tgz 0ms (cache hit)
242 http cache tmpl@https://registry.npmjs.org/tmpl/-/tmpl-1.0.5.tgz 0ms (cache hit)
243 http cache to-regex-range@https://registry.npmjs.org/to-regex-range/-/to-regex-range-5.0.1.tgz 0ms (cache hit)
244 http cache tldts-core@https://registry.npmjs.org/tldts-core/-/tldts-core-6.1.86.tgz 0ms (cache hit)
245 http cache tmp@https://registry.npmjs.org/tmp/-/tmp-0.2.5.tgz 0ms (cache hit)
246 http cache tldts@https://registry.npmjs.org/tldts/-/tldts-6.1.86.tgz 0ms (cache hit)
247 http cache tinyglobby@https://registry.npmjs.org/tinyglobby/-/tinyglobby-0.2.15.tgz 0ms (cache hit)
248 http cache tiny-inflate@https://registry.npmjs.org/tiny-inflate/-/tiny-inflate-1.0.3.tgz 0ms (cache hit)
249 http cache test-exclude@https://registry.npmjs.org/test-exclude/-/test-exclude-6.0.0.tgz 0ms (cache hit)
250 http cache tapable@https://registry.npmjs.org/tapable/-/tapable-2.3.0.tgz 0ms (cache hit)
251 http cache tar-stream@https://registry.npmjs.org/tar-stream/-/tar-stream-2.2.0.tgz 0ms (cache hit)
252 http cache tailwindcss@https://registry.npmjs.org/tailwindcss/-/tailwindcss-4.1.18.tgz 0ms (cache hit)
253 http cache tailwind-merge@https://registry.npmjs.org/tailwind-merge/-/tailwind-merge-2.6.1.tgz 0ms (cache hit)
254 http cache synckit@https://registry.npmjs.org/synckit/-/synckit-0.11.12.tgz 0ms (cache hit)
255 http cache symbol-tree@https://registry.npmjs.org/symbol-tree/-/symbol-tree-3.2.4.tgz 0ms (cache hit)
256 http cache supports-preserve-symlinks-flag@https://registry.npmjs.org/supports-preserve-symlinks-flag/-/supports-preserve-symlinks-flag-1.0.0.tgz 0ms (cache hit)
257 http cache svg-arc-to-cubic-bezier@https://registry.npmjs.org/svg-arc-to-cubic-bezier/-/svg-arc-to-cubic-bezier-3.2.0.tgz 0ms (cache hit)
258 http cache supports-color@https://registry.npmjs.org/supports-color/-/supports-color-7.2.0.tgz 0ms (cache hit)
259 http cache styled-jsx@https://registry.npmjs.org/styled-jsx/-/styled-jsx-5.1.6.tgz 0ms (cache hit)
260 http cache strip-indent@https://registry.npmjs.org/strip-indent/-/strip-indent-3.0.0.tgz 0ms (cache hit)
261 http cache strip-json-comments@https://registry.npmjs.org/strip-json-comments/-/strip-json-comments-3.1.1.tgz 0ms (cache hit)
262 http cache strip-bom@https://registry.npmjs.org/strip-bom/-/strip-bom-3.0.0.tgz 0ms (cache hit)
263 http cache strip-final-newline@https://registry.npmjs.org/strip-final-newline/-/strip-final-newline-2.0.0.tgz 0ms (cache hit)
264 http cache strip-ansi-cjs@https://registry.npmjs.org/strip-ansi/-/strip-ansi-6.0.1.tgz 0ms (cache hit)
265 http cache string.prototype.trimstart@https://registry.npmjs.org/string.prototype.trimstart/-/string.prototype.trimstart-1.0.8.tgz 0ms (cache hit)
266 http cache strip-ansi@https://registry.npmjs.org/strip-ansi/-/strip-ansi-7.2.0.tgz 0ms (cache hit)
267 http cache string.prototype.trimend@https://registry.npmjs.org/string.prototype.trimend/-/string.prototype.trimend-1.0.9.tgz 0ms (cache hit)
268 http cache string.prototype.trim@https://registry.npmjs.org/string.prototype.trim/-/string.prototype.trim-1.2.10.tgz 0ms (cache hit)
269 http cache string.prototype.repeat@https://registry.npmjs.org/string.prototype.repeat/-/string.prototype.repeat-1.0.0.tgz 0ms (cache hit)
270 http cache string.prototype.matchall@https://registry.npmjs.org/string.prototype.matchall/-/string.prototype.matchall-4.0.12.tgz 0ms (cache hit)
271 http cache string.prototype.includes@https://registry.npmjs.org/string.prototype.includes/-/string.prototype.includes-2.0.1.tgz 0ms (cache hit)
272 http cache string-width-cjs@https://registry.npmjs.org/string-width/-/string-width-4.2.3.tgz 0ms (cache hit)
273 http cache string-width@https://registry.npmjs.org/string-width/-/string-width-5.1.2.tgz 0ms (cache hit)
274 http cache string-length@https://registry.npmjs.org/string-length/-/string-length-4.0.2.tgz 0ms (cache hit)
275 http cache string_decoder@https://registry.npmjs.org/string_decoder/-/string_decoder-1.3.0.tgz 0ms (cache hit)
276 http cache stop-iteration-iterator@https://registry.npmjs.org/stop-iteration-iterator/-/stop-iteration-iterator-1.1.0.tgz 0ms (cache hit)
277 http cache stack-utils@https://registry.npmjs.org/stack-utils/-/stack-utils-2.0.6.tgz 0ms (cache hit)
278 http cache sprintf-js@https://registry.npmjs.org/sprintf-js/-/sprintf-js-1.0.3.tgz 0ms (cache hit)
279 http cache stable-hash@https://registry.npmjs.org/stable-hash/-/stable-hash-0.0.5.tgz 0ms (cache hit)
280 http cache source-map-support@https://registry.npmjs.org/source-map-support/-/source-map-support-0.5.13.tgz 0ms (cache hit)
281 http cache source-map-js@https://registry.npmjs.org/source-map-js/-/source-map-js-1.2.1.tgz 0ms (cache hit)
282 http cache source-map@https://registry.npmjs.org/source-map/-/source-map-0.6.1.tgz 0ms (cache hit)
283 http cache sonner@https://registry.npmjs.org/sonner/-/sonner-2.0.7.tgz 0ms (cache hit)
284 http cache socket.io-parser@https://registry.npmjs.org/socket.io-parser/-/socket.io-parser-4.2.6.tgz 0ms (cache hit)
285 http cache socket.io-client@https://registry.npmjs.org/socket.io-client/-/socket.io-client-4.8.3.tgz 0ms (cache hit)
286 http cache slash@https://registry.npmjs.org/slash/-/slash-3.0.0.tgz 0ms (cache hit)
287 http cache side-channel-weakmap@https://registry.npmjs.org/side-channel-weakmap/-/side-channel-weakmap-1.0.2.tgz 0ms (cache hit)
288 http cache signal-exit@https://registry.npmjs.org/signal-exit/-/signal-exit-4.1.0.tgz 0ms (cache hit)
289 http cache side-channel-map@https://registry.npmjs.org/side-channel-map/-/side-channel-map-1.0.1.tgz 0ms (cache hit)
290 http cache side-channel-list@https://registry.npmjs.org/side-channel-list/-/side-channel-list-1.0.0.tgz 0ms (cache hit)
291 http cache side-channel@https://registry.npmjs.org/side-channel/-/side-channel-1.1.0.tgz 0ms (cache hit)
292 http cache shebang-regex@https://registry.npmjs.org/shebang-regex/-/shebang-regex-3.0.0.tgz 0ms (cache hit)
293 http cache shebang-command@https://registry.npmjs.org/shebang-command/-/shebang-command-2.0.0.tgz 0ms (cache hit)
294 http cache setimmediate@https://registry.npmjs.org/setimmediate/-/setimmediate-1.0.5.tgz 0ms (cache hit)
295 http cache sharp@https://registry.npmjs.org/sharp/-/sharp-0.34.5.tgz 0ms (cache hit)
296 http cache set-proto@https://registry.npmjs.org/set-proto/-/set-proto-1.0.0.tgz 0ms (cache hit)
297 http cache set-function-name@https://registry.npmjs.org/set-function-name/-/set-function-name-2.0.2.tgz 0ms (cache hit)
298 http cache set-function-length@https://registry.npmjs.org/set-function-length/-/set-function-length-1.2.2.tgz 0ms (cache hit)
299 http cache semver@https://registry.npmjs.org/semver/-/semver-6.3.1.tgz 0ms (cache hit)
300 http cache scheduler@https://registry.npmjs.org/scheduler/-/scheduler-0.27.0.tgz 0ms (cache hit)
301 http cache safer-buffer@https://registry.npmjs.org/safer-buffer/-/safer-buffer-2.1.2.tgz 0ms (cache hit)
302 http cache saxes@https://registry.npmjs.org/saxes/-/saxes-6.0.0.tgz 0ms (cache hit)
303 http cache safe-regex-test@https://registry.npmjs.org/safe-regex-test/-/safe-regex-test-1.1.0.tgz 0ms (cache hit)
304 http cache safe-push-apply@https://registry.npmjs.org/safe-push-apply/-/safe-push-apply-1.0.0.tgz 0ms (cache hit)
305 http cache safe-array-concat@https://registry.npmjs.org/safe-array-concat/-/safe-array-concat-1.1.3.tgz 0ms (cache hit)
306 http cache safe-buffer@https://registry.npmjs.org/safe-buffer/-/safe-buffer-5.2.1.tgz 0ms (cache hit)
307 http cache run-parallel@https://registry.npmjs.org/run-parallel/-/run-parallel-1.2.0.tgz 0ms (cache hit)
308 http cache rrweb-cssom@https://registry.npmjs.org/rrweb-cssom/-/rrweb-cssom-0.8.0.tgz 0ms (cache hit)
309 http cache rope-sequence@https://registry.npmjs.org/rope-sequence/-/rope-sequence-1.3.4.tgz 0ms (cache hit)
310 http cache rimraf@https://registry.npmjs.org/rimraf/-/rimraf-2.7.1.tgz 0ms (cache hit)
311 http cache restructure@https://registry.npmjs.org/restructure/-/restructure-3.0.2.tgz 0ms (cache hit)
312 http cache reusify@https://registry.npmjs.org/reusify/-/reusify-1.1.0.tgz 0ms (cache hit)
313 http cache resolve-pkg-maps@https://registry.npmjs.org/resolve-pkg-maps/-/resolve-pkg-maps-1.0.0.tgz 0ms (cache hit)
314 http cache resolve-cwd@https://registry.npmjs.org/resolve-cwd/-/resolve-cwd-3.0.0.tgz 0ms (cache hit)
315 http cache resolve-from@https://registry.npmjs.org/resolve-from/-/resolve-from-4.0.0.tgz 0ms (cache hit)
316 http cache resolve@https://registry.npmjs.org/resolve/-/resolve-1.22.11.tgz 0ms (cache hit)
317 http cache require-directory@https://registry.npmjs.org/require-directory/-/require-directory-2.1.1.tgz 0ms (cache hit)
318 http cache require-from-string@https://registry.npmjs.org/require-from-string/-/require-from-string-2.0.2.tgz 0ms (cache hit)
319 http cache regexp.prototype.flags@https://registry.npmjs.org/regexp.prototype.flags/-/regexp.prototype.flags-1.5.4.tgz 0ms (cache hit)
320 http cache reflect.getprototypeof@https://registry.npmjs.org/reflect.getprototypeof/-/reflect.getprototypeof-1.0.10.tgz 0ms (cache hit)
321 http cache redent@https://registry.npmjs.org/redent/-/redent-3.0.0.tgz 0ms (cache hit)
322 http cache readdir-glob@https://registry.npmjs.org/readdir-glob/-/readdir-glob-1.1.3.tgz 0ms (cache hit)
323 http cache readable-stream@https://registry.npmjs.org/readable-stream/-/readable-stream-3.6.2.tgz 0ms (cache hit)
324 http cache react-style-singleton@https://registry.npmjs.org/react-style-singleton/-/react-style-singleton-2.2.3.tgz 0ms (cache hit)
325 http cache react-remove-scroll-bar@https://registry.npmjs.org/react-remove-scroll-bar/-/react-remove-scroll-bar-2.3.8.tgz 0ms (cache hit)
326 http cache react-remove-scroll@https://registry.npmjs.org/react-remove-scroll/-/react-remove-scroll-2.7.2.tgz 0ms (cache hit)
327 http cache react-hook-form@https://registry.npmjs.org/react-hook-form/-/react-hook-form-7.71.1.tgz 0ms (cache hit)
328 http cache react-is@https://registry.npmjs.org/react-is/-/react-is-16.13.1.tgz 0ms (cache hit)
329 http cache react-dom@https://registry.npmjs.org/react-dom/-/react-dom-19.2.3.tgz 0ms (cache hit)
330 http cache react-easy-crop@https://registry.npmjs.org/react-easy-crop/-/react-easy-crop-5.5.7.tgz 0ms (cache hit)
331 http cache queue-microtask@https://registry.npmjs.org/queue-microtask/-/queue-microtask-1.2.3.tgz 0ms (cache hit)
332 http cache react@https://registry.npmjs.org/react/-/react-19.2.3.tgz 0ms (cache hit)
333 http cache queue@https://registry.npmjs.org/queue/-/queue-6.0.2.tgz 0ms (cache hit)
334 http cache pure-rand@https://registry.npmjs.org/pure-rand/-/pure-rand-7.0.1.tgz 0ms (cache hit)
335 http cache punycode.js@https://registry.npmjs.org/punycode.js/-/punycode.js-2.3.1.tgz 0ms (cache hit)
336 http cache punycode@https://registry.npmjs.org/punycode/-/punycode-2.3.1.tgz 0ms (cache hit)
337 http cache prosemirror-view@https://registry.npmjs.org/prosemirror-view/-/prosemirror-view-1.41.7.tgz 0ms (cache hit)
338 http cache proxy-from-env@https://registry.npmjs.org/proxy-from-env/-/proxy-from-env-2.1.0.tgz 0ms (cache hit)
339 http cache prosemirror-transform@https://registry.npmjs.org/prosemirror-transform/-/prosemirror-transform-1.11.0.tgz 0ms (cache hit)
340 http cache prosemirror-tables@https://registry.npmjs.org/prosemirror-tables/-/prosemirror-tables-1.8.5.tgz 0ms (cache hit)
341 http cache prosemirror-trailing-node@https://registry.npmjs.org/prosemirror-trailing-node/-/prosemirror-trailing-node-3.0.0.tgz 0ms (cache hit)
342 http cache prosemirror-state@https://registry.npmjs.org/prosemirror-state/-/prosemirror-state-1.4.4.tgz 0ms (cache hit)
343 http cache prosemirror-schema-list@https://registry.npmjs.org/prosemirror-schema-list/-/prosemirror-schema-list-1.5.1.tgz 0ms (cache hit)
344 http cache prosemirror-schema-basic@https://registry.npmjs.org/prosemirror-schema-basic/-/prosemirror-schema-basic-1.2.4.tgz 0ms (cache hit)
345 http cache prosemirror-model@https://registry.npmjs.org/prosemirror-model/-/prosemirror-model-1.25.4.tgz 0ms (cache hit)
346 http cache prosemirror-markdown@https://registry.npmjs.org/prosemirror-markdown/-/prosemirror-markdown-1.13.4.tgz 0ms (cache hit)
347 http cache prosemirror-menu@https://registry.npmjs.org/prosemirror-menu/-/prosemirror-menu-1.3.0.tgz 0ms (cache hit)
348 http cache prosemirror-inputrules@https://registry.npmjs.org/prosemirror-inputrules/-/prosemirror-inputrules-1.5.1.tgz 0ms (cache hit)
349 http cache prosemirror-keymap@https://registry.npmjs.org/prosemirror-keymap/-/prosemirror-keymap-1.2.3.tgz 0ms (cache hit)
350 http cache prosemirror-history@https://registry.npmjs.org/prosemirror-history/-/prosemirror-history-1.5.0.tgz 0ms (cache hit)
351 http cache prosemirror-gapcursor@https://registry.npmjs.org/prosemirror-gapcursor/-/prosemirror-gapcursor-1.4.1.tgz 1ms (cache hit)
352 http cache prosemirror-dropcursor@https://registry.npmjs.org/prosemirror-dropcursor/-/prosemirror-dropcursor-1.8.2.tgz 0ms (cache hit)
353 http cache prosemirror-changeset@https://registry.npmjs.org/prosemirror-changeset/-/prosemirror-changeset-2.4.0.tgz 0ms (cache hit)
354 http cache prosemirror-commands@https://registry.npmjs.org/prosemirror-commands/-/prosemirror-commands-1.7.1.tgz 0ms (cache hit)
355 http cache prosemirror-collab@https://registry.npmjs.org/prosemirror-collab/-/prosemirror-collab-1.3.1.tgz 0ms (cache hit)
356 http cache process-nextick-args@https://registry.npmjs.org/process-nextick-args/-/process-nextick-args-2.0.1.tgz 0ms (cache hit)
357 http cache pretty-format@https://registry.npmjs.org/pretty-format/-/pretty-format-27.5.1.tgz 0ms (cache hit)
358 http cache prop-types@https://registry.npmjs.org/prop-types/-/prop-types-15.8.1.tgz 0ms (cache hit)
359 http cache prelude-ls@https://registry.npmjs.org/prelude-ls/-/prelude-ls-1.2.1.tgz 0ms (cache hit)
360 http cache postcss-value-parser@https://registry.npmjs.org/postcss-value-parser/-/postcss-value-parser-4.2.0.tgz 0ms (cache hit)
361 http cache png-js@https://registry.npmjs.org/png-js/-/png-js-2.0.0.tgz 0ms (cache hit)
362 http cache postcss@https://registry.npmjs.org/postcss/-/postcss-8.5.6.tgz 0ms (cache hit)
363 http cache possible-typed-array-names@https://registry.npmjs.org/possible-typed-array-names/-/possible-typed-array-names-1.1.0.tgz 0ms (cache hit)
364 http cache playwright-core@https://registry.npmjs.org/playwright-core/-/playwright-core-1.58.2.tgz 0ms (cache hit)
365 http cache pkg-dir@https://registry.npmjs.org/pkg-dir/-/pkg-dir-4.2.0.tgz 0ms (cache hit)
366 http cache playwright@https://registry.npmjs.org/playwright/-/playwright-1.58.2.tgz 0ms (cache hit)
367 http cache pirates@https://registry.npmjs.org/pirates/-/pirates-4.0.7.tgz 0ms (cache hit)
368 http cache picomatch@https://registry.npmjs.org/picomatch/-/picomatch-2.3.1.tgz 0ms (cache hit)
369 http cache picocolors@https://registry.npmjs.org/picocolors/-/picocolors-1.1.1.tgz 0ms (cache hit)
370 http cache path-scurry@https://registry.npmjs.org/path-scurry/-/path-scurry-1.11.1.tgz 0ms (cache hit)
371 http cache path-parse@https://registry.npmjs.org/path-parse/-/path-parse-1.0.7.tgz 0ms (cache hit)
372 http cache path-key@https://registry.npmjs.org/path-key/-/path-key-3.1.1.tgz 0ms (cache hit)
373 http cache path-exists@https://registry.npmjs.org/path-exists/-/path-exists-4.0.0.tgz 0ms (cache hit)
374 http cache path-is-absolute@https://registry.npmjs.org/path-is-absolute/-/path-is-absolute-1.0.1.tgz 0ms (cache hit)
375 http cache parse-svg-path@https://registry.npmjs.org/parse-svg-path/-/parse-svg-path-0.1.2.tgz 0ms (cache hit)
376 http cache parse-json@https://registry.npmjs.org/parse-json/-/parse-json-5.2.0.tgz 0ms (cache hit)
377 http cache pako@https://registry.npmjs.org/pako/-/pako-1.0.11.tgz 0ms (cache hit)
378 http cache parent-module@https://registry.npmjs.org/parent-module/-/parent-module-1.0.1.tgz 0ms (cache hit)
379 http cache parse5@https://registry.npmjs.org/parse5/-/parse5-7.3.0.tgz 0ms (cache hit)
380 http cache p-try@https://registry.npmjs.org/p-try/-/p-try-2.2.0.tgz 0ms (cache hit)
381 http cache package-json-from-dist@https://registry.npmjs.org/package-json-from-dist/-/package-json-from-dist-1.0.1.tgz 0ms (cache hit)
382 http cache p-locate@https://registry.npmjs.org/p-locate/-/p-locate-5.0.0.tgz 0ms (cache hit)
383 http cache p-limit@https://registry.npmjs.org/p-limit/-/p-limit-3.1.0.tgz 0ms (cache hit)
384 http cache own-keys@https://registry.npmjs.org/own-keys/-/own-keys-1.0.1.tgz 0ms (cache hit)
385 http cache orderedmap@https://registry.npmjs.org/orderedmap/-/orderedmap-2.1.1.tgz 0ms (cache hit)
386 http cache optionator@https://registry.npmjs.org/optionator/-/optionator-0.9.4.tgz 0ms (cache hit)
387 http cache onetime@https://registry.npmjs.org/onetime/-/onetime-5.1.2.tgz 0ms (cache hit)
388 http cache once@https://registry.npmjs.org/once/-/once-1.4.0.tgz 0ms (cache hit)
389 http cache object.values@https://registry.npmjs.org/object.values/-/object.values-1.2.1.tgz 0ms (cache hit)
390 http cache object.groupby@https://registry.npmjs.org/object.groupby/-/object.groupby-1.0.3.tgz 0ms (cache hit)
391 http cache object.entries@https://registry.npmjs.org/object.entries/-/object.entries-1.1.9.tgz 0ms (cache hit)
392 http cache object.fromentries@https://registry.npmjs.org/object.fromentries/-/object.fromentries-2.0.8.tgz 0ms (cache hit)
393 http cache object-keys@https://registry.npmjs.org/object-keys/-/object-keys-1.1.1.tgz 0ms (cache hit)
394 http cache object.assign@https://registry.npmjs.org/object.assign/-/object.assign-4.1.7.tgz 0ms (cache hit)
395 http cache object-inspect@https://registry.npmjs.org/object-inspect/-/object-inspect-1.13.4.tgz 0ms (cache hit)
396 http cache object-assign@https://registry.npmjs.org/object-assign/-/object-assign-4.1.1.tgz 0ms (cache hit)
397 http cache nwsapi@https://registry.npmjs.org/nwsapi/-/nwsapi-2.2.23.tgz 0ms (cache hit)
398 http cache npm-run-path@https://registry.npmjs.org/npm-run-path/-/npm-run-path-4.0.1.tgz 0ms (cache hit)
399 http cache normalize-wheel@https://registry.npmjs.org/normalize-wheel/-/normalize-wheel-1.0.1.tgz 0ms (cache hit)
400 http cache normalize-svg-path@https://registry.npmjs.org/normalize-svg-path/-/normalize-svg-path-1.1.0.tgz 0ms (cache hit)
401 http cache normalize-path@https://registry.npmjs.org/normalize-path/-/normalize-path-3.0.0.tgz 0ms (cache hit)
402 http cache node-releases@https://registry.npmjs.org/node-releases/-/node-releases-2.0.27.tgz 0ms (cache hit)
403 http cache node-int64@https://registry.npmjs.org/node-int64/-/node-int64-0.4.0.tgz 0ms (cache hit)
404 http cache napi-postinstall@https://registry.npmjs.org/napi-postinstall/-/napi-postinstall-0.3.4.tgz 0ms (cache hit)
405 http cache natural-compare@https://registry.npmjs.org/natural-compare/-/natural-compare-1.4.0.tgz 0ms (cache hit)
406 http cache nanoid@https://registry.npmjs.org/nanoid/-/nanoid-3.3.11.tgz 0ms (cache hit)
407 http cache motion-utils@https://registry.npmjs.org/motion-utils/-/motion-utils-12.29.2.tgz 0ms (cache hit)
408 http cache next@https://registry.npmjs.org/next/-/next-16.2.4.tgz 0ms (cache hit)
409 http cache ms@https://registry.npmjs.org/ms/-/ms-2.1.3.tgz 0ms (cache hit)
410 http cache motion-dom@https://registry.npmjs.org/motion-dom/-/motion-dom-12.34.0.tgz 0ms (cache hit)
411 http cache mkdirp@https://registry.npmjs.org/mkdirp/-/mkdirp-0.5.6.tgz 0ms (cache hit)
412 http cache minipass@https://registry.npmjs.org/minipass/-/minipass-7.1.3.tgz 0ms (cache hit)
413 http cache minimist@https://registry.npmjs.org/minimist/-/minimist-1.2.8.tgz 0ms (cache hit)
414 http cache minimatch@https://registry.npmjs.org/minimatch/-/minimatch-3.1.5.tgz 0ms (cache hit)
415 http cache mimic-fn@https://registry.npmjs.org/mimic-fn/-/mimic-fn-2.1.0.tgz 0ms (cache hit)
416 http cache min-indent@https://registry.npmjs.org/min-indent/-/min-indent-1.0.1.tgz 0ms (cache hit)
417 http cache mime-db@https://registry.npmjs.org/mime-db/-/mime-db-1.52.0.tgz 0ms (cache hit)
418 http cache micromatch@https://registry.npmjs.org/micromatch/-/micromatch-4.0.8.tgz 0ms (cache hit)
419 http cache merge2@https://registry.npmjs.org/merge2/-/merge2-1.4.1.tgz 0ms (cache hit)
420 http cache mime-types@https://registry.npmjs.org/mime-types/-/mime-types-2.1.35.tgz 0ms (cache hit)
421 http cache merge-stream@https://registry.npmjs.org/merge-stream/-/merge-stream-2.0.0.tgz 0ms (cache hit)
422 http cache mdurl@https://registry.npmjs.org/mdurl/-/mdurl-2.0.0.tgz 0ms (cache hit)
423 http cache math-intrinsics@https://registry.npmjs.org/math-intrinsics/-/math-intrinsics-1.1.0.tgz 0ms (cache hit)
424 http cache media-engine@https://registry.npmjs.org/media-engine/-/media-engine-1.0.3.tgz 0ms (cache hit)
425 http cache markdown-it@https://registry.npmjs.org/markdown-it/-/markdown-it-14.1.1.tgz 0ms (cache hit)
426 http cache makeerror@https://registry.npmjs.org/makeerror/-/makeerror-1.0.12.tgz 0ms (cache hit)
427 http cache make-dir@https://registry.npmjs.org/make-dir/-/make-dir-4.0.0.tgz 0ms (cache hit)
428 http cache magic-string@https://registry.npmjs.org/magic-string/-/magic-string-0.30.21.tgz 0ms (cache hit)
429 http cache lucide-react@https://registry.npmjs.org/lucide-react/-/lucide-react-0.487.0.tgz 0ms (cache hit)
430 http cache lz-string@https://registry.npmjs.org/lz-string/-/lz-string-1.5.0.tgz 0ms (cache hit)
431 http cache lru-cache@https://registry.npmjs.org/lru-cache/-/lru-cache-5.1.1.tgz 0ms (cache hit)
432 http cache lodash.union@https://registry.npmjs.org/lodash.union/-/lodash.union-4.6.0.tgz 0ms (cache hit)
433 http cache loose-envify@https://registry.npmjs.org/loose-envify/-/loose-envify-1.4.0.tgz 0ms (cache hit)
434 http cache lodash.uniq@https://registry.npmjs.org/lodash.uniq/-/lodash.uniq-4.5.0.tgz 0ms (cache hit)
435 http cache lodash.merge@https://registry.npmjs.org/lodash.merge/-/lodash.merge-4.6.2.tgz 0ms (cache hit)
436 http cache lodash.isundefined@https://registry.npmjs.org/lodash.isundefined/-/lodash.isundefined-3.0.1.tgz 0ms (cache hit)
437 http cache lodash.isplainobject@https://registry.npmjs.org/lodash.isplainobject/-/lodash.isplainobject-4.0.6.tgz 0ms (cache hit)
438 http cache lodash.isnil@https://registry.npmjs.org/lodash.isnil/-/lodash.isnil-4.0.0.tgz 0ms (cache hit)
439 http cache lodash.isfunction@https://registry.npmjs.org/lodash.isfunction/-/lodash.isfunction-3.0.9.tgz 0ms (cache hit)
440 http cache lodash.isequal@https://registry.npmjs.org/lodash.isequal/-/lodash.isequal-4.5.0.tgz 1ms (cache hit)
441 http cache lodash.isboolean@https://registry.npmjs.org/lodash.isboolean/-/lodash.isboolean-3.0.3.tgz 0ms (cache hit)
442 http cache lodash.groupby@https://registry.npmjs.org/lodash.groupby/-/lodash.groupby-4.6.0.tgz 0ms (cache hit)
443 http cache lodash.escaperegexp@https://registry.npmjs.org/lodash.escaperegexp/-/lodash.escaperegexp-4.1.2.tgz 0ms (cache hit)
444 http cache lodash.flatten@https://registry.npmjs.org/lodash.flatten/-/lodash.flatten-4.4.0.tgz 0ms (cache hit)
445 http cache lodash.defaults@https://registry.npmjs.org/lodash.defaults/-/lodash.defaults-4.2.0.tgz 0ms (cache hit)
446 http cache lodash.difference@https://registry.npmjs.org/lodash.difference/-/lodash.difference-4.5.0.tgz 0ms (cache hit)
447 http cache locate-path@https://registry.npmjs.org/locate-path/-/locate-path-6.0.0.tgz 0ms (cache hit)
448 http cache linkifyjs@https://registry.npmjs.org/linkifyjs/-/linkifyjs-4.3.2.tgz 0ms (cache hit)
449 http cache listenercount@https://registry.npmjs.org/listenercount/-/listenercount-1.0.1.tgz 0ms (cache hit)
450 http cache linkify-it@https://registry.npmjs.org/linkify-it/-/linkify-it-5.0.0.tgz 0ms (cache hit)
451 http cache lines-and-columns@https://registry.npmjs.org/lines-and-columns/-/lines-and-columns-1.2.4.tgz 0ms (cache hit)
452 http cache lazystream@https://registry.npmjs.org/lazystream/-/lazystream-1.0.1.tgz 0ms (cache hit)
453 http cache linebreak@https://registry.npmjs.org/linebreak/-/linebreak-1.1.0.tgz 0ms (cache hit)
454 http cache lightningcss-win32-x64-msvc@https://registry.npmjs.org/lightningcss-win32-x64-msvc/-/lightningcss-win32-x64-msvc-1.30.2.tgz 0ms (cache hit)
455 http cache lightningcss@https://registry.npmjs.org/lightningcss/-/lightningcss-1.30.2.tgz 0ms (cache hit)
456 http cache lie@https://registry.npmjs.org/lie/-/lie-3.3.0.tgz 0ms (cache hit)
457 http cache jszip@https://registry.npmjs.org/jszip/-/jszip-3.10.1.tgz 0ms (cache hit)
458 http cache levn@https://registry.npmjs.org/levn/-/levn-0.4.1.tgz 0ms (cache hit)
459 http cache leven@https://registry.npmjs.org/leven/-/leven-3.1.0.tgz 0ms (cache hit)
460 http cache language-tags@https://registry.npmjs.org/language-tags/-/language-tags-1.0.9.tgz 0ms (cache hit)
461 http cache language-subtag-registry@https://registry.npmjs.org/language-subtag-registry/-/language-subtag-registry-0.3.23.tgz 0ms (cache hit)
462 http cache keyv@https://registry.npmjs.org/keyv/-/keyv-4.5.4.tgz 0ms (cache hit)
463 http cache jsx-ast-utils@https://registry.npmjs.org/jsx-ast-utils/-/jsx-ast-utils-3.3.5.tgz 0ms (cache hit)
464 http cache json-stable-stringify-without-jsonify@https://registry.npmjs.org/json-stable-stringify-without-jsonify/-/json-stable-stringify-without-jsonify-1.0.1.tgz 0ms (cache hit)
465 http cache json5@https://registry.npmjs.org/json5/-/json5-2.2.3.tgz 0ms (cache hit)
466 http cache json-schema-traverse@https://registry.npmjs.org/json-schema-traverse/-/json-schema-traverse-0.4.1.tgz 0ms (cache hit)
467 http cache json-parse-even-better-errors@https://registry.npmjs.org/json-parse-even-better-errors/-/json-parse-even-better-errors-2.3.1.tgz 0ms (cache hit)
468 http cache json-buffer@https://registry.npmjs.org/json-buffer/-/json-buffer-3.0.1.tgz 1ms (cache hit)
469 http cache js-yaml@https://registry.npmjs.org/js-yaml/-/js-yaml-4.1.1.tgz 0ms (cache hit)
470 http cache jsesc@https://registry.npmjs.org/jsesc/-/jsesc-3.1.0.tgz 0ms (cache hit)
471 http cache jsdom@https://registry.npmjs.org/jsdom/-/jsdom-26.1.0.tgz 0ms (cache hit)
472 http cache js-tokens@https://registry.npmjs.org/js-tokens/-/js-tokens-4.0.0.tgz 0ms (cache hit)
473 http cache js-md5@https://registry.npmjs.org/js-md5/-/js-md5-0.8.3.tgz 0ms (cache hit)
474 http cache jiti@https://registry.npmjs.org/jiti/-/jiti-2.6.1.tgz 0ms (cache hit)
475 http cache jest-worker@https://registry.npmjs.org/jest-worker/-/jest-worker-30.3.0.tgz 0ms (cache hit)
476 http cache jest-watcher@https://registry.npmjs.org/jest-watcher/-/jest-watcher-30.3.0.tgz 0ms (cache hit)
477 http cache jest-validate@https://registry.npmjs.org/jest-validate/-/jest-validate-30.3.0.tgz 0ms (cache hit)
478 http cache jest-snapshot@https://registry.npmjs.org/jest-snapshot/-/jest-snapshot-30.3.0.tgz 0ms (cache hit)
479 http cache jest-runtime@https://registry.npmjs.org/jest-runtime/-/jest-runtime-30.3.0.tgz 0ms (cache hit)
480 http cache jest-util@https://registry.npmjs.org/jest-util/-/jest-util-30.3.0.tgz 0ms (cache hit)
481 http cache jest-runner@https://registry.npmjs.org/jest-runner/-/jest-runner-30.3.0.tgz 0ms (cache hit)
482 http cache jest-resolve-dependencies@https://registry.npmjs.org/jest-resolve-dependencies/-/jest-resolve-dependencies-30.3.0.tgz 0ms (cache hit)
483 http cache jest-regex-util@https://registry.npmjs.org/jest-regex-util/-/jest-regex-util-30.0.1.tgz 0ms (cache hit)
484 http cache jest-resolve@https://registry.npmjs.org/jest-resolve/-/jest-resolve-30.3.0.tgz 0ms (cache hit)
485 http cache jest-message-util@https://registry.npmjs.org/jest-message-util/-/jest-message-util-30.3.0.tgz 0ms (cache hit)
486 http cache jest-pnp-resolver@https://registry.npmjs.org/jest-pnp-resolver/-/jest-pnp-resolver-1.2.3.tgz 0ms (cache hit)
487 http cache jest-mock@https://registry.npmjs.org/jest-mock/-/jest-mock-30.3.0.tgz 0ms (cache hit)
488 http cache jest-leak-detector@https://registry.npmjs.org/jest-leak-detector/-/jest-leak-detector-30.3.0.tgz 0ms (cache hit)
489 http cache jest-haste-map@https://registry.npmjs.org/jest-haste-map/-/jest-haste-map-30.3.0.tgz 0ms (cache hit)
490 http cache jest-matcher-utils@https://registry.npmjs.org/jest-matcher-utils/-/jest-matcher-utils-30.3.0.tgz 0ms (cache hit)
491 http cache jest-environment-node@https://registry.npmjs.org/jest-environment-node/-/jest-environment-node-30.3.0.tgz 0ms (cache hit)
492 http cache jest-docblock@https://registry.npmjs.org/jest-docblock/-/jest-docblock-30.2.0.tgz 0ms (cache hit)
493 http cache jest-environment-jsdom@https://registry.npmjs.org/jest-environment-jsdom/-/jest-environment-jsdom-30.3.0.tgz 0ms (cache hit)
494 http cache jest-cli@https://registry.npmjs.org/jest-cli/-/jest-cli-30.3.0.tgz 0ms (cache hit)
495 http cache jest-diff@https://registry.npmjs.org/jest-diff/-/jest-diff-30.3.0.tgz 0ms (cache hit)
496 http cache jest-each@https://registry.npmjs.org/jest-each/-/jest-each-30.3.0.tgz 0ms (cache hit)
497 http cache jay-peg@https://registry.npmjs.org/jay-peg/-/jay-peg-1.1.1.tgz 0ms (cache hit)
498 http cache jest@https://registry.npmjs.org/jest/-/jest-30.3.0.tgz 0ms (cache hit)
499 http cache jest-changed-files@https://registry.npmjs.org/jest-changed-files/-/jest-changed-files-30.3.0.tgz 0ms (cache hit)
500 http cache jest-circus@https://registry.npmjs.org/jest-circus/-/jest-circus-30.3.0.tgz 0ms (cache hit)
501 http cache iterator.prototype@https://registry.npmjs.org/iterator.prototype/-/iterator.prototype-1.1.5.tgz 0ms (cache hit)
502 http cache jackspeak@https://registry.npmjs.org/jackspeak/-/jackspeak-3.4.3.tgz 0ms (cache hit)
503 http cache istanbul-lib-source-maps@https://registry.npmjs.org/istanbul-lib-source-maps/-/istanbul-lib-source-maps-5.0.6.tgz 0ms (cache hit)
504 http cache istanbul-reports@https://registry.npmjs.org/istanbul-reports/-/istanbul-reports-3.2.0.tgz 0ms (cache hit)
505 http cache istanbul-lib-instrument@https://registry.npmjs.org/istanbul-lib-instrument/-/istanbul-lib-instrument-6.0.3.tgz 0ms (cache hit)
506 http cache istanbul-lib-report@https://registry.npmjs.org/istanbul-lib-report/-/istanbul-lib-report-3.0.1.tgz 0ms (cache hit)
507 http cache istanbul-lib-coverage@https://registry.npmjs.org/istanbul-lib-coverage/-/istanbul-lib-coverage-3.2.2.tgz 0ms (cache hit)
508 http cache isexe@https://registry.npmjs.org/isexe/-/isexe-2.0.0.tgz 0ms (cache hit)
509 http cache is-weakset@https://registry.npmjs.org/is-weakset/-/is-weakset-2.0.4.tgz 0ms (cache hit)
510 http cache isarray@https://registry.npmjs.org/isarray/-/isarray-2.0.5.tgz 0ms (cache hit)
511 http cache is-weakref@https://registry.npmjs.org/is-weakref/-/is-weakref-1.1.1.tgz 0ms (cache hit)
512 http cache is-weakmap@https://registry.npmjs.org/is-weakmap/-/is-weakmap-2.0.2.tgz 0ms (cache hit)
513 http cache is-typed-array@https://registry.npmjs.org/is-typed-array/-/is-typed-array-1.1.15.tgz 0ms (cache hit)
514 http cache is-url@https://registry.npmjs.org/is-url/-/is-url-1.2.4.tgz 0ms (cache hit)
515 http cache is-symbol@https://registry.npmjs.org/is-symbol/-/is-symbol-1.1.1.tgz 0ms (cache hit)
516 http cache is-stream@https://registry.npmjs.org/is-stream/-/is-stream-2.0.1.tgz 0ms (cache hit)
517 http cache is-string@https://registry.npmjs.org/is-string/-/is-string-1.1.1.tgz 0ms (cache hit)
518 http cache is-shared-array-buffer@https://registry.npmjs.org/is-shared-array-buffer/-/is-shared-array-buffer-1.0.4.tgz 0ms (cache hit)
519 http cache is-set@https://registry.npmjs.org/is-set/-/is-set-2.0.3.tgz 0ms (cache hit)
520 http cache is-regex@https://registry.npmjs.org/is-regex/-/is-regex-1.2.1.tgz 0ms (cache hit)
521 http cache is-number-object@https://registry.npmjs.org/is-number-object/-/is-number-object-1.1.1.tgz 0ms (cache hit)
522 http cache is-potential-custom-element-name@https://registry.npmjs.org/is-potential-custom-element-name/-/is-potential-custom-element-name-1.0.1.tgz 0ms (cache hit)
523 http cache is-number@https://registry.npmjs.org/is-number/-/is-number-7.0.0.tgz 0ms (cache hit)
524 http cache is-negative-zero@https://registry.npmjs.org/is-negative-zero/-/is-negative-zero-2.0.3.tgz 0ms (cache hit)
525 http cache is-generator-function@https://registry.npmjs.org/is-generator-function/-/is-generator-function-1.1.2.tgz 0ms (cache hit)
526 http cache is-map@https://registry.npmjs.org/is-map/-/is-map-2.0.3.tgz 0ms (cache hit)
527 http cache is-glob@https://registry.npmjs.org/is-glob/-/is-glob-4.0.3.tgz 0ms (cache hit)
528 http cache is-generator-fn@https://registry.npmjs.org/is-generator-fn/-/is-generator-fn-2.1.0.tgz 0ms (cache hit)
529 http cache is-fullwidth-code-point@https://registry.npmjs.org/is-fullwidth-code-point/-/is-fullwidth-code-point-3.0.0.tgz 0ms (cache hit)
530 http cache is-extglob@https://registry.npmjs.org/is-extglob/-/is-extglob-2.1.1.tgz 0ms (cache hit)
531 http cache is-finalizationregistry@https://registry.npmjs.org/is-finalizationregistry/-/is-finalizationregistry-1.1.1.tgz 0ms (cache hit)
532 http cache is-date-object@https://registry.npmjs.org/is-date-object/-/is-date-object-1.1.0.tgz 0ms (cache hit)
533 http cache is-data-view@https://registry.npmjs.org/is-data-view/-/is-data-view-1.0.2.tgz 0ms (cache hit)
534 http cache is-core-module@https://registry.npmjs.org/is-core-module/-/is-core-module-2.16.1.tgz 0ms (cache hit)
535 http cache is-callable@https://registry.npmjs.org/is-callable/-/is-callable-1.2.7.tgz 0ms (cache hit)
536 http cache is-bun-module@https://registry.npmjs.org/is-bun-module/-/is-bun-module-2.0.0.tgz 0ms (cache hit)
537 http cache is-boolean-object@https://registry.npmjs.org/is-boolean-object/-/is-boolean-object-1.2.2.tgz 0ms (cache hit)
538 http cache is-bigint@https://registry.npmjs.org/is-bigint/-/is-bigint-1.1.0.tgz 0ms (cache hit)
539 http cache is-async-function@https://registry.npmjs.org/is-async-function/-/is-async-function-2.1.1.tgz 0ms (cache hit)
540 http cache is-array-buffer@https://registry.npmjs.org/is-array-buffer/-/is-array-buffer-3.0.5.tgz 0ms (cache hit)
541 http cache is-arrayish@https://registry.npmjs.org/is-arrayish/-/is-arrayish-0.2.1.tgz 0ms (cache hit)
542 http cache internal-slot@https://registry.npmjs.org/internal-slot/-/internal-slot-1.1.0.tgz 0ms (cache hit)
543 http cache input-otp@https://registry.npmjs.org/input-otp/-/input-otp-1.4.2.tgz 0ms (cache hit)
544 http cache inherits@https://registry.npmjs.org/inherits/-/inherits-2.0.4.tgz 0ms (cache hit)
545 http cache inflight@https://registry.npmjs.org/inflight/-/inflight-1.0.6.tgz 0ms (cache hit)
546 http cache indent-string@https://registry.npmjs.org/indent-string/-/indent-string-4.0.0.tgz 0ms (cache hit)
547 http cache imurmurhash@https://registry.npmjs.org/imurmurhash/-/imurmurhash-0.1.4.tgz 0ms (cache hit)
548 http cache import-local@https://registry.npmjs.org/import-local/-/import-local-3.2.0.tgz 0ms (cache hit)
549 http cache import-fresh@https://registry.npmjs.org/import-fresh/-/import-fresh-3.3.1.tgz 0ms (cache hit)
550 http cache ignore@https://registry.npmjs.org/ignore/-/ignore-5.3.2.tgz 0ms (cache hit)
551 http cache immediate@https://registry.npmjs.org/immediate/-/immediate-3.0.6.tgz 0ms (cache hit)
552 http cache ieee754@https://registry.npmjs.org/ieee754/-/ieee754-1.2.1.tgz 0ms (cache hit)
553 http cache iconv-lite@https://registry.npmjs.org/iconv-lite/-/iconv-lite-0.6.3.tgz 0ms (cache hit)
554 http cache hyphen@https://registry.npmjs.org/hyphen/-/hyphen-1.14.1.tgz 0ms (cache hit)
555 http cache human-signals@https://registry.npmjs.org/human-signals/-/human-signals-2.1.0.tgz 0ms (cache hit)
556 http cache https-proxy-agent@https://registry.npmjs.org/https-proxy-agent/-/https-proxy-agent-7.0.6.tgz 0ms (cache hit)
557 http cache html-escaper@https://registry.npmjs.org/html-escaper/-/html-escaper-2.0.2.tgz 0ms (cache hit)
558 http cache http-proxy-agent@https://registry.npmjs.org/http-proxy-agent/-/http-proxy-agent-7.0.2.tgz 0ms (cache hit)
559 http cache hsl-to-rgb-for-reals@https://registry.npmjs.org/hsl-to-rgb-for-reals/-/hsl-to-rgb-for-reals-1.1.1.tgz 0ms (cache hit)
560 http cache html-encoding-sniffer@https://registry.npmjs.org/html-encoding-sniffer/-/html-encoding-sniffer-4.0.0.tgz 0ms (cache hit)
561 http cache hsl-to-hex@https://registry.npmjs.org/hsl-to-hex/-/hsl-to-hex-1.0.0.tgz 0ms (cache hit)
562 http cache hermes-estree@https://registry.npmjs.org/hermes-estree/-/hermes-estree-0.25.1.tgz 0ms (cache hit)
563 http cache hermes-parser@https://registry.npmjs.org/hermes-parser/-/hermes-parser-0.25.1.tgz 0ms (cache hit)
564 http cache has-tostringtag@https://registry.npmjs.org/has-tostringtag/-/has-tostringtag-1.0.2.tgz 0ms (cache hit)
565 http cache has-symbols@https://registry.npmjs.org/has-symbols/-/has-symbols-1.1.0.tgz 0ms (cache hit)
566 http cache hasown@https://registry.npmjs.org/hasown/-/hasown-2.0.2.tgz 0ms (cache hit)
567 http cache has-proto@https://registry.npmjs.org/has-proto/-/has-proto-1.2.0.tgz 0ms (cache hit)
568 http cache has-flag@https://registry.npmjs.org/has-flag/-/has-flag-4.0.0.tgz 0ms (cache hit)
569 http cache has-property-descriptors@https://registry.npmjs.org/has-property-descriptors/-/has-property-descriptors-1.0.2.tgz 0ms (cache hit)
570 http cache graceful-fs@https://registry.npmjs.org/graceful-fs/-/graceful-fs-4.2.11.tgz 0ms (cache hit)
571 http cache has-bigints@https://registry.npmjs.org/has-bigints/-/has-bigints-1.1.0.tgz 0ms (cache hit)
572 http cache gopd@https://registry.npmjs.org/gopd/-/gopd-1.2.0.tgz 0ms (cache hit)
573 http cache globalthis@https://registry.npmjs.org/globalthis/-/globalthis-1.0.4.tgz 0ms (cache hit)
574 http cache glob-parent@https://registry.npmjs.org/glob-parent/-/glob-parent-6.0.2.tgz 0ms (cache hit)
575 http cache globals@https://registry.npmjs.org/globals/-/globals-14.0.0.tgz 0ms (cache hit)
576 http cache glob@https://registry.npmjs.org/glob/-/glob-10.5.0.tgz 0ms (cache hit)
577 http cache get-tsconfig@https://registry.npmjs.org/get-tsconfig/-/get-tsconfig-4.13.6.tgz 0ms (cache hit)
578 http cache get-symbol-description@https://registry.npmjs.org/get-symbol-description/-/get-symbol-description-1.1.0.tgz 0ms (cache hit)
579 http cache get-stream@https://registry.npmjs.org/get-stream/-/get-stream-6.0.1.tgz 0ms (cache hit)
580 http cache get-package-type@https://registry.npmjs.org/get-package-type/-/get-package-type-0.1.0.tgz 0ms (cache hit)
581 http cache get-proto@https://registry.npmjs.org/get-proto/-/get-proto-1.0.1.tgz 0ms (cache hit)
582 http cache get-nonce@https://registry.npmjs.org/get-nonce/-/get-nonce-1.0.1.tgz 0ms (cache hit)
583 http cache get-intrinsic@https://registry.npmjs.org/get-intrinsic/-/get-intrinsic-1.3.0.tgz 0ms (cache hit)
584 http cache get-caller-file@https://registry.npmjs.org/get-caller-file/-/get-caller-file-2.0.5.tgz 0ms (cache hit)
585 http cache gensync@https://registry.npmjs.org/gensync/-/gensync-1.0.0-beta.2.tgz 0ms (cache hit)
586 http cache generator-function@https://registry.npmjs.org/generator-function/-/generator-function-2.0.1.tgz 0ms (cache hit)
587 http cache function-bind@https://registry.npmjs.org/function-bind/-/function-bind-1.1.2.tgz 0ms (cache hit)
588 http cache functions-have-names@https://registry.npmjs.org/functions-have-names/-/functions-have-names-1.2.3.tgz 0ms (cache hit)
589 http cache function.prototype.name@https://registry.npmjs.org/function.prototype.name/-/function.prototype.name-1.1.8.tgz 0ms (cache hit)
590 http cache fstream@https://registry.npmjs.org/fstream/-/fstream-1.0.12.tgz 0ms (cache hit)
591 http cache fs.realpath@https://registry.npmjs.org/fs.realpath/-/fs.realpath-1.0.0.tgz 0ms (cache hit)
592 http cache framer-motion@https://registry.npmjs.org/framer-motion/-/framer-motion-12.34.0.tgz 0ms (cache hit)
593 http cache form-data@https://registry.npmjs.org/form-data/-/form-data-4.0.5.tgz 0ms (cache hit)
594 http cache fs-constants@https://registry.npmjs.org/fs-constants/-/fs-constants-1.0.0.tgz 0ms (cache hit)
595 http cache foreground-child@https://registry.npmjs.org/foreground-child/-/foreground-child-3.3.1.tgz 0ms (cache hit)
596 http cache for-each@https://registry.npmjs.org/for-each/-/for-each-0.3.5.tgz 0ms (cache hit)
597 http cache follow-redirects@https://registry.npmjs.org/follow-redirects/-/follow-redirects-1.16.0.tgz 0ms (cache hit)
598 http cache fontkit@https://registry.npmjs.org/fontkit/-/fontkit-2.0.4.tgz 0ms (cache hit)
599 http cache flatted@https://registry.npmjs.org/flatted/-/flatted-3.3.3.tgz 0ms (cache hit)
600 http cache flat-cache@https://registry.npmjs.org/flat-cache/-/flat-cache-4.0.1.tgz 0ms (cache hit)
601 http cache fill-range@https://registry.npmjs.org/fill-range/-/fill-range-7.1.1.tgz 0ms (cache hit)
602 http cache file-entry-cache@https://registry.npmjs.org/file-entry-cache/-/file-entry-cache-8.0.0.tgz 0ms (cache hit)
603 http cache find-up@https://registry.npmjs.org/find-up/-/find-up-5.0.0.tgz 0ms (cache hit)
604 http cache fb-watchman@https://registry.npmjs.org/fb-watchman/-/fb-watchman-2.0.2.tgz 0ms (cache hit)
605 http cache fastq@https://registry.npmjs.org/fastq/-/fastq-1.20.1.tgz 0ms (cache hit)
606 http cache fflate@https://registry.npmjs.org/fflate/-/fflate-0.8.2.tgz 0ms (cache hit)
607 http cache fast-levenshtein@https://registry.npmjs.org/fast-levenshtein/-/fast-levenshtein-2.0.6.tgz 0ms (cache hit)
608 http cache fast-glob@https://registry.npmjs.org/fast-glob/-/fast-glob-3.3.1.tgz 0ms (cache hit)
609 http cache fast-json-stable-stringify@https://registry.npmjs.org/fast-json-stable-stringify/-/fast-json-stable-stringify-2.1.0.tgz 0ms (cache hit)
610 http cache fast-deep-equal@https://registry.npmjs.org/fast-deep-equal/-/fast-deep-equal-3.1.3.tgz 0ms (cache hit)
611 http cache fast-equals@https://registry.npmjs.org/fast-equals/-/fast-equals-5.4.0.tgz 0ms (cache hit)
612 http cache fast-csv@https://registry.npmjs.org/fast-csv/-/fast-csv-4.3.6.tgz 0ms (cache hit)
613 http cache expect@https://registry.npmjs.org/expect/-/expect-30.3.0.tgz 0ms (cache hit)
614 http cache exit-x@https://registry.npmjs.org/exit-x/-/exit-x-0.2.2.tgz 0ms (cache hit)
615 http cache execa@https://registry.npmjs.org/execa/-/execa-5.1.1.tgz 0ms (cache hit)
616 http cache events@https://registry.npmjs.org/events/-/events-3.3.0.tgz 0ms (cache hit)
617 http cache exceljs@https://registry.npmjs.org/exceljs/-/exceljs-4.4.0.tgz 0ms (cache hit)
618 http cache estraverse@https://registry.npmjs.org/estraverse/-/estraverse-5.3.0.tgz 0ms (cache hit)
619 http cache esutils@https://registry.npmjs.org/esutils/-/esutils-2.0.3.tgz 0ms (cache hit)
620 http cache esrecurse@https://registry.npmjs.org/esrecurse/-/esrecurse-4.3.0.tgz 0ms (cache hit)
621 http cache esquery@https://registry.npmjs.org/esquery/-/esquery-1.7.0.tgz 0ms (cache hit)
622 http cache esprima@https://registry.npmjs.org/esprima/-/esprima-4.0.1.tgz 0ms (cache hit)
623 http cache espree@https://registry.npmjs.org/espree/-/espree-10.4.0.tgz 0ms (cache hit)
624 http cache eslint-visitor-keys@https://registry.npmjs.org/eslint-visitor-keys/-/eslint-visitor-keys-4.2.1.tgz 0ms (cache hit)
625 http cache eslint-scope@https://registry.npmjs.org/eslint-scope/-/eslint-scope-8.4.0.tgz 0ms (cache hit)
626 http cache eslint-plugin-jsx-a11y@https://registry.npmjs.org/eslint-plugin-jsx-a11y/-/eslint-plugin-jsx-a11y-6.10.2.tgz 0ms (cache hit)
627 http cache eslint-plugin-react-hooks@https://registry.npmjs.org/eslint-plugin-react-hooks/-/eslint-plugin-react-hooks-7.0.1.tgz 0ms (cache hit)
628 http cache eslint-module-utils@https://registry.npmjs.org/eslint-module-utils/-/eslint-module-utils-2.12.1.tgz 0ms (cache hit)
629 http cache eslint-plugin-react@https://registry.npmjs.org/eslint-plugin-react/-/eslint-plugin-react-7.37.5.tgz 0ms (cache hit)
630 http cache eslint-plugin-import@https://registry.npmjs.org/eslint-plugin-import/-/eslint-plugin-import-2.32.0.tgz 0ms (cache hit)
631 http cache eslint-import-resolver-typescript@https://registry.npmjs.org/eslint-import-resolver-typescript/-/eslint-import-resolver-typescript-3.10.1.tgz 0ms (cache hit)
632 http cache eslint-import-resolver-node@https://registry.npmjs.org/eslint-import-resolver-node/-/eslint-import-resolver-node-0.3.9.tgz 0ms (cache hit)
633 http cache eslint-config-next@https://registry.npmjs.org/eslint-config-next/-/eslint-config-next-16.2.4.tgz 0ms (cache hit)
634 http cache escape-string-regexp@https://registry.npmjs.org/escape-string-regexp/-/escape-string-regexp-4.0.0.tgz 0ms (cache hit)
635 http cache eslint@https://registry.npmjs.org/eslint/-/eslint-9.39.2.tgz 0ms (cache hit)
636 http cache escalade@https://registry.npmjs.org/escalade/-/escalade-3.2.0.tgz 0ms (cache hit)
637 http cache es-to-primitive@https://registry.npmjs.org/es-to-primitive/-/es-to-primitive-1.3.0.tgz 0ms (cache hit)
638 http cache es-shim-unscopables@https://registry.npmjs.org/es-shim-unscopables/-/es-shim-unscopables-1.1.0.tgz 0ms (cache hit)
639 http cache es-object-atoms@https://registry.npmjs.org/es-object-atoms/-/es-object-atoms-1.1.1.tgz 0ms (cache hit)
640 http cache es-iterator-helpers@https://registry.npmjs.org/es-iterator-helpers/-/es-iterator-helpers-1.2.2.tgz 0ms (cache hit)
641 http cache es-errors@https://registry.npmjs.org/es-errors/-/es-errors-1.3.0.tgz 0ms (cache hit)
642 http cache es-set-tostringtag@https://registry.npmjs.org/es-set-tostringtag/-/es-set-tostringtag-2.1.0.tgz 0ms (cache hit)
643 http cache es-define-property@https://registry.npmjs.org/es-define-property/-/es-define-property-1.0.1.tgz 0ms (cache hit)
644 http cache es-abstract@https://registry.npmjs.org/es-abstract/-/es-abstract-1.24.1.tgz 0ms (cache hit)
645 http cache error-ex@https://registry.npmjs.org/error-ex/-/error-ex-1.3.4.tgz 0ms (cache hit)
646 http cache entities@https://registry.npmjs.org/entities/-/entities-6.0.1.tgz 0ms (cache hit)
647 http cache enhanced-resolve@https://registry.npmjs.org/enhanced-resolve/-/enhanced-resolve-5.19.0.tgz 0ms (cache hit)
648 http cache engine.io-parser@https://registry.npmjs.org/engine.io-parser/-/engine.io-parser-5.2.3.tgz 0ms (cache hit)
649 http cache engine.io-client@https://registry.npmjs.org/engine.io-client/-/engine.io-client-6.6.4.tgz 0ms (cache hit)
650 http cache emoji-regex-xs@https://registry.npmjs.org/emoji-regex-xs/-/emoji-regex-xs-1.0.0.tgz 0ms (cache hit)
651 http cache end-of-stream@https://registry.npmjs.org/end-of-stream/-/end-of-stream-1.4.5.tgz 0ms (cache hit)
652 http cache emoji-regex@https://registry.npmjs.org/emoji-regex/-/emoji-regex-9.2.2.tgz 0ms (cache hit)
653 http cache duplexer2@https://registry.npmjs.org/duplexer2/-/duplexer2-0.1.4.tgz 0ms (cache hit)
654 http cache eastasianwidth@https://registry.npmjs.org/eastasianwidth/-/eastasianwidth-0.2.0.tgz 0ms (cache hit)
655 http cache emittery@https://registry.npmjs.org/emittery/-/emittery-0.13.1.tgz 0ms (cache hit)
656 http cache electron-to-chromium@https://registry.npmjs.org/electron-to-chromium/-/electron-to-chromium-1.5.286.tgz 0ms (cache hit)
657 http cache dunder-proto@https://registry.npmjs.org/dunder-proto/-/dunder-proto-1.0.1.tgz 0ms (cache hit)
658 http cache dompurify@https://registry.npmjs.org/dompurify/-/dompurify-3.4.1.tgz 0ms (cache hit)
659 http cache dom-accessibility-api@https://registry.npmjs.org/dom-accessibility-api/-/dom-accessibility-api-0.5.16.tgz 0ms (cache hit)
660 http cache doctrine@https://registry.npmjs.org/doctrine/-/doctrine-2.1.0.tgz 0ms (cache hit)
661 http cache dfa@https://registry.npmjs.org/dfa/-/dfa-1.2.0.tgz 0ms (cache hit)
662 http cache detect-node-es@https://registry.npmjs.org/detect-node-es/-/detect-node-es-1.1.0.tgz 0ms (cache hit)
663 http cache detect-newline@https://registry.npmjs.org/detect-newline/-/detect-newline-3.1.0.tgz 0ms (cache hit)
664 http cache detect-libc@https://registry.npmjs.org/detect-libc/-/detect-libc-2.1.2.tgz 0ms (cache hit)
665 http cache dequal@https://registry.npmjs.org/dequal/-/dequal-2.0.3.tgz 0ms (cache hit)
666 http cache delayed-stream@https://registry.npmjs.org/delayed-stream/-/delayed-stream-1.0.0.tgz 0ms (cache hit)
667 http cache define-data-property@https://registry.npmjs.org/define-data-property/-/define-data-property-1.1.4.tgz 0ms (cache hit)
668 http cache define-properties@https://registry.npmjs.org/define-properties/-/define-properties-1.2.1.tgz 0ms (cache hit)
669 http cache deepmerge@https://registry.npmjs.org/deepmerge/-/deepmerge-4.3.1.tgz 0ms (cache hit)
670 http cache deep-is@https://registry.npmjs.org/deep-is/-/deep-is-0.1.4.tgz 0ms (cache hit)
671 http cache dedent@https://registry.npmjs.org/dedent/-/dedent-1.7.2.tgz 0ms (cache hit)
672 http cache decimal.js@https://registry.npmjs.org/decimal.js/-/decimal.js-10.6.0.tgz 0ms (cache hit)
673 http cache debug@https://registry.npmjs.org/debug/-/debug-4.4.3.tgz 0ms (cache hit)
674 http cache dayjs@https://registry.npmjs.org/dayjs/-/dayjs-1.11.20.tgz 0ms (cache hit)
675 http cache data-view-byte-length@https://registry.npmjs.org/data-view-byte-length/-/data-view-byte-length-1.0.2.tgz 0ms (cache hit)
676 http cache data-view-byte-offset@https://registry.npmjs.org/data-view-byte-offset/-/data-view-byte-offset-1.0.1.tgz 0ms (cache hit)
677 http cache data-view-buffer@https://registry.npmjs.org/data-view-buffer/-/data-view-buffer-1.0.2.tgz 0ms (cache hit)
678 http cache data-urls@https://registry.npmjs.org/data-urls/-/data-urls-5.0.0.tgz 0ms (cache hit)
679 http cache cssstyle@https://registry.npmjs.org/cssstyle/-/cssstyle-4.6.0.tgz 0ms (cache hit)
680 http cache damerau-levenshtein@https://registry.npmjs.org/damerau-levenshtein/-/damerau-levenshtein-1.0.8.tgz 0ms (cache hit)
681 http cache csstype@https://registry.npmjs.org/csstype/-/csstype-3.2.3.tgz 0ms (cache hit)
682 http cache css.escape@https://registry.npmjs.org/css.escape/-/css.escape-1.5.1.tgz 0ms (cache hit)
683 http cache cross-spawn@https://registry.npmjs.org/cross-spawn/-/cross-spawn-7.0.6.tgz 0ms (cache hit)
684 http cache crelt@https://registry.npmjs.org/crelt/-/crelt-1.0.6.tgz 0ms (cache hit)
685 http cache crc32-stream@https://registry.npmjs.org/crc32-stream/-/crc32-stream-4.0.3.tgz 0ms (cache hit)
686 http cache core-util-is@https://registry.npmjs.org/core-util-is/-/core-util-is-1.0.3.tgz 0ms (cache hit)
687 http cache crc-32@https://registry.npmjs.org/crc-32/-/crc-32-1.2.2.tgz 0ms (cache hit)
688 http cache concat-map@https://registry.npmjs.org/concat-map/-/concat-map-0.0.1.tgz 0ms (cache hit)
689 http cache convert-source-map@https://registry.npmjs.org/convert-source-map/-/convert-source-map-2.0.0.tgz 0ms (cache hit)
690 http cache compress-commons@https://registry.npmjs.org/compress-commons/-/compress-commons-4.1.2.tgz 0ms (cache hit)
691 http cache combined-stream@https://registry.npmjs.org/combined-stream/-/combined-stream-1.0.8.tgz 0ms (cache hit)
692 http cache color-string@https://registry.npmjs.org/color-string/-/color-string-2.1.4.tgz 0ms (cache hit)
693 http cache color-convert@https://registry.npmjs.org/color-convert/-/color-convert-2.0.1.tgz 0ms (cache hit)
694 http cache color-name@https://registry.npmjs.org/color-name/-/color-name-1.1.4.tgz 0ms (cache hit)
695 http cache co@https://registry.npmjs.org/co/-/co-4.6.0.tgz 1ms (cache hit)
696 http cache collect-v8-coverage@https://registry.npmjs.org/collect-v8-coverage/-/collect-v8-coverage-1.0.3.tgz 0ms (cache hit)
697 http cache clsx@https://registry.npmjs.org/clsx/-/clsx-2.1.1.tgz 0ms (cache hit)
698 http cache clone@https://registry.npmjs.org/clone/-/clone-2.1.2.tgz 0ms (cache hit)
699 http cache cliui@https://registry.npmjs.org/cliui/-/cliui-8.0.1.tgz 0ms (cache hit)
700 http cache client-only@https://registry.npmjs.org/client-only/-/client-only-0.0.1.tgz 0ms (cache hit)
701 http cache ci-info@https://registry.npmjs.org/ci-info/-/ci-info-4.4.0.tgz 0ms (cache hit)
702 http cache cjs-module-lexer@https://registry.npmjs.org/cjs-module-lexer/-/cjs-module-lexer-2.2.0.tgz 0ms (cache hit)
703 http cache class-variance-authority@https://registry.npmjs.org/class-variance-authority/-/class-variance-authority-0.7.1.tgz 0ms (cache hit)
704 http cache char-regex@https://registry.npmjs.org/char-regex/-/char-regex-1.0.2.tgz 0ms (cache hit)
705 http cache chainsaw@https://registry.npmjs.org/chainsaw/-/chainsaw-0.1.0.tgz 0ms (cache hit)
706 http cache chalk@https://registry.npmjs.org/chalk/-/chalk-4.1.2.tgz 0ms (cache hit)
707 http cache caniuse-lite@https://registry.npmjs.org/caniuse-lite/-/caniuse-lite-1.0.30001769.tgz 0ms (cache hit)
708 http cache camelcase@https://registry.npmjs.org/camelcase/-/camelcase-5.3.1.tgz 0ms (cache hit)
709 http cache call-bound@https://registry.npmjs.org/call-bound/-/call-bound-1.0.4.tgz 0ms (cache hit)
710 http cache callsites@https://registry.npmjs.org/callsites/-/callsites-3.1.0.tgz 0ms (cache hit)
711 http cache call-bind@https://registry.npmjs.org/call-bind/-/call-bind-1.0.8.tgz 0ms (cache hit)
712 http cache call-bind-apply-helpers@https://registry.npmjs.org/call-bind-apply-helpers/-/call-bind-apply-helpers-1.0.2.tgz 0ms (cache hit)
713 http cache buffer-indexof-polyfill@https://registry.npmjs.org/buffer-indexof-polyfill/-/buffer-indexof-polyfill-1.0.2.tgz 0ms (cache hit)
714 http cache buffers@https://registry.npmjs.org/buffers/-/buffers-0.1.1.tgz 0ms (cache hit)
715 http cache buffer-crc32@https://registry.npmjs.org/buffer-crc32/-/buffer-crc32-0.2.13.tgz 0ms (cache hit)
716 http cache buffer-from@https://registry.npmjs.org/buffer-from/-/buffer-from-1.1.2.tgz 0ms (cache hit)
717 http cache buffer@https://registry.npmjs.org/buffer/-/buffer-5.7.1.tgz 0ms (cache hit)
718 http cache bser@https://registry.npmjs.org/bser/-/bser-2.1.1.tgz 0ms (cache hit)
719 http cache browserslist@https://registry.npmjs.org/browserslist/-/browserslist-4.28.1.tgz 1ms (cache hit)
720 http cache browserify-zlib@https://registry.npmjs.org/browserify-zlib/-/browserify-zlib-0.2.0.tgz 0ms (cache hit)
721 http cache brotli@https://registry.npmjs.org/brotli/-/brotli-1.3.3.tgz 0ms (cache hit)
722 http cache braces@https://registry.npmjs.org/braces/-/braces-3.0.3.tgz 0ms (cache hit)
723 http cache brace-expansion@https://registry.npmjs.org/brace-expansion/-/brace-expansion-1.1.14.tgz 0ms (cache hit)
724 http cache bluebird@https://registry.npmjs.org/bluebird/-/bluebird-3.4.7.tgz 0ms (cache hit)
725 http cache bl@https://registry.npmjs.org/bl/-/bl-4.1.0.tgz 0ms (cache hit)
726 http cache binary@https://registry.npmjs.org/binary/-/binary-0.3.0.tgz 1ms (cache hit)
727 http cache bidi-js@https://registry.npmjs.org/bidi-js/-/bidi-js-1.0.3.tgz 0ms (cache hit)
728 http cache big-integer@https://registry.npmjs.org/big-integer/-/big-integer-1.6.52.tgz 0ms (cache hit)
729 http cache baseline-browser-mapping@https://registry.npmjs.org/baseline-browser-mapping/-/baseline-browser-mapping-2.9.19.tgz 0ms (cache hit)
730 http cache base64-js@https://registry.npmjs.org/base64-js/-/base64-js-1.5.1.tgz 0ms (cache hit)
731 http cache balanced-match@https://registry.npmjs.org/balanced-match/-/balanced-match-1.0.2.tgz 0ms (cache hit)
732 http cache babel-preset-jest@https://registry.npmjs.org/babel-preset-jest/-/babel-preset-jest-30.3.0.tgz 0ms (cache hit)
733 http cache babel-plugin-jest-hoist@https://registry.npmjs.org/babel-plugin-jest-hoist/-/babel-plugin-jest-hoist-30.3.0.tgz 0ms (cache hit)
734 http cache babel-plugin-istanbul@https://registry.npmjs.org/babel-plugin-istanbul/-/babel-plugin-istanbul-7.0.1.tgz 0ms (cache hit)
735 http cache babel-jest@https://registry.npmjs.org/babel-jest/-/babel-jest-30.3.0.tgz 0ms (cache hit)
736 http cache axobject-query@https://registry.npmjs.org/axobject-query/-/axobject-query-4.1.0.tgz 0ms (cache hit)
737 http cache babel-preset-current-node-syntax@https://registry.npmjs.org/babel-preset-current-node-syntax/-/babel-preset-current-node-syntax-1.2.0.tgz 0ms (cache hit)
738 http cache axios@https://registry.npmjs.org/axios/-/axios-1.15.2.tgz 0ms (cache hit)
739 http cache axe-core@https://registry.npmjs.org/axe-core/-/axe-core-4.11.1.tgz 0ms (cache hit)
740 http cache available-typed-arrays@https://registry.npmjs.org/available-typed-arrays/-/available-typed-arrays-1.0.7.tgz 0ms (cache hit)
741 http cache async-function@https://registry.npmjs.org/async-function/-/async-function-1.0.0.tgz 0ms (cache hit)
742 http cache async@https://registry.npmjs.org/async/-/async-3.2.6.tgz 0ms (cache hit)
743 http cache asynckit@https://registry.npmjs.org/asynckit/-/asynckit-0.4.0.tgz 0ms (cache hit)
744 http cache ast-types-flow@https://registry.npmjs.org/ast-types-flow/-/ast-types-flow-0.0.8.tgz 0ms (cache hit)
745 http cache arraybuffer.prototype.slice@https://registry.npmjs.org/arraybuffer.prototype.slice/-/arraybuffer.prototype.slice-1.0.4.tgz 1ms (cache hit)
746 http cache array.prototype.tosorted@https://registry.npmjs.org/array.prototype.tosorted/-/array.prototype.tosorted-1.1.4.tgz 0ms (cache hit)
747 http cache array.prototype.flatmap@https://registry.npmjs.org/array.prototype.flatmap/-/array.prototype.flatmap-1.3.3.tgz 0ms (cache hit)
748 http cache array.prototype.flat@https://registry.npmjs.org/array.prototype.flat/-/array.prototype.flat-1.3.3.tgz 0ms (cache hit)
749 http cache array.prototype.findlastindex@https://registry.npmjs.org/array.prototype.findlastindex/-/array.prototype.findlastindex-1.2.6.tgz 0ms (cache hit)
750 http cache array-includes@https://registry.npmjs.org/array-includes/-/array-includes-3.1.9.tgz 0ms (cache hit)
751 http cache array.prototype.findlast@https://registry.npmjs.org/array.prototype.findlast/-/array.prototype.findlast-1.2.5.tgz 0ms (cache hit)
752 http cache array-buffer-byte-length@https://registry.npmjs.org/array-buffer-byte-length/-/array-buffer-byte-length-1.0.2.tgz 0ms (cache hit)
753 http cache aria-query@https://registry.npmjs.org/aria-query/-/aria-query-5.3.2.tgz 0ms (cache hit)
754 http cache archiver-utils@https://registry.npmjs.org/archiver-utils/-/archiver-utils-2.1.0.tgz 0ms (cache hit)
755 http cache aria-hidden@https://registry.npmjs.org/aria-hidden/-/aria-hidden-1.2.6.tgz 0ms (cache hit)
756 http cache argparse@https://registry.npmjs.org/argparse/-/argparse-2.0.1.tgz 0ms (cache hit)
757 http cache ansi-styles@https://registry.npmjs.org/ansi-styles/-/ansi-styles-4.3.0.tgz 0ms (cache hit)
758 http cache archiver@https://registry.npmjs.org/archiver/-/archiver-5.3.2.tgz 0ms (cache hit)
759 http cache anymatch@https://registry.npmjs.org/anymatch/-/anymatch-3.1.3.tgz 0ms (cache hit)
760 http cache ansi-regex@https://registry.npmjs.org/ansi-regex/-/ansi-regex-5.0.1.tgz 0ms (cache hit)
761 http cache @unrs/resolver-binding-win32-x64-msvc@https://registry.npmjs.org/@unrs/resolver-binding-win32-x64-msvc/-/resolver-binding-win32-x64-msvc-1.11.1.tgz 0ms (cache hit)
762 http cache ansi-escapes@https://registry.npmjs.org/ansi-escapes/-/ansi-escapes-4.3.2.tgz 0ms (cache hit)
763 http cache agent-base@https://registry.npmjs.org/agent-base/-/agent-base-7.1.4.tgz 0ms (cache hit)
764 http cache ajv@https://registry.npmjs.org/ajv/-/ajv-6.12.6.tgz 0ms (cache hit)
765 http cache acorn-jsx@https://registry.npmjs.org/acorn-jsx/-/acorn-jsx-5.3.2.tgz 0ms (cache hit)
766 http cache @ungap/structured-clone@https://registry.npmjs.org/@ungap/structured-clone/-/structured-clone-1.3.0.tgz 0ms (cache hit)
767 http cache acorn@https://registry.npmjs.org/acorn/-/acorn-8.15.0.tgz 0ms (cache hit)
768 http cache abs-svg-path@https://registry.npmjs.org/abs-svg-path/-/abs-svg-path-0.1.1.tgz 0ms (cache hit)
769 http cache @typescript-eslint/visitor-keys@https://registry.npmjs.org/@typescript-eslint/visitor-keys/-/visitor-keys-8.55.0.tgz 0ms (cache hit)
770 http cache @typescript-eslint/utils@https://registry.npmjs.org/@typescript-eslint/utils/-/utils-8.55.0.tgz 0ms (cache hit)
771 http cache @typescript-eslint/types@https://registry.npmjs.org/@typescript-eslint/types/-/types-8.55.0.tgz 0ms (cache hit)
772 http cache @typescript-eslint/typescript-estree@https://registry.npmjs.org/@typescript-eslint/typescript-estree/-/typescript-estree-8.55.0.tgz 0ms (cache hit)
773 http cache @typescript-eslint/type-utils@https://registry.npmjs.org/@typescript-eslint/type-utils/-/type-utils-8.55.0.tgz 0ms (cache hit)
774 http cache @typescript-eslint/tsconfig-utils@https://registry.npmjs.org/@typescript-eslint/tsconfig-utils/-/tsconfig-utils-8.55.0.tgz 0ms (cache hit)
775 http cache @typescript-eslint/scope-manager@https://registry.npmjs.org/@typescript-eslint/scope-manager/-/scope-manager-8.55.0.tgz 0ms (cache hit)
776 http cache @typescript-eslint/eslint-plugin@https://registry.npmjs.org/@typescript-eslint/eslint-plugin/-/eslint-plugin-8.55.0.tgz 0ms (cache hit)
777 http cache @typescript-eslint/parser@https://registry.npmjs.org/@typescript-eslint/parser/-/parser-8.55.0.tgz 0ms (cache hit)
778 http cache @types/yargs-parser@https://registry.npmjs.org/@types/yargs-parser/-/yargs-parser-21.0.3.tgz 0ms (cache hit)
779 http cache @typescript-eslint/project-service@https://registry.npmjs.org/@typescript-eslint/project-service/-/project-service-8.55.0.tgz 0ms (cache hit)
780 http cache @types/use-sync-external-store@https://registry.npmjs.org/@types/use-sync-external-store/-/use-sync-external-store-0.0.6.tgz 0ms (cache hit)
781 http cache @types/yargs@https://registry.npmjs.org/@types/yargs/-/yargs-17.0.35.tgz 0ms (cache hit)
782 http cache @types/trusted-types@https://registry.npmjs.org/@types/trusted-types/-/trusted-types-2.0.7.tgz 0ms (cache hit)
783 http cache @types/tough-cookie@https://registry.npmjs.org/@types/tough-cookie/-/tough-cookie-4.0.5.tgz 0ms (cache hit)
784 http cache @types/react-dom@https://registry.npmjs.org/@types/react-dom/-/react-dom-19.2.3.tgz 0ms (cache hit)
785 http cache @types/stack-utils@https://registry.npmjs.org/@types/stack-utils/-/stack-utils-2.0.3.tgz 0ms (cache hit)
786 http cache @types/react@https://registry.npmjs.org/@types/react/-/react-19.2.14.tgz 0ms (cache hit)
787 http cache @types/markdown-it@https://registry.npmjs.org/@types/markdown-it/-/markdown-it-14.1.2.tgz 0ms (cache hit)
788 http cache @types/linkify-it@https://registry.npmjs.org/@types/linkify-it/-/linkify-it-5.0.0.tgz 0ms (cache hit)
789 http cache @types/node@https://registry.npmjs.org/@types/node/-/node-20.19.33.tgz 0ms (cache hit)
790 http cache @types/mdurl@https://registry.npmjs.org/@types/mdurl/-/mdurl-2.0.0.tgz 0ms (cache hit)
791 http cache @types/jsdom@https://registry.npmjs.org/@types/jsdom/-/jsdom-21.1.7.tgz 0ms (cache hit)
792 http cache @types/json5@https://registry.npmjs.org/@types/json5/-/json5-0.0.29.tgz 0ms (cache hit)
793 http cache @types/json-schema@https://registry.npmjs.org/@types/json-schema/-/json-schema-7.0.15.tgz 0ms (cache hit)
794 http cache @types/istanbul-reports@https://registry.npmjs.org/@types/istanbul-reports/-/istanbul-reports-3.0.4.tgz 0ms (cache hit)
795 http cache @types/jest@https://registry.npmjs.org/@types/jest/-/jest-30.0.0.tgz 0ms (cache hit)
796 http cache @types/istanbul-lib-report@https://registry.npmjs.org/@types/istanbul-lib-report/-/istanbul-lib-report-3.0.3.tgz 0ms (cache hit)
797 http cache @types/istanbul-lib-coverage@https://registry.npmjs.org/@types/istanbul-lib-coverage/-/istanbul-lib-coverage-2.0.6.tgz 0ms (cache hit)
798 http cache @tybys/wasm-util@https://registry.npmjs.org/@tybys/wasm-util/-/wasm-util-0.10.1.tgz 0ms (cache hit)
799 http cache @types/babel__traverse@https://registry.npmjs.org/@types/babel__traverse/-/babel__traverse-7.28.0.tgz 0ms (cache hit)
800 http cache @types/estree@https://registry.npmjs.org/@types/estree/-/estree-1.0.8.tgz 0ms (cache hit)
801 http cache @types/babel__template@https://registry.npmjs.org/@types/babel__template/-/babel__template-7.4.4.tgz 0ms (cache hit)
802 http cache @types/babel__core@https://registry.npmjs.org/@types/babel__core/-/babel__core-7.20.5.tgz 0ms (cache hit)
803 http cache @tiptap/starter-kit@https://registry.npmjs.org/@tiptap/starter-kit/-/starter-kit-3.21.0.tgz 0ms (cache hit)
804 http cache @types/babel__generator@https://registry.npmjs.org/@types/babel__generator/-/babel__generator-7.27.0.tgz 0ms (cache hit)
805 http cache @types/aria-query@https://registry.npmjs.org/@types/aria-query/-/aria-query-5.0.4.tgz 0ms (cache hit)
806 http cache @tiptap/react@https://registry.npmjs.org/@tiptap/react/-/react-3.21.0.tgz 0ms (cache hit)
807 http cache @tiptap/pm@https://registry.npmjs.org/@tiptap/pm/-/pm-3.21.0.tgz 0ms (cache hit)
808 http cache @tiptap/extension-underline@https://registry.npmjs.org/@tiptap/extension-underline/-/extension-underline-3.21.0.tgz 0ms (cache hit)
809 http cache @tiptap/extensions@https://registry.npmjs.org/@tiptap/extensions/-/extensions-3.21.0.tgz 0ms (cache hit)
810 http cache @tiptap/extension-strike@https://registry.npmjs.org/@tiptap/extension-strike/-/extension-strike-3.21.0.tgz 0ms (cache hit)
811 http cache @tiptap/extension-paragraph@https://registry.npmjs.org/@tiptap/extension-paragraph/-/extension-paragraph-3.21.0.tgz 0ms (cache hit)
812 http cache @tiptap/extension-text@https://registry.npmjs.org/@tiptap/extension-text/-/extension-text-3.21.0.tgz 0ms (cache hit)
813 http cache @tiptap/extension-ordered-list@https://registry.npmjs.org/@tiptap/extension-ordered-list/-/extension-ordered-list-3.21.0.tgz 0ms (cache hit)
814 http cache @tiptap/extension-placeholder@https://registry.npmjs.org/@tiptap/extension-placeholder/-/extension-placeholder-3.21.0.tgz 0ms (cache hit)
815 http cache @tiptap/extension-list-item@https://registry.npmjs.org/@tiptap/extension-list-item/-/extension-list-item-3.21.0.tgz 0ms (cache hit)
816 http cache @tiptap/extension-list-keymap@https://registry.npmjs.org/@tiptap/extension-list-keymap/-/extension-list-keymap-3.21.0.tgz 0ms (cache hit)
817 http cache @tiptap/extension-list@https://registry.npmjs.org/@tiptap/extension-list/-/extension-list-3.21.0.tgz 0ms (cache hit)
818 http cache @tiptap/extension-italic@https://registry.npmjs.org/@tiptap/extension-italic/-/extension-italic-3.21.0.tgz 0ms (cache hit)
819 http cache @tiptap/extension-horizontal-rule@https://registry.npmjs.org/@tiptap/extension-horizontal-rule/-/extension-horizontal-rule-3.21.0.tgz 0ms (cache hit)
820 http cache @tiptap/extension-link@https://registry.npmjs.org/@tiptap/extension-link/-/extension-link-3.21.0.tgz 0ms (cache hit)
821 http cache @tiptap/extension-hard-break@https://registry.npmjs.org/@tiptap/extension-hard-break/-/extension-hard-break-3.21.0.tgz 0ms (cache hit)
822 http cache @tiptap/extension-heading@https://registry.npmjs.org/@tiptap/extension-heading/-/extension-heading-3.21.0.tgz 0ms (cache hit)
823 http cache @tiptap/extension-gapcursor@https://registry.npmjs.org/@tiptap/extension-gapcursor/-/extension-gapcursor-3.21.0.tgz 0ms (cache hit)
824 http cache @tiptap/extension-document@https://registry.npmjs.org/@tiptap/extension-document/-/extension-document-3.21.0.tgz 0ms (cache hit)
825 http cache @tiptap/extension-floating-menu@https://registry.npmjs.org/@tiptap/extension-floating-menu/-/extension-floating-menu-3.21.0.tgz 0ms (cache hit)
826 http cache @tiptap/extension-dropcursor@https://registry.npmjs.org/@tiptap/extension-dropcursor/-/extension-dropcursor-3.21.0.tgz 0ms (cache hit)
827 http cache @tiptap/extension-code-block@https://registry.npmjs.org/@tiptap/extension-code-block/-/extension-code-block-3.21.0.tgz 0ms (cache hit)
828 http cache @tiptap/extension-code@https://registry.npmjs.org/@tiptap/extension-code/-/extension-code-3.21.0.tgz 0ms (cache hit)
829 http cache @testing-library/jest-dom@https://registry.npmjs.org/@testing-library/jest-dom/-/jest-dom-6.9.1.tgz 0ms (cache hit)
830 http cache @tiptap/extension-bubble-menu@https://registry.npmjs.org/@tiptap/extension-bubble-menu/-/extension-bubble-menu-3.21.0.tgz 0ms (cache hit)
831 http cache @tailwindcss/postcss@https://registry.npmjs.org/@tailwindcss/postcss/-/postcss-4.1.18.tgz 0ms (cache hit)
832 http cache @tiptap/extension-bullet-list@https://registry.npmjs.org/@tiptap/extension-bullet-list/-/extension-bullet-list-3.21.0.tgz 0ms (cache hit)
833 http cache @tiptap/extension-bold@https://registry.npmjs.org/@tiptap/extension-bold/-/extension-bold-3.21.0.tgz 0ms (cache hit)
834 http cache @tiptap/extension-blockquote@https://registry.npmjs.org/@tiptap/extension-blockquote/-/extension-blockquote-3.21.0.tgz 0ms (cache hit)
835 http cache @tailwindcss/oxide-win32-x64-msvc@https://registry.npmjs.org/@tailwindcss/oxide-win32-x64-msvc/-/oxide-win32-x64-msvc-4.1.18.tgz 0ms (cache hit)
836 http cache @tiptap/core@https://registry.npmjs.org/@tiptap/core/-/core-3.21.0.tgz 0ms (cache hit)
837 http cache @testing-library/dom@https://registry.npmjs.org/@testing-library/dom/-/dom-10.4.1.tgz 0ms (cache hit)
838 http cache @testing-library/react@https://registry.npmjs.org/@testing-library/react/-/react-16.3.2.tgz 0ms (cache hit)
839 http cache @tailwindcss/node@https://registry.npmjs.org/@tailwindcss/node/-/node-4.1.18.tgz 0ms (cache hit)
840 http cache @tailwindcss/oxide@https://registry.npmjs.org/@tailwindcss/oxide/-/oxide-4.1.18.tgz 0ms (cache hit)
841 http cache @swc/helpers@https://registry.npmjs.org/@swc/helpers/-/helpers-0.5.15.tgz 0ms (cache hit)
842 http cache @standard-schema/utils@https://registry.npmjs.org/@standard-schema/utils/-/utils-0.3.0.tgz 0ms (cache hit)
843 http cache @sinonjs/commons@https://registry.npmjs.org/@sinonjs/commons/-/commons-3.0.1.tgz 0ms (cache hit)
844 http cache @sinclair/typebox@https://registry.npmjs.org/@sinclair/typebox/-/typebox-0.34.48.tgz 0ms (cache hit)
845 http cache @socket.io/component-emitter@https://registry.npmjs.org/@socket.io/component-emitter/-/component-emitter-3.1.2.tgz 0ms (cache hit)
846 http cache @sinonjs/fake-timers@https://registry.npmjs.org/@sinonjs/fake-timers/-/fake-timers-15.1.1.tgz 0ms (cache hit)
847 http cache @remirror/core-constants@https://registry.npmjs.org/@remirror/core-constants/-/core-constants-3.0.0.tgz 0ms (cache hit)
848 http cache @rtsao/scc@https://registry.npmjs.org/@rtsao/scc/-/scc-1.1.0.tgz 0ms (cache hit)
849 http cache @react-pdf/types@https://registry.npmjs.org/@react-pdf/types/-/types-2.11.1.tgz 0ms (cache hit)
850 http cache @react-pdf/stylesheet@https://registry.npmjs.org/@react-pdf/stylesheet/-/stylesheet-6.2.1.tgz 0ms (cache hit)
851 http cache @react-pdf/textkit@https://registry.npmjs.org/@react-pdf/textkit/-/textkit-6.3.0.tgz 0ms (cache hit)
852 http cache @react-pdf/renderer@https://registry.npmjs.org/@react-pdf/renderer/-/renderer-4.5.1.tgz 0ms (cache hit)
853 http cache @react-pdf/svg@https://registry.npmjs.org/@react-pdf/svg/-/svg-1.1.0.tgz 1ms (cache hit)
854 http cache @react-pdf/primitives@https://registry.npmjs.org/@react-pdf/primitives/-/primitives-4.3.0.tgz 0ms (cache hit)
855 http cache @react-pdf/reconciler@https://registry.npmjs.org/@react-pdf/reconciler/-/reconciler-2.0.0.tgz 0ms (cache hit)
856 http cache @react-pdf/render@https://registry.npmjs.org/@react-pdf/render/-/render-4.5.1.tgz 0ms (cache hit)
857 http cache @react-pdf/pdfkit@https://registry.npmjs.org/@react-pdf/pdfkit/-/pdfkit-5.1.1.tgz 0ms (cache hit)
858 http cache @react-pdf/layout@https://registry.npmjs.org/@react-pdf/layout/-/layout-4.6.1.tgz 0ms (cache hit)
859 http cache @radix-ui/rect@https://registry.npmjs.org/@radix-ui/rect/-/rect-1.1.1.tgz 0ms (cache hit)
860 http cache @radix-ui/react-visually-hidden@https://registry.npmjs.org/@radix-ui/react-visually-hidden/-/react-visually-hidden-1.2.3.tgz 0ms (cache hit)
861 http cache @react-pdf/fns@https://registry.npmjs.org/@react-pdf/fns/-/fns-3.1.3.tgz 0ms (cache hit)
862 http cache @radix-ui/react-use-size@https://registry.npmjs.org/@radix-ui/react-use-size/-/react-use-size-1.1.1.tgz 0ms (cache hit)
863 http cache @react-pdf/image@https://registry.npmjs.org/@react-pdf/image/-/image-3.1.0.tgz 0ms (cache hit)
864 http cache @radix-ui/react-use-layout-effect@https://registry.npmjs.org/@radix-ui/react-use-layout-effect/-/react-use-layout-effect-1.1.1.tgz 0ms (cache hit)
865 http cache @react-pdf/font@https://registry.npmjs.org/@react-pdf/font/-/font-4.0.8.tgz 0ms (cache hit)
866 http cache @radix-ui/react-use-rect@https://registry.npmjs.org/@radix-ui/react-use-rect/-/react-use-rect-1.1.1.tgz 0ms (cache hit)
867 http cache @radix-ui/react-use-previous@https://registry.npmjs.org/@radix-ui/react-use-previous/-/react-use-previous-1.1.1.tgz 0ms (cache hit)
868 http cache @radix-ui/react-use-is-hydrated@https://registry.npmjs.org/@radix-ui/react-use-is-hydrated/-/react-use-is-hydrated-0.1.0.tgz 0ms (cache hit)
869 http cache @radix-ui/react-use-escape-keydown@https://registry.npmjs.org/@radix-ui/react-use-escape-keydown/-/react-use-escape-keydown-1.1.1.tgz 0ms (cache hit)
870 http cache @radix-ui/react-use-effect-event@https://registry.npmjs.org/@radix-ui/react-use-effect-event/-/react-use-effect-event-0.0.2.tgz 0ms (cache hit)
871 http cache @radix-ui/react-use-controllable-state@https://registry.npmjs.org/@radix-ui/react-use-controllable-state/-/react-use-controllable-state-1.2.2.tgz 0ms (cache hit)
872 http cache @radix-ui/react-tooltip@https://registry.npmjs.org/@radix-ui/react-tooltip/-/react-tooltip-1.2.8.tgz 0ms (cache hit)
873 http cache @radix-ui/react-tabs@https://registry.npmjs.org/@radix-ui/react-tabs/-/react-tabs-1.1.13.tgz 0ms (cache hit)
874 http cache @radix-ui/react-select@https://registry.npmjs.org/@radix-ui/react-select/-/react-select-2.2.6.tgz 1ms (cache hit)
875 http cache @radix-ui/react-use-callback-ref@https://registry.npmjs.org/@radix-ui/react-use-callback-ref/-/react-use-callback-ref-1.1.1.tgz 0ms (cache hit)
876 http cache @radix-ui/react-roving-focus@https://registry.npmjs.org/@radix-ui/react-roving-focus/-/react-roving-focus-1.1.11.tgz 0ms (cache hit)
877 http cache @radix-ui/react-slot@https://registry.npmjs.org/@radix-ui/react-slot/-/react-slot-1.2.4.tgz 0ms (cache hit)
878 http cache @radix-ui/react-separator@https://registry.npmjs.org/@radix-ui/react-separator/-/react-separator-1.1.8.tgz 0ms (cache hit)
879 http cache @radix-ui/react-progress@https://registry.npmjs.org/@radix-ui/react-progress/-/react-progress-1.1.8.tgz 0ms (cache hit)
880 http cache @radix-ui/react-presence@https://registry.npmjs.org/@radix-ui/react-presence/-/react-presence-1.1.5.tgz 0ms (cache hit)
881 http cache @radix-ui/react-primitive@https://registry.npmjs.org/@radix-ui/react-primitive/-/react-primitive-2.1.4.tgz 0ms (cache hit)
882 http cache @radix-ui/react-popper@https://registry.npmjs.org/@radix-ui/react-popper/-/react-popper-1.2.8.tgz 0ms (cache hit)
883 http cache @radix-ui/react-portal@https://registry.npmjs.org/@radix-ui/react-portal/-/react-portal-1.1.9.tgz 0ms (cache hit)
884 http cache @radix-ui/react-popover@https://registry.npmjs.org/@radix-ui/react-popover/-/react-popover-1.1.15.tgz 0ms (cache hit)
885 http cache @radix-ui/react-menu@https://registry.npmjs.org/@radix-ui/react-menu/-/react-menu-2.1.16.tgz 0ms (cache hit)
886 http cache @radix-ui/react-navigation-menu@https://registry.npmjs.org/@radix-ui/react-navigation-menu/-/react-navigation-menu-1.2.14.tgz 0ms (cache hit)
887 http cache @radix-ui/react-label@https://registry.npmjs.org/@radix-ui/react-label/-/react-label-2.1.8.tgz 0ms (cache hit)
888 http cache @radix-ui/react-focus-scope@https://registry.npmjs.org/@radix-ui/react-focus-scope/-/react-focus-scope-1.1.7.tgz 0ms (cache hit)
889 http cache @radix-ui/react-dropdown-menu@https://registry.npmjs.org/@radix-ui/react-dropdown-menu/-/react-dropdown-menu-2.1.16.tgz 0ms (cache hit)
890 http cache @radix-ui/react-dialog@https://registry.npmjs.org/@radix-ui/react-dialog/-/react-dialog-1.1.15.tgz 0ms (cache hit)
891 http cache @radix-ui/react-id@https://registry.npmjs.org/@radix-ui/react-id/-/react-id-1.1.1.tgz 0ms (cache hit)
892 http cache @radix-ui/react-direction@https://registry.npmjs.org/@radix-ui/react-direction/-/react-direction-1.1.1.tgz 0ms (cache hit)
893 http cache @radix-ui/react-collection@https://registry.npmjs.org/@radix-ui/react-collection/-/react-collection-1.1.7.tgz 0ms (cache hit)
894 http cache @radix-ui/react-dismissable-layer@https://registry.npmjs.org/@radix-ui/react-dismissable-layer/-/react-dismissable-layer-1.1.11.tgz 0ms (cache hit)
895 http cache @radix-ui/react-context@https://registry.npmjs.org/@radix-ui/react-context/-/react-context-1.1.3.tgz 0ms (cache hit)
896 http cache @radix-ui/react-arrow@https://registry.npmjs.org/@radix-ui/react-arrow/-/react-arrow-1.1.7.tgz 0ms (cache hit)
897 http cache @radix-ui/react-compose-refs@https://registry.npmjs.org/@radix-ui/react-compose-refs/-/react-compose-refs-1.1.2.tgz 0ms (cache hit)
898 http cache @radix-ui/react-avatar@https://registry.npmjs.org/@radix-ui/react-avatar/-/react-avatar-1.1.11.tgz 0ms (cache hit)
899 http cache @radix-ui/primitive@https://registry.npmjs.org/@radix-ui/primitive/-/primitive-1.1.3.tgz 0ms (cache hit)
900 http cache @radix-ui/number@https://registry.npmjs.org/@radix-ui/number/-/number-1.1.1.tgz 0ms (cache hit)
901 http cache @radix-ui/react-focus-guards@https://registry.npmjs.org/@radix-ui/react-focus-guards/-/react-focus-guards-1.1.3.tgz 0ms (cache hit)
902 http cache @pkgr/core@https://registry.npmjs.org/@pkgr/core/-/core-0.2.9.tgz 0ms (cache hit)
903 http cache @playwright/test@https://registry.npmjs.org/@playwright/test/-/test-1.58.2.tgz 0ms (cache hit)
904 http cache @nolyfill/is-core-module@https://registry.npmjs.org/@nolyfill/is-core-module/-/is-core-module-1.0.39.tgz 0ms (cache hit)
905 http cache @nodelib/fs.stat@https://registry.npmjs.org/@nodelib/fs.stat/-/fs.stat-2.0.5.tgz 0ms (cache hit)
906 http cache @pkgjs/parseargs@https://registry.npmjs.org/@pkgjs/parseargs/-/parseargs-0.11.0.tgz 0ms (cache hit)
907 http cache @nodelib/fs.scandir@https://registry.npmjs.org/@nodelib/fs.scandir/-/fs.scandir-2.1.5.tgz 0ms (cache hit)
908 http cache @next/eslint-plugin-next@https://registry.npmjs.org/@next/eslint-plugin-next/-/eslint-plugin-next-16.2.4.tgz 0ms (cache hit)
909 http cache @noble/ciphers@https://registry.npmjs.org/@noble/ciphers/-/ciphers-1.3.0.tgz 0ms (cache hit)
910 http cache @noble/hashes@https://registry.npmjs.org/@noble/hashes/-/hashes-1.8.0.tgz 0ms (cache hit)
911 http cache @nodelib/fs.walk@https://registry.npmjs.org/@nodelib/fs.walk/-/fs.walk-1.2.8.tgz 0ms (cache hit)
912 http cache @jridgewell/trace-mapping@https://registry.npmjs.org/@jridgewell/trace-mapping/-/trace-mapping-0.3.31.tgz 0ms (cache hit)
913 http cache @next/swc-win32-x64-msvc@https://registry.npmjs.org/@next/swc-win32-x64-msvc/-/swc-win32-x64-msvc-16.2.4.tgz 0ms (cache hit)
914 http cache @jridgewell/remapping@https://registry.npmjs.org/@jridgewell/remapping/-/remapping-2.3.5.tgz 0ms (cache hit)
915 http cache @next/env@https://registry.npmjs.org/@next/env/-/env-16.2.4.tgz 0ms (cache hit)
916 http cache @jridgewell/sourcemap-codec@https://registry.npmjs.org/@jridgewell/sourcemap-codec/-/sourcemap-codec-1.5.5.tgz 0ms (cache hit)
917 http cache @jest/transform@https://registry.npmjs.org/@jest/transform/-/transform-30.3.0.tgz 0ms (cache hit)
918 http cache @jest/test-sequencer@https://registry.npmjs.org/@jest/test-sequencer/-/test-sequencer-30.3.0.tgz 0ms (cache hit)
919 http cache @jridgewell/gen-mapping@https://registry.npmjs.org/@jridgewell/gen-mapping/-/gen-mapping-0.3.13.tgz 0ms (cache hit)
920 http cache @jridgewell/resolve-uri@https://registry.npmjs.org/@jridgewell/resolve-uri/-/resolve-uri-3.1.2.tgz 0ms (cache hit)
921 http cache @jest/snapshot-utils@https://registry.npmjs.org/@jest/snapshot-utils/-/snapshot-utils-30.3.0.tgz 0ms (cache hit)
922 http cache @jest/types@https://registry.npmjs.org/@jest/types/-/types-30.3.0.tgz 0ms (cache hit)
923 http cache @jest/test-result@https://registry.npmjs.org/@jest/test-result/-/test-result-30.3.0.tgz 0ms (cache hit)
924 http cache @jest/source-map@https://registry.npmjs.org/@jest/source-map/-/source-map-30.0.1.tgz 0ms (cache hit)
925 http cache @jest/reporters@https://registry.npmjs.org/@jest/reporters/-/reporters-30.3.0.tgz 0ms (cache hit)
926 http cache @jest/schemas@https://registry.npmjs.org/@jest/schemas/-/schemas-30.0.5.tgz 0ms (cache hit)
927 http cache @jest/get-type@https://registry.npmjs.org/@jest/get-type/-/get-type-30.1.0.tgz 0ms (cache hit)
928 http cache @jest/pattern@https://registry.npmjs.org/@jest/pattern/-/pattern-30.0.1.tgz 0ms (cache hit)
929 http cache @napi-rs/wasm-runtime@https://registry.npmjs.org/@napi-rs/wasm-runtime/-/wasm-runtime-0.2.12.tgz 0ms (cache hit)
930 http cache @jest/globals@https://registry.npmjs.org/@jest/globals/-/globals-30.3.0.tgz 0ms (cache hit)
931 http cache @jest/expect-utils@https://registry.npmjs.org/@jest/expect-utils/-/expect-utils-30.3.0.tgz 0ms (cache hit)
932 http cache @jest/fake-timers@https://registry.npmjs.org/@jest/fake-timers/-/fake-timers-30.3.0.tgz 0ms (cache hit)
933 http cache @jest/core@https://registry.npmjs.org/@jest/core/-/core-30.3.0.tgz 0ms (cache hit)
934 http cache @istanbuljs/load-nyc-config@https://registry.npmjs.org/@istanbuljs/load-nyc-config/-/load-nyc-config-1.1.0.tgz 0ms (cache hit)
935 http cache @jest/environment@https://registry.npmjs.org/@jest/environment/-/environment-30.3.0.tgz 0ms (cache hit)
936 http cache @jest/environment-jsdom-abstract@https://registry.npmjs.org/@jest/environment-jsdom-abstract/-/environment-jsdom-abstract-30.3.0.tgz 0ms (cache hit)
937 http cache @istanbuljs/schema@https://registry.npmjs.org/@istanbuljs/schema/-/schema-0.1.3.tgz 0ms (cache hit)
938 http cache @jest/expect@https://registry.npmjs.org/@jest/expect/-/expect-30.3.0.tgz 0ms (cache hit)
939 http cache @jest/diff-sequences@https://registry.npmjs.org/@jest/diff-sequences/-/diff-sequences-30.3.0.tgz 0ms (cache hit)
940 http cache @jest/console@https://registry.npmjs.org/@jest/console/-/console-30.3.0.tgz 0ms (cache hit)
941 http cache @img/sharp-win32-x64@https://registry.npmjs.org/@img/sharp-win32-x64/-/sharp-win32-x64-0.34.5.tgz 0ms (cache hit)
942 http cache @img/colour@https://registry.npmjs.org/@img/colour/-/colour-1.0.0.tgz 0ms (cache hit)
943 http cache @humanfs/node@https://registry.npmjs.org/@humanfs/node/-/node-0.16.7.tgz 0ms (cache hit)
944 http cache @humanwhocodes/module-importer@https://registry.npmjs.org/@humanwhocodes/module-importer/-/module-importer-1.0.1.tgz 0ms (cache hit)
945 http cache @isaacs/cliui@https://registry.npmjs.org/@isaacs/cliui/-/cliui-8.0.2.tgz 0ms (cache hit)
946 http cache @eslint/plugin-kit@https://registry.npmjs.org/@eslint/plugin-kit/-/plugin-kit-0.4.1.tgz 0ms (cache hit)
947 http cache @humanfs/core@https://registry.npmjs.org/@humanfs/core/-/core-0.19.1.tgz 0ms (cache hit)
948 http cache @humanwhocodes/retry@https://registry.npmjs.org/@humanwhocodes/retry/-/retry-0.4.3.tgz 0ms (cache hit)
949 http cache @hookform/resolvers@https://registry.npmjs.org/@hookform/resolvers/-/resolvers-5.2.2.tgz 0ms (cache hit)
950 http cache @floating-ui/utils@https://registry.npmjs.org/@floating-ui/utils/-/utils-0.2.10.tgz 0ms (cache hit)
951 http cache @floating-ui/dom@https://registry.npmjs.org/@floating-ui/dom/-/dom-1.7.5.tgz 0ms (cache hit)
952 http cache @fast-csv/parse@https://registry.npmjs.org/@fast-csv/parse/-/parse-4.3.6.tgz 0ms (cache hit)
953 http cache @fast-csv/format@https://registry.npmjs.org/@fast-csv/format/-/format-4.3.5.tgz 0ms (cache hit)
954 http cache @floating-ui/react-dom@https://registry.npmjs.org/@floating-ui/react-dom/-/react-dom-2.1.7.tgz 0ms (cache hit)
955 http cache @floating-ui/core@https://registry.npmjs.org/@floating-ui/core/-/core-1.7.4.tgz 0ms (cache hit)
956 http cache @eslint/object-schema@https://registry.npmjs.org/@eslint/object-schema/-/object-schema-2.1.7.tgz 0ms (cache hit)
957 http cache @eslint/js@https://registry.npmjs.org/@eslint/js/-/js-9.39.2.tgz 0ms (cache hit)
958 http cache @eslint/core@https://registry.npmjs.org/@eslint/core/-/core-0.17.0.tgz 0ms (cache hit)
959 http cache @eslint/eslintrc@https://registry.npmjs.org/@eslint/eslintrc/-/eslintrc-3.3.3.tgz 0ms (cache hit)
960 http cache @csstools/css-tokenizer@https://registry.npmjs.org/@csstools/css-tokenizer/-/css-tokenizer-3.0.4.tgz 0ms (cache hit)
961 http cache @eslint/config-array@https://registry.npmjs.org/@eslint/config-array/-/config-array-0.21.1.tgz 0ms (cache hit)
962 http cache @eslint/config-helpers@https://registry.npmjs.org/@eslint/config-helpers/-/config-helpers-0.4.2.tgz 0ms (cache hit)
963 http cache @eslint-community/eslint-utils@https://registry.npmjs.org/@eslint-community/eslint-utils/-/eslint-utils-4.9.1.tgz 0ms (cache hit)
964 http cache @csstools/css-color-parser@https://registry.npmjs.org/@csstools/css-color-parser/-/css-color-parser-3.1.0.tgz 0ms (cache hit)
965 http cache @eslint-community/regexpp@https://registry.npmjs.org/@eslint-community/regexpp/-/regexpp-4.12.2.tgz 0ms (cache hit)
966 http cache @emnapi/wasi-threads@https://registry.npmjs.org/@emnapi/wasi-threads/-/wasi-threads-1.1.0.tgz 0ms (cache hit)
967 http cache @emnapi/runtime@https://registry.npmjs.org/@emnapi/runtime/-/runtime-1.8.1.tgz 0ms (cache hit)
968 http cache @emnapi/core@https://registry.npmjs.org/@emnapi/core/-/core-1.8.1.tgz 0ms (cache hit)
969 http cache @babel/runtime@https://registry.npmjs.org/@babel/runtime/-/runtime-7.29.2.tgz 0ms (cache hit)
970 http cache @csstools/css-parser-algorithms@https://registry.npmjs.org/@csstools/css-parser-algorithms/-/css-parser-algorithms-3.0.5.tgz 0ms (cache hit)
971 http cache @bcoe/v8-coverage@https://registry.npmjs.org/@bcoe/v8-coverage/-/v8-coverage-0.2.3.tgz 0ms (cache hit)
972 http cache @babel/types@https://registry.npmjs.org/@babel/types/-/types-7.29.0.tgz 0ms (cache hit)
973 http cache @csstools/color-helpers@https://registry.npmjs.org/@csstools/color-helpers/-/color-helpers-5.1.0.tgz 0ms (cache hit)
974 http cache @csstools/css-calc@https://registry.npmjs.org/@csstools/css-calc/-/css-calc-2.1.4.tgz 0ms (cache hit)
975 http cache @babel/traverse@https://registry.npmjs.org/@babel/traverse/-/traverse-7.29.0.tgz 0ms (cache hit)
976 http cache @babel/plugin-syntax-typescript@https://registry.npmjs.org/@babel/plugin-syntax-typescript/-/plugin-syntax-typescript-7.28.6.tgz 0ms (cache hit)
977 http cache @babel/template@https://registry.npmjs.org/@babel/template/-/template-7.28.6.tgz 0ms (cache hit)
978 http cache @babel/plugin-syntax-top-level-await@https://registry.npmjs.org/@babel/plugin-syntax-top-level-await/-/plugin-syntax-top-level-await-7.14.5.tgz 0ms (cache hit)
979 http cache @babel/plugin-syntax-private-property-in-object@https://registry.npmjs.org/@babel/plugin-syntax-private-property-in-object/-/plugin-syntax-private-property-in-object-7.14.5.tgz 0ms (cache hit)
980 http cache @babel/plugin-syntax-optional-catch-binding@https://registry.npmjs.org/@babel/plugin-syntax-optional-catch-binding/-/plugin-syntax-optional-catch-binding-7.8.3.tgz 0ms (cache hit)
981 http cache @babel/plugin-syntax-nullish-coalescing-operator@https://registry.npmjs.org/@babel/plugin-syntax-nullish-coalescing-operator/-/plugin-syntax-nullish-coalescing-operator-7.8.3.tgz 0ms (cache hit)
982 http cache @babel/plugin-syntax-object-rest-spread@https://registry.npmjs.org/@babel/plugin-syntax-object-rest-spread/-/plugin-syntax-object-rest-spread-7.8.3.tgz 0ms (cache hit)
983 http cache @babel/plugin-syntax-numeric-separator@https://registry.npmjs.org/@babel/plugin-syntax-numeric-separator/-/plugin-syntax-numeric-separator-7.10.4.tgz 0ms (cache hit)
984 http cache @babel/plugin-syntax-optional-chaining@https://registry.npmjs.org/@babel/plugin-syntax-optional-chaining/-/plugin-syntax-optional-chaining-7.8.3.tgz 0ms (cache hit)
985 http cache @babel/plugin-syntax-jsx@https://registry.npmjs.org/@babel/plugin-syntax-jsx/-/plugin-syntax-jsx-7.28.6.tgz 0ms (cache hit)
986 http cache @babel/plugin-syntax-logical-assignment-operators@https://registry.npmjs.org/@babel/plugin-syntax-logical-assignment-operators/-/plugin-syntax-logical-assignment-operators-7.10.4.tgz 0ms (cache hit)
987 http cache @babel/plugin-syntax-json-strings@https://registry.npmjs.org/@babel/plugin-syntax-json-strings/-/plugin-syntax-json-strings-7.8.3.tgz 0ms (cache hit)
988 http cache @babel/plugin-syntax-import-attributes@https://registry.npmjs.org/@babel/plugin-syntax-import-attributes/-/plugin-syntax-import-attributes-7.28.6.tgz 0ms (cache hit)
989 http cache @babel/plugin-syntax-class-properties@https://registry.npmjs.org/@babel/plugin-syntax-class-properties/-/plugin-syntax-class-properties-7.12.13.tgz 0ms (cache hit)
990 http cache @babel/plugin-syntax-import-meta@https://registry.npmjs.org/@babel/plugin-syntax-import-meta/-/plugin-syntax-import-meta-7.10.4.tgz 0ms (cache hit)
991 http cache @babel/plugin-syntax-class-static-block@https://registry.npmjs.org/@babel/plugin-syntax-class-static-block/-/plugin-syntax-class-static-block-7.14.5.tgz 0ms (cache hit)
992 http cache @babel/plugin-syntax-bigint@https://registry.npmjs.org/@babel/plugin-syntax-bigint/-/plugin-syntax-bigint-7.8.3.tgz 0ms (cache hit)
993 http cache @babel/plugin-syntax-async-generators@https://registry.npmjs.org/@babel/plugin-syntax-async-generators/-/plugin-syntax-async-generators-7.8.4.tgz 0ms (cache hit)
994 http cache @babel/helper-validator-option@https://registry.npmjs.org/@babel/helper-validator-option/-/helper-validator-option-7.27.1.tgz 0ms (cache hit)
995 http cache @babel/parser@https://registry.npmjs.org/@babel/parser/-/parser-7.29.0.tgz 0ms (cache hit)
996 http cache @babel/helpers@https://registry.npmjs.org/@babel/helpers/-/helpers-7.28.6.tgz 0ms (cache hit)
997 http cache @babel/helper-validator-identifier@https://registry.npmjs.org/@babel/helper-validator-identifier/-/helper-validator-identifier-7.28.5.tgz 0ms (cache hit)
998 http cache @babel/helper-plugin-utils@https://registry.npmjs.org/@babel/helper-plugin-utils/-/helper-plugin-utils-7.28.6.tgz 0ms (cache hit)
999 http cache @babel/helper-string-parser@https://registry.npmjs.org/@babel/helper-string-parser/-/helper-string-parser-7.27.1.tgz 0ms (cache hit)
1000 http cache @babel/helper-module-transforms@https://registry.npmjs.org/@babel/helper-module-transforms/-/helper-module-transforms-7.28.6.tgz 0ms (cache hit)
1001 http cache @babel/helper-module-imports@https://registry.npmjs.org/@babel/helper-module-imports/-/helper-module-imports-7.28.6.tgz 0ms (cache hit)
1002 http cache @babel/helper-globals@https://registry.npmjs.org/@babel/helper-globals/-/helper-globals-7.28.0.tgz 0ms (cache hit)
1003 http cache @babel/generator@https://registry.npmjs.org/@babel/generator/-/generator-7.29.1.tgz 0ms (cache hit)
1004 http cache @babel/helper-compilation-targets@https://registry.npmjs.org/@babel/helper-compilation-targets/-/helper-compilation-targets-7.28.6.tgz 0ms (cache hit)
1005 http cache @babel/core@https://registry.npmjs.org/@babel/core/-/core-7.29.0.tgz 0ms (cache hit)
1006 http cache @babel/compat-data@https://registry.npmjs.org/@babel/compat-data/-/compat-data-7.29.0.tgz 0ms (cache hit)
1007 http cache @babel/code-frame@https://registry.npmjs.org/@babel/code-frame/-/code-frame-7.29.0.tgz 0ms (cache hit)
1008 http cache @asamuzakjp/css-color@https://registry.npmjs.org/@asamuzakjp/css-color/-/css-color-3.2.0.tgz 0ms (cache hit)
1009 http cache @alloc/quick-lru@https://registry.npmjs.org/@alloc/quick-lru/-/quick-lru-5.2.0.tgz 0ms (cache hit)
1010 http cache @adobe/css-tools@https://registry.npmjs.org/@adobe/css-tools/-/css-tools-4.4.4.tgz 0ms (cache hit)
1011 http cache strip-ansi@https://registry.npmjs.org/strip-ansi/-/strip-ansi-6.0.1.tgz 0ms (cache hit)
1012 http cache strip-ansi@https://registry.npmjs.org/strip-ansi/-/strip-ansi-6.0.1.tgz 0ms (cache hit)
1013 http cache string-width@https://registry.npmjs.org/string-width/-/string-width-4.2.3.tgz 0ms (cache hit)
1014 http cache archiver-utils@https://registry.npmjs.org/archiver-utils/-/archiver-utils-3.0.4.tgz 0ms (cache hit)
1015 http cache emoji-regex@https://registry.npmjs.org/emoji-regex/-/emoji-regex-8.0.0.tgz 0ms (cache hit)
1016 http cache string-width@https://registry.npmjs.org/string-width/-/string-width-4.2.3.tgz 0ms (cache hit)
1017 http cache emoji-regex@https://registry.npmjs.org/emoji-regex/-/emoji-regex-8.0.0.tgz 0ms (cache hit)
1018 http cache string_decoder@https://registry.npmjs.org/string_decoder/-/string_decoder-1.1.1.tgz 0ms (cache hit)
1019 http cache glob@https://registry.npmjs.org/glob/-/glob-7.2.3.tgz 0ms (cache hit)
1020 http cache safe-buffer@https://registry.npmjs.org/safe-buffer/-/safe-buffer-5.1.2.tgz 0ms (cache hit)
1021 http cache ansi-styles@https://registry.npmjs.org/ansi-styles/-/ansi-styles-6.2.3.tgz 0ms (cache hit)
1022 http cache readable-stream@https://registry.npmjs.org/readable-stream/-/readable-stream-2.3.8.tgz 0ms (cache hit)
1023 http cache isarray@https://registry.npmjs.org/isarray/-/isarray-1.0.0.tgz 0ms (cache hit)
1024 http cache json5@https://registry.npmjs.org/json5/-/json5-1.0.2.tgz 0ms (cache hit)
1025 http cache pako@https://registry.npmjs.org/pako/-/pako-0.2.9.tgz 0ms (cache hit)
1026 http cache glob@https://registry.npmjs.org/glob/-/glob-7.2.3.tgz 0ms (cache hit)
1027 http cache picomatch@https://registry.npmjs.org/picomatch/-/picomatch-4.0.3.tgz 0ms (cache hit)
1028 http cache ansi-regex@https://registry.npmjs.org/ansi-regex/-/ansi-regex-6.2.2.tgz 0ms (cache hit)
1029 http cache strip-ansi@https://registry.npmjs.org/strip-ansi/-/strip-ansi-6.0.1.tgz 0ms (cache hit)
1030 http cache emoji-regex@https://registry.npmjs.org/emoji-regex/-/emoji-regex-8.0.0.tgz 0ms (cache hit)
1031 http cache strip-ansi@https://registry.npmjs.org/strip-ansi/-/strip-ansi-6.0.1.tgz 0ms (cache hit)
1032 http cache fdir@https://registry.npmjs.org/fdir/-/fdir-6.5.0.tgz 0ms (cache hit)
1033 http cache escape-string-regexp@https://registry.npmjs.org/escape-string-regexp/-/escape-string-regexp-2.0.0.tgz 0ms (cache hit)
1034 http cache glob@https://registry.npmjs.org/glob/-/glob-7.2.3.tgz 0ms (cache hit)
1035 http cache semver@https://registry.npmjs.org/semver/-/semver-7.7.4.tgz 0ms (cache hit)
1036 http cache resolve-from@https://registry.npmjs.org/resolve-from/-/resolve-from-5.0.0.tgz 0ms (cache hit)
1037 http cache minimatch@https://registry.npmjs.org/minimatch/-/minimatch-5.1.9.tgz 0ms (cache hit)
1038 http cache react-is@https://registry.npmjs.org/react-is/-/react-is-17.0.2.tgz 0ms (cache hit)
1039 http cache ansi-styles@https://registry.npmjs.org/ansi-styles/-/ansi-styles-5.2.0.tgz 0ms (cache hit)
1040 http cache brace-expansion@https://registry.npmjs.org/brace-expansion/-/brace-expansion-2.1.0.tgz 0ms (cache hit)
1041 http cache p-locate@https://registry.npmjs.org/p-locate/-/p-locate-4.1.0.tgz 0ms (cache hit)
1042 http cache safe-buffer@https://registry.npmjs.org/safe-buffer/-/safe-buffer-5.1.2.tgz 0ms (cache hit)
1043 http cache p-limit@https://registry.npmjs.org/p-limit/-/p-limit-2.3.0.tgz 0ms (cache hit)
1044 http cache string_decoder@https://registry.npmjs.org/string_decoder/-/string_decoder-1.1.1.tgz 0ms (cache hit)
1045 http cache readable-stream@https://registry.npmjs.org/readable-stream/-/readable-stream-2.3.8.tgz 0ms (cache hit)
1046 http cache find-up@https://registry.npmjs.org/find-up/-/find-up-4.1.0.tgz 0ms (cache hit)
1047 http cache locate-path@https://registry.npmjs.org/locate-path/-/locate-path-5.0.0.tgz 0ms (cache hit)
1048 http cache postcss@https://registry.npmjs.org/postcss/-/postcss-8.5.12.tgz 0ms (cache hit)
1049 http cache lru-cache@https://registry.npmjs.org/lru-cache/-/lru-cache-10.4.3.tgz 0ms (cache hit)
1050 http cache semver@https://registry.npmjs.org/semver/-/semver-7.7.4.tgz 0ms (cache hit)
1051 http cache isarray@https://registry.npmjs.org/isarray/-/isarray-1.0.0.tgz 0ms (cache hit)
1052 http cache entities@https://registry.npmjs.org/entities/-/entities-4.5.0.tgz 0ms (cache hit)
1053 http cache base64-js@https://registry.npmjs.org/base64-js/-/base64-js-0.0.8.tgz 0ms (cache hit)
1054 http cache string_decoder@https://registry.npmjs.org/string_decoder/-/string_decoder-1.1.1.tgz 0ms (cache hit)
1055 http cache react-is@https://registry.npmjs.org/react-is/-/react-is-18.3.1.tgz 0ms (cache hit)
1056 http cache supports-color@https://registry.npmjs.org/supports-color/-/supports-color-8.1.1.tgz 0ms (cache hit)
1057 http cache isarray@https://registry.npmjs.org/isarray/-/isarray-1.0.0.tgz 0ms (cache hit)
1058 http cache safe-buffer@https://registry.npmjs.org/safe-buffer/-/safe-buffer-5.1.2.tgz 0ms (cache hit)
1059 http cache readable-stream@https://registry.npmjs.org/readable-stream/-/readable-stream-2.3.8.tgz 0ms (cache hit)
1060 http cache semver@https://registry.npmjs.org/semver/-/semver-7.7.4.tgz 0ms (cache hit)
1061 http cache pretty-format@https://registry.npmjs.org/pretty-format/-/pretty-format-30.3.0.tgz 0ms (cache hit)
1062 http cache react-is@https://registry.npmjs.org/react-is/-/react-is-18.3.1.tgz 0ms (cache hit)
1063 http cache camelcase@https://registry.npmjs.org/camelcase/-/camelcase-6.3.0.tgz 0ms (cache hit)
1064 http cache picomatch@https://registry.npmjs.org/picomatch/-/picomatch-4.0.3.tgz 0ms (cache hit)
1065 http cache ansi-styles@https://registry.npmjs.org/ansi-styles/-/ansi-styles-5.2.0.tgz 0ms (cache hit)
1066 http cache pretty-format@https://registry.npmjs.org/pretty-format/-/pretty-format-30.3.0.tgz 0ms (cache hit)
1067 http cache react-is@https://registry.npmjs.org/react-is/-/react-is-18.3.1.tgz 0ms (cache hit)
1068 http cache ansi-styles@https://registry.npmjs.org/ansi-styles/-/ansi-styles-5.2.0.tgz 0ms (cache hit)
1069 http cache picomatch@https://registry.npmjs.org/picomatch/-/picomatch-4.0.3.tgz 0ms (cache hit)
1070 http cache pretty-format@https://registry.npmjs.org/pretty-format/-/pretty-format-30.3.0.tgz 0ms (cache hit)
1071 http cache ansi-styles@https://registry.npmjs.org/ansi-styles/-/ansi-styles-5.2.0.tgz 0ms (cache hit)
1072 http cache strip-bom@https://registry.npmjs.org/strip-bom/-/strip-bom-4.0.0.tgz 0ms (cache hit)
1073 http cache react-is@https://registry.npmjs.org/react-is/-/react-is-18.3.1.tgz 0ms (cache hit)
1074 http cache pretty-format@https://registry.npmjs.org/pretty-format/-/pretty-format-30.3.0.tgz 0ms (cache hit)
1075 http cache ansi-styles@https://registry.npmjs.org/ansi-styles/-/ansi-styles-5.2.0.tgz 0ms (cache hit)
1076 http cache react-is@https://registry.npmjs.org/react-is/-/react-is-18.3.1.tgz 0ms (cache hit)
1077 http cache pretty-format@https://registry.npmjs.org/pretty-format/-/pretty-format-30.3.0.tgz 0ms (cache hit)
1078 http cache ansi-styles@https://registry.npmjs.org/ansi-styles/-/ansi-styles-5.2.0.tgz 0ms (cache hit)
1079 http cache react-is@https://registry.npmjs.org/react-is/-/react-is-18.3.1.tgz 0ms (cache hit)
1080 http cache picomatch@https://registry.npmjs.org/picomatch/-/picomatch-4.0.3.tgz 0ms (cache hit)
1081 http cache pretty-format@https://registry.npmjs.org/pretty-format/-/pretty-format-30.3.0.tgz 0ms (cache hit)
1082 http cache react-is@https://registry.npmjs.org/react-is/-/react-is-18.3.1.tgz 0ms (cache hit)
1083 http cache pretty-format@https://registry.npmjs.org/pretty-format/-/pretty-format-30.3.0.tgz 0ms (cache hit)
1084 http cache react-is@https://registry.npmjs.org/react-is/-/react-is-18.3.1.tgz 0ms (cache hit)
1085 http cache jest-config@https://registry.npmjs.org/jest-config/-/jest-config-30.3.0.tgz 0ms (cache hit)
1086 http cache ansi-styles@https://registry.npmjs.org/ansi-styles/-/ansi-styles-5.2.0.tgz 0ms (cache hit)
1087 http cache ansi-styles@https://registry.npmjs.org/ansi-styles/-/ansi-styles-5.2.0.tgz 0ms (cache hit)
1088 http cache ansi-styles@https://registry.npmjs.org/ansi-styles/-/ansi-styles-5.2.0.tgz 0ms (cache hit)
1089 http cache pretty-format@https://registry.npmjs.org/pretty-format/-/pretty-format-30.3.0.tgz 0ms (cache hit)
1090 http cache react-is@https://registry.npmjs.org/react-is/-/react-is-18.3.1.tgz 0ms (cache hit)
1091 http cache semver@https://registry.npmjs.org/semver/-/semver-7.7.4.tgz 0ms (cache hit)
1092 http cache ansi-styles@https://registry.npmjs.org/ansi-styles/-/ansi-styles-5.2.0.tgz 0ms (cache hit)
1093 http cache pretty-format@https://registry.npmjs.org/pretty-format/-/pretty-format-30.3.0.tgz 0ms (cache hit)
1094 http cache glob-parent@https://registry.npmjs.org/glob-parent/-/glob-parent-5.1.2.tgz 0ms (cache hit)
1095 http cache semver@https://registry.npmjs.org/semver/-/semver-7.7.4.tgz 0ms (cache hit)
1096 http cache string_decoder@https://registry.npmjs.org/string_decoder/-/string_decoder-1.1.1.tgz 0ms (cache hit)
1097 http cache signal-exit@https://registry.npmjs.org/signal-exit/-/signal-exit-3.0.7.tgz 0ms (cache hit)
1098 http cache brace-expansion@https://registry.npmjs.org/brace-expansion/-/brace-expansion-2.0.2.tgz 0ms (cache hit)
1099 http cache safe-buffer@https://registry.npmjs.org/safe-buffer/-/safe-buffer-5.1.2.tgz 0ms (cache hit)
1100 http cache minimatch@https://registry.npmjs.org/minimatch/-/minimatch-9.0.9.tgz 0ms (cache hit)
1101 http cache saxes@https://registry.npmjs.org/saxes/-/saxes-5.0.1.tgz 0ms (cache hit)
1102 http cache readable-stream@https://registry.npmjs.org/readable-stream/-/readable-stream-2.3.8.tgz 0ms (cache hit)
1103 http cache debug@https://registry.npmjs.org/debug/-/debug-3.2.7.tgz 0ms (cache hit)
1104 http cache resolve@https://registry.npmjs.org/resolve/-/resolve-2.0.0-next.5.tgz 0ms (cache hit)
1105 http cache debug@https://registry.npmjs.org/debug/-/debug-3.2.7.tgz 0ms (cache hit)
1106 http cache isarray@https://registry.npmjs.org/isarray/-/isarray-1.0.0.tgz 0ms (cache hit)
1107 http cache globals@https://registry.npmjs.org/globals/-/globals-16.4.0.tgz 0ms (cache hit)
1108 http cache debug@https://registry.npmjs.org/debug/-/debug-3.2.7.tgz 0ms (cache hit)
1109 http cache color-name@https://registry.npmjs.org/color-name/-/color-name-2.1.0.tgz 0ms (cache hit)
1110 http cache wrap-ansi@https://registry.npmjs.org/wrap-ansi/-/wrap-ansi-7.0.0.tgz 0ms (cache hit)
1111 http cache strip-ansi@https://registry.npmjs.org/strip-ansi/-/strip-ansi-6.0.1.tgz 0ms (cache hit)
1112 http cache safe-buffer@https://registry.npmjs.org/safe-buffer/-/safe-buffer-5.1.2.tgz 0ms (cache hit)
1113 http cache emoji-regex@https://registry.npmjs.org/emoji-regex/-/emoji-regex-8.0.0.tgz 0ms (cache hit)
1114 http cache string_decoder@https://registry.npmjs.org/string_decoder/-/string_decoder-1.1.1.tgz 0ms (cache hit)
1115 http cache readable-stream@https://registry.npmjs.org/readable-stream/-/readable-stream-2.3.8.tgz 0ms (cache hit)
1116 http cache string-width@https://registry.npmjs.org/string-width/-/string-width-4.2.3.tgz 0ms (cache hit)
1117 http cache minimatch@https://registry.npmjs.org/minimatch/-/minimatch-9.0.5.tgz 0ms (cache hit)
1118 http cache isarray@https://registry.npmjs.org/isarray/-/isarray-1.0.0.tgz 0ms (cache hit)
1119 http cache glob@https://registry.npmjs.org/glob/-/glob-7.2.3.tgz 0ms (cache hit)
1120 http cache ignore@https://registry.npmjs.org/ignore/-/ignore-7.0.5.tgz 0ms (cache hit)
1121 http cache brace-expansion@https://registry.npmjs.org/brace-expansion/-/brace-expansion-2.0.2.tgz 0ms (cache hit)
1122 http cache @radix-ui/react-slot@https://registry.npmjs.org/@radix-ui/react-slot/-/react-slot-1.2.3.tgz 0ms (cache hit)
1123 http cache dom-accessibility-api@https://registry.npmjs.org/dom-accessibility-api/-/dom-accessibility-api-0.6.3.tgz 0ms (cache hit)
1124 http cache semver@https://registry.npmjs.org/semver/-/semver-7.7.4.tgz 0ms (cache hit)
1125 http cache scheduler@https://registry.npmjs.org/scheduler/-/scheduler-0.25.0-rc-603e6108-20241029.tgz 0ms (cache hit)
1126 http cache pretty-format@https://registry.npmjs.org/pretty-format/-/pretty-format-30.3.0.tgz 0ms (cache hit)
1127 http cache ansi-styles@https://registry.npmjs.org/ansi-styles/-/ansi-styles-5.2.0.tgz 0ms (cache hit)
1128 http cache react-is@https://registry.npmjs.org/react-is/-/react-is-18.3.1.tgz 0ms (cache hit)
1129 http cache aria-query@https://registry.npmjs.org/aria-query/-/aria-query-5.3.0.tgz 0ms (cache hit)
1130 http cache @radix-ui/react-context@https://registry.npmjs.org/@radix-ui/react-context/-/react-context-1.1.2.tgz 1ms (cache hit)
1131 http cache @radix-ui/react-slot@https://registry.npmjs.org/@radix-ui/react-slot/-/react-slot-1.2.3.tgz 0ms (cache hit)
1132 http cache @radix-ui/react-primitive@https://registry.npmjs.org/@radix-ui/react-primitive/-/react-primitive-2.1.3.tgz 0ms (cache hit)
1133 http cache @radix-ui/react-slot@https://registry.npmjs.org/@radix-ui/react-slot/-/react-slot-1.2.3.tgz 0ms (cache hit)
1134 http cache @radix-ui/react-primitive@https://registry.npmjs.org/@radix-ui/react-primitive/-/react-primitive-2.1.3.tgz 0ms (cache hit)
1135 http cache @radix-ui/react-slot@https://registry.npmjs.org/@radix-ui/react-slot/-/react-slot-1.2.3.tgz 0ms (cache hit)
1136 http cache @radix-ui/react-primitive@https://registry.npmjs.org/@radix-ui/react-primitive/-/react-primitive-2.1.3.tgz 0ms (cache hit)
1137 http cache @radix-ui/react-context@https://registry.npmjs.org/@radix-ui/react-context/-/react-context-1.1.2.tgz 0ms (cache hit)
1138 http cache @radix-ui/react-primitive@https://registry.npmjs.org/@radix-ui/react-primitive/-/react-primitive-2.1.3.tgz 0ms (cache hit)
1139 http cache @radix-ui/react-context@https://registry.npmjs.org/@radix-ui/react-context/-/react-context-1.1.2.tgz 0ms (cache hit)
1140 http cache @radix-ui/react-slot@https://registry.npmjs.org/@radix-ui/react-slot/-/react-slot-1.2.3.tgz 0ms (cache hit)
1141 http cache @radix-ui/react-slot@https://registry.npmjs.org/@radix-ui/react-slot/-/react-slot-1.2.3.tgz 0ms (cache hit)
1142 http cache @radix-ui/react-context@https://registry.npmjs.org/@radix-ui/react-context/-/react-context-1.1.2.tgz 0ms (cache hit)
1143 http cache @radix-ui/react-primitive@https://registry.npmjs.org/@radix-ui/react-primitive/-/react-primitive-2.1.3.tgz 0ms (cache hit)
1144 http cache @radix-ui/react-primitive@https://registry.npmjs.org/@radix-ui/react-primitive/-/react-primitive-2.1.3.tgz 0ms (cache hit)
1145 http cache @radix-ui/react-primitive@https://registry.npmjs.org/@radix-ui/react-primitive/-/react-primitive-2.1.3.tgz 0ms (cache hit)
1146 http cache @radix-ui/react-primitive@https://registry.npmjs.org/@radix-ui/react-primitive/-/react-primitive-2.1.3.tgz 0ms (cache hit)
1147 http cache @radix-ui/react-slot@https://registry.npmjs.org/@radix-ui/react-slot/-/react-slot-1.2.3.tgz 0ms (cache hit)
1148 http cache @radix-ui/react-context@https://registry.npmjs.org/@radix-ui/react-context/-/react-context-1.1.2.tgz 0ms (cache hit)
1149 http cache @radix-ui/react-context@https://registry.npmjs.org/@radix-ui/react-context/-/react-context-1.1.2.tgz 0ms (cache hit)
1150 http cache @radix-ui/react-slot@https://registry.npmjs.org/@radix-ui/react-slot/-/react-slot-1.2.3.tgz 0ms (cache hit)
1151 http cache @radix-ui/react-slot@https://registry.npmjs.org/@radix-ui/react-slot/-/react-slot-1.2.3.tgz 0ms (cache hit)
1152 http cache @radix-ui/react-slot@https://registry.npmjs.org/@radix-ui/react-slot/-/react-slot-1.2.3.tgz 0ms (cache hit)
1153 http cache @radix-ui/react-primitive@https://registry.npmjs.org/@radix-ui/react-primitive/-/react-primitive-2.1.3.tgz 0ms (cache hit)
1154 http cache @radix-ui/react-context@https://registry.npmjs.org/@radix-ui/react-context/-/react-context-1.1.2.tgz 0ms (cache hit)
1155 http cache @radix-ui/react-slot@https://registry.npmjs.org/@radix-ui/react-slot/-/react-slot-1.2.3.tgz 0ms (cache hit)
1156 http cache @radix-ui/react-primitive@https://registry.npmjs.org/@radix-ui/react-primitive/-/react-primitive-2.1.3.tgz 0ms (cache hit)
1157 http cache @radix-ui/react-context@https://registry.npmjs.org/@radix-ui/react-context/-/react-context-1.1.2.tgz 0ms (cache hit)
1158 http cache @radix-ui/react-slot@https://registry.npmjs.org/@radix-ui/react-slot/-/react-slot-1.2.3.tgz 0ms (cache hit)
1159 http cache @radix-ui/react-slot@https://registry.npmjs.org/@radix-ui/react-slot/-/react-slot-1.2.3.tgz 0ms (cache hit)
1160 http cache @radix-ui/react-primitive@https://registry.npmjs.org/@radix-ui/react-primitive/-/react-primitive-2.1.3.tgz 0ms (cache hit)
1161 http cache @radix-ui/react-primitive@https://registry.npmjs.org/@radix-ui/react-primitive/-/react-primitive-2.1.3.tgz 0ms (cache hit)
1162 http cache @radix-ui/react-context@https://registry.npmjs.org/@radix-ui/react-context/-/react-context-1.1.2.tgz 0ms (cache hit)
1163 http cache @radix-ui/react-slot@https://registry.npmjs.org/@radix-ui/react-slot/-/react-slot-1.2.3.tgz 0ms (cache hit)
1164 http cache @radix-ui/react-primitive@https://registry.npmjs.org/@radix-ui/react-primitive/-/react-primitive-2.1.3.tgz 0ms (cache hit)
1165 http cache @radix-ui/react-context@https://registry.npmjs.org/@radix-ui/react-context/-/react-context-1.1.2.tgz 0ms (cache hit)
1166 http cache @radix-ui/react-primitive@https://registry.npmjs.org/@radix-ui/react-primitive/-/react-primitive-2.1.3.tgz 0ms (cache hit)
1167 http cache @radix-ui/react-slot@https://registry.npmjs.org/@radix-ui/react-slot/-/react-slot-1.2.3.tgz 0ms (cache hit)
1168 http cache @radix-ui/react-primitive@https://registry.npmjs.org/@radix-ui/react-primitive/-/react-primitive-2.1.3.tgz 0ms (cache hit)
1169 http cache react-is@https://registry.npmjs.org/react-is/-/react-is-18.3.1.tgz 0ms (cache hit)
1170 http cache @radix-ui/react-context@https://registry.npmjs.org/@radix-ui/react-context/-/react-context-1.1.2.tgz 0ms (cache hit)
1171 http cache jest-config@https://registry.npmjs.org/jest-config/-/jest-config-30.3.0.tgz 0ms (cache hit)
1172 http cache resolve-from@https://registry.npmjs.org/resolve-from/-/resolve-from-5.0.0.tgz 0ms (cache hit)
1173 http cache ansi-styles@https://registry.npmjs.org/ansi-styles/-/ansi-styles-5.2.0.tgz 0ms (cache hit)
1174 http cache pretty-format@https://registry.npmjs.org/pretty-format/-/pretty-format-30.3.0.tgz 0ms (cache hit)
1175 http cache @radix-ui/react-primitive@https://registry.npmjs.org/@radix-ui/react-primitive/-/react-primitive-2.1.3.tgz 0ms (cache hit)
1176 http cache @radix-ui/react-slot@https://registry.npmjs.org/@radix-ui/react-slot/-/react-slot-1.2.3.tgz 0ms (cache hit)
1177 http cache p-limit@https://registry.npmjs.org/p-limit/-/p-limit-2.3.0.tgz 0ms (cache hit)
1178 http cache p-locate@https://registry.npmjs.org/p-locate/-/p-locate-4.1.0.tgz 0ms (cache hit)
1179 http cache locate-path@https://registry.npmjs.org/locate-path/-/locate-path-5.0.0.tgz 0ms (cache hit)
1180 http cache js-yaml@https://registry.npmjs.org/js-yaml/-/js-yaml-3.14.2.tgz 0ms (cache hit)
1181 http cache argparse@https://registry.npmjs.org/argparse/-/argparse-1.0.10.tgz 0ms (cache hit)
1182 silly tarball no local data for zod-validation-error@https://registry.npmjs.org/zod-validation-error/-/zod-validation-error-4.0.2.tgz. Extracting by manifest.
1183 http cache find-up@https://registry.npmjs.org/find-up/-/find-up-4.1.0.tgz 0ms (cache hit)
1184 silly tarball no local data for zod@https://registry.npmjs.org/zod/-/zod-4.3.6.tgz. Extracting by manifest.
1185 http cache @types/node@https://registry.npmjs.org/@types/node/-/node-14.18.63.tgz 0ms (cache hit)
1186 http cache lru-cache@https://registry.npmjs.org/lru-cache/-/lru-cache-10.4.3.tgz 0ms (cache hit)
1187 http cache @types/node@https://registry.npmjs.org/@types/node/-/node-14.18.63.tgz 0ms (cache hit)
1188 silly tarball no local data for zip-stream@https://registry.npmjs.org/zip-stream/-/zip-stream-4.1.1.tgz. Extracting by manifest.
1189 http cache eslint-visitor-keys@https://registry.npmjs.org/eslint-visitor-keys/-/eslint-visitor-keys-3.4.3.tgz 0ms (cache hit)
1190 silly tarball no local data for yoga-layout@https://registry.npmjs.org/yoga-layout/-/yoga-layout-3.2.1.tgz. Extracting by manifest.
1191 silly tarball no local data for yocto-queue@https://registry.npmjs.org/yocto-queue/-/yocto-queue-0.1.0.tgz. Extracting by manifest.
1192 silly tarball no local data for yargs@https://registry.npmjs.org/yargs/-/yargs-17.7.2.tgz. Extracting by manifest.
1193 silly tarball no local data for yargs-parser@https://registry.npmjs.org/yargs-parser/-/yargs-parser-21.1.1.tgz. Extracting by manifest.
1194 silly tarball no local data for yallist@https://registry.npmjs.org/yallist/-/yallist-3.1.1.tgz. Extracting by manifest.
1195 silly tarball no local data for y18n@https://registry.npmjs.org/y18n/-/y18n-5.0.8.tgz. Extracting by manifest.
1196 silly tarball no local data for xmlhttprequest-ssl@https://registry.npmjs.org/xmlhttprequest-ssl/-/xmlhttprequest-ssl-2.1.2.tgz. Extracting by manifest.
1197 silly tarball no local data for xmlchars@https://registry.npmjs.org/xmlchars/-/xmlchars-2.2.0.tgz. Extracting by manifest.
1198 silly tarball no local data for ws@https://registry.npmjs.org/ws/-/ws-8.18.3.tgz. Extracting by manifest.
1199 silly tarball no local data for xml-name-validator@https://registry.npmjs.org/xml-name-validator/-/xml-name-validator-5.0.0.tgz. Extracting by manifest.
1200 silly tarball no local data for write-file-atomic@https://registry.npmjs.org/write-file-atomic/-/write-file-atomic-5.0.1.tgz. Extracting by manifest.
1201 silly tarball no local data for wrap-ansi-cjs@https://registry.npmjs.org/wrap-ansi/-/wrap-ansi-7.0.0.tgz. Extracting by manifest.
1202 silly tarball no local data for wrap-ansi@https://registry.npmjs.org/wrap-ansi/-/wrap-ansi-8.1.0.tgz. Extracting by manifest.
1203 silly tarball no local data for wrappy@https://registry.npmjs.org/wrappy/-/wrappy-1.0.2.tgz. Extracting by manifest.
1204 silly tarball no local data for word-wrap@https://registry.npmjs.org/word-wrap/-/word-wrap-1.2.5.tgz. Extracting by manifest.
1205 silly tarball no local data for which-builtin-type@https://registry.npmjs.org/which-builtin-type/-/which-builtin-type-1.2.1.tgz. Extracting by manifest.
1206 silly tarball no local data for which-typed-array@https://registry.npmjs.org/which-typed-array/-/which-typed-array-1.1.20.tgz. Extracting by manifest.
1207 silly tarball no local data for which-collection@https://registry.npmjs.org/which-collection/-/which-collection-1.0.2.tgz. Extracting by manifest.
1208 silly tarball no local data for which-boxed-primitive@https://registry.npmjs.org/which-boxed-primitive/-/which-boxed-primitive-1.1.1.tgz. Extracting by manifest.
1209 silly tarball no local data for whatwg-url@https://registry.npmjs.org/whatwg-url/-/whatwg-url-14.2.0.tgz. Extracting by manifest.
1210 silly tarball no local data for which@https://registry.npmjs.org/which/-/which-2.0.2.tgz. Extracting by manifest.
1211 silly tarball no local data for whatwg-mimetype@https://registry.npmjs.org/whatwg-mimetype/-/whatwg-mimetype-4.0.0.tgz. Extracting by manifest.
1212 silly tarball no local data for whatwg-encoding@https://registry.npmjs.org/whatwg-encoding/-/whatwg-encoding-3.1.1.tgz. Extracting by manifest.
1213 silly tarball no local data for webidl-conversions@https://registry.npmjs.org/webidl-conversions/-/webidl-conversions-7.0.0.tgz. Extracting by manifest.
1214 silly tarball no local data for walker@https://registry.npmjs.org/walker/-/walker-1.0.8.tgz. Extracting by manifest.
1215 silly tarball no local data for w3c-xmlserializer@https://registry.npmjs.org/w3c-xmlserializer/-/w3c-xmlserializer-5.0.0.tgz. Extracting by manifest.
1216 silly tarball no local data for w3c-keyname@https://registry.npmjs.org/w3c-keyname/-/w3c-keyname-2.2.8.tgz. Extracting by manifest.
1217 silly tarball no local data for v8-to-istanbul@https://registry.npmjs.org/v8-to-istanbul/-/v8-to-istanbul-9.3.0.tgz. Extracting by manifest.
1218 silly tarball no local data for vite-compatible-readable-stream@https://registry.npmjs.org/vite-compatible-readable-stream/-/vite-compatible-readable-stream-3.6.1.tgz. Extracting by manifest.
1219 silly tarball no local data for uuid@https://registry.npmjs.org/uuid/-/uuid-14.0.0.tgz. Extracting by manifest.
1220 silly tarball no local data for util-deprecate@https://registry.npmjs.org/util-deprecate/-/util-deprecate-1.0.2.tgz. Extracting by manifest.
1221 silly tarball no local data for use-sync-external-store@https://registry.npmjs.org/use-sync-external-store/-/use-sync-external-store-1.6.0.tgz. Extracting by manifest.
1222 silly tarball no local data for use-sidecar@https://registry.npmjs.org/use-sidecar/-/use-sidecar-1.1.3.tgz. Extracting by manifest.
1223 silly tarball no local data for use-callback-ref@https://registry.npmjs.org/use-callback-ref/-/use-callback-ref-1.3.3.tgz. Extracting by manifest.
1224 silly tarball no local data for uri-js@https://registry.npmjs.org/uri-js/-/uri-js-4.4.1.tgz. Extracting by manifest.
1225 silly tarball no local data for unzipper@https://registry.npmjs.org/unzipper/-/unzipper-0.10.14.tgz. Extracting by manifest.
1226 silly tarball no local data for unrs-resolver@https://registry.npmjs.org/unrs-resolver/-/unrs-resolver-1.11.1.tgz. Extracting by manifest.
1227 silly tarball no local data for update-browserslist-db@https://registry.npmjs.org/update-browserslist-db/-/update-browserslist-db-1.2.3.tgz. Extracting by manifest.
1228 silly tarball no local data for unicode-trie@https://registry.npmjs.org/unicode-trie/-/unicode-trie-2.0.0.tgz. Extracting by manifest.
1229 silly tarball no local data for unbox-primitive@https://registry.npmjs.org/unbox-primitive/-/unbox-primitive-1.1.0.tgz. Extracting by manifest.
1230 silly tarball no local data for unicode-properties@https://registry.npmjs.org/unicode-properties/-/unicode-properties-1.4.1.tgz. Extracting by manifest.
1231 silly tarball no local data for undici-types@https://registry.npmjs.org/undici-types/-/undici-types-6.21.0.tgz. Extracting by manifest.
1232 silly tarball no local data for uc.micro@https://registry.npmjs.org/uc.micro/-/uc.micro-2.1.0.tgz. Extracting by manifest.
1233 silly tarball no local data for typescript-eslint@https://registry.npmjs.org/typescript-eslint/-/typescript-eslint-8.55.0.tgz. Extracting by manifest.
1234 silly tarball no local data for typed-array-byte-offset@https://registry.npmjs.org/typed-array-byte-offset/-/typed-array-byte-offset-1.0.4.tgz. Extracting by manifest.
1235 silly tarball no local data for typed-array-length@https://registry.npmjs.org/typed-array-length/-/typed-array-length-1.0.7.tgz. Extracting by manifest.
1236 silly tarball no local data for typescript@https://registry.npmjs.org/typescript/-/typescript-5.9.3.tgz. Extracting by manifest.
1237 silly tarball no local data for typed-array-buffer@https://registry.npmjs.org/typed-array-buffer/-/typed-array-buffer-1.0.3.tgz. Extracting by manifest.
1238 silly tarball no local data for type-fest@https://registry.npmjs.org/type-fest/-/type-fest-0.21.3.tgz. Extracting by manifest.
1239 silly tarball no local data for typed-array-byte-length@https://registry.npmjs.org/typed-array-byte-length/-/typed-array-byte-length-1.0.3.tgz. Extracting by manifest.
1240 silly tarball no local data for type-detect@https://registry.npmjs.org/type-detect/-/type-detect-4.0.8.tgz. Extracting by manifest.
1241 silly tarball no local data for type-check@https://registry.npmjs.org/type-check/-/type-check-0.4.0.tgz. Extracting by manifest.
1242 silly tarball no local data for tsconfig-paths@https://registry.npmjs.org/tsconfig-paths/-/tsconfig-paths-3.15.0.tgz. Extracting by manifest.
1243 silly tarball no local data for tslib@https://registry.npmjs.org/tslib/-/tslib-2.8.1.tgz. Extracting by manifest.
1244 silly tarball no local data for ts-api-utils@https://registry.npmjs.org/ts-api-utils/-/ts-api-utils-2.4.0.tgz. Extracting by manifest.
1245 silly tarball no local data for tr46@https://registry.npmjs.org/tr46/-/tr46-5.1.1.tgz. Extracting by manifest.
1246 silly tarball no local data for traverse@https://registry.npmjs.org/traverse/-/traverse-0.3.9.tgz. Extracting by manifest.
1247 silly tarball no local data for tmpl@https://registry.npmjs.org/tmpl/-/tmpl-1.0.5.tgz. Extracting by manifest.
1248 silly tarball no local data for tough-cookie@https://registry.npmjs.org/tough-cookie/-/tough-cookie-5.1.2.tgz. Extracting by manifest.
1249 silly tarball no local data for tldts-core@https://registry.npmjs.org/tldts-core/-/tldts-core-6.1.86.tgz. Extracting by manifest.
1250 silly tarball no local data for to-regex-range@https://registry.npmjs.org/to-regex-range/-/to-regex-range-5.0.1.tgz. Extracting by manifest.
1251 silly tarball no local data for tmp@https://registry.npmjs.org/tmp/-/tmp-0.2.5.tgz. Extracting by manifest.
1252 silly tarball no local data for tldts@https://registry.npmjs.org/tldts/-/tldts-6.1.86.tgz. Extracting by manifest.
1253 silly tarball no local data for tinyglobby@https://registry.npmjs.org/tinyglobby/-/tinyglobby-0.2.15.tgz. Extracting by manifest.
1254 silly tarball no local data for tiny-inflate@https://registry.npmjs.org/tiny-inflate/-/tiny-inflate-1.0.3.tgz. Extracting by manifest.
1255 silly tarball no local data for test-exclude@https://registry.npmjs.org/test-exclude/-/test-exclude-6.0.0.tgz. Extracting by manifest.
1256 silly tarball no local data for tapable@https://registry.npmjs.org/tapable/-/tapable-2.3.0.tgz. Extracting by manifest.
1257 silly tarball no local data for tar-stream@https://registry.npmjs.org/tar-stream/-/tar-stream-2.2.0.tgz. Extracting by manifest.
1258 silly tarball no local data for tailwindcss@https://registry.npmjs.org/tailwindcss/-/tailwindcss-4.1.18.tgz. Extracting by manifest.
1259 silly tarball no local data for tailwind-merge@https://registry.npmjs.org/tailwind-merge/-/tailwind-merge-2.6.1.tgz. Extracting by manifest.
1260 silly tarball no local data for synckit@https://registry.npmjs.org/synckit/-/synckit-0.11.12.tgz. Extracting by manifest.
1261 silly tarball no local data for symbol-tree@https://registry.npmjs.org/symbol-tree/-/symbol-tree-3.2.4.tgz. Extracting by manifest.
1262 silly tarball no local data for supports-preserve-symlinks-flag@https://registry.npmjs.org/supports-preserve-symlinks-flag/-/supports-preserve-symlinks-flag-1.0.0.tgz. Extracting by manifest.
1263 silly tarball no local data for svg-arc-to-cubic-bezier@https://registry.npmjs.org/svg-arc-to-cubic-bezier/-/svg-arc-to-cubic-bezier-3.2.0.tgz. Extracting by manifest.
1264 silly tarball no local data for supports-color@https://registry.npmjs.org/supports-color/-/supports-color-7.2.0.tgz. Extracting by manifest.
1265 silly tarball no local data for styled-jsx@https://registry.npmjs.org/styled-jsx/-/styled-jsx-5.1.6.tgz. Extracting by manifest.
1266 silly tarball no local data for strip-indent@https://registry.npmjs.org/strip-indent/-/strip-indent-3.0.0.tgz. Extracting by manifest.
1267 silly tarball no local data for strip-json-comments@https://registry.npmjs.org/strip-json-comments/-/strip-json-comments-3.1.1.tgz. Extracting by manifest.
1268 silly tarball no local data for strip-final-newline@https://registry.npmjs.org/strip-final-newline/-/strip-final-newline-2.0.0.tgz. Extracting by manifest.
1269 silly tarball no local data for strip-bom@https://registry.npmjs.org/strip-bom/-/strip-bom-3.0.0.tgz. Extracting by manifest.
1270 silly tarball no local data for strip-ansi-cjs@https://registry.npmjs.org/strip-ansi/-/strip-ansi-6.0.1.tgz. Extracting by manifest.
1271 silly tarball no local data for strip-ansi@https://registry.npmjs.org/strip-ansi/-/strip-ansi-7.2.0.tgz. Extracting by manifest.
1272 silly tarball no local data for string.prototype.trimstart@https://registry.npmjs.org/string.prototype.trimstart/-/string.prototype.trimstart-1.0.8.tgz. Extracting by manifest.
1273 silly tarball no local data for string.prototype.trimend@https://registry.npmjs.org/string.prototype.trimend/-/string.prototype.trimend-1.0.9.tgz. Extracting by manifest.
1274 silly tarball no local data for string.prototype.trim@https://registry.npmjs.org/string.prototype.trim/-/string.prototype.trim-1.2.10.tgz. Extracting by manifest.
1275 silly tarball no local data for string.prototype.repeat@https://registry.npmjs.org/string.prototype.repeat/-/string.prototype.repeat-1.0.0.tgz. Extracting by manifest.
1276 silly tarball no local data for string.prototype.matchall@https://registry.npmjs.org/string.prototype.matchall/-/string.prototype.matchall-4.0.12.tgz. Extracting by manifest.
1277 silly tarball no local data for string.prototype.includes@https://registry.npmjs.org/string.prototype.includes/-/string.prototype.includes-2.0.1.tgz. Extracting by manifest.
1278 silly tarball no local data for string-width-cjs@https://registry.npmjs.org/string-width/-/string-width-4.2.3.tgz. Extracting by manifest.
1279 silly tarball no local data for string-width@https://registry.npmjs.org/string-width/-/string-width-5.1.2.tgz. Extracting by manifest.
1280 silly tarball no local data for string-length@https://registry.npmjs.org/string-length/-/string-length-4.0.2.tgz. Extracting by manifest.
1281 silly tarball no local data for string_decoder@https://registry.npmjs.org/string_decoder/-/string_decoder-1.3.0.tgz. Extracting by manifest.
1282 silly tarball no local data for stop-iteration-iterator@https://registry.npmjs.org/stop-iteration-iterator/-/stop-iteration-iterator-1.1.0.tgz. Extracting by manifest.
1283 silly tarball no local data for stack-utils@https://registry.npmjs.org/stack-utils/-/stack-utils-2.0.6.tgz. Extracting by manifest.
1284 silly tarball no local data for sprintf-js@https://registry.npmjs.org/sprintf-js/-/sprintf-js-1.0.3.tgz. Extracting by manifest.
1285 silly tarball no local data for stable-hash@https://registry.npmjs.org/stable-hash/-/stable-hash-0.0.5.tgz. Extracting by manifest.
1286 silly tarball no local data for source-map-support@https://registry.npmjs.org/source-map-support/-/source-map-support-0.5.13.tgz. Extracting by manifest.
1287 silly tarball no local data for source-map-js@https://registry.npmjs.org/source-map-js/-/source-map-js-1.2.1.tgz. Extracting by manifest.
1288 silly tarball no local data for source-map@https://registry.npmjs.org/source-map/-/source-map-0.6.1.tgz. Extracting by manifest.
1289 silly tarball no local data for sonner@https://registry.npmjs.org/sonner/-/sonner-2.0.7.tgz. Extracting by manifest.
1290 silly tarball no local data for socket.io-parser@https://registry.npmjs.org/socket.io-parser/-/socket.io-parser-4.2.6.tgz. Extracting by manifest.
1291 silly tarball no local data for slash@https://registry.npmjs.org/slash/-/slash-3.0.0.tgz. Extracting by manifest.
1292 silly tarball no local data for socket.io-client@https://registry.npmjs.org/socket.io-client/-/socket.io-client-4.8.3.tgz. Extracting by manifest.
1293 silly tarball no local data for side-channel-weakmap@https://registry.npmjs.org/side-channel-weakmap/-/side-channel-weakmap-1.0.2.tgz. Extracting by manifest.
1294 silly tarball no local data for signal-exit@https://registry.npmjs.org/signal-exit/-/signal-exit-4.1.0.tgz. Extracting by manifest.
1295 silly tarball no local data for side-channel-map@https://registry.npmjs.org/side-channel-map/-/side-channel-map-1.0.1.tgz. Extracting by manifest.
1296 silly tarball no local data for side-channel-list@https://registry.npmjs.org/side-channel-list/-/side-channel-list-1.0.0.tgz. Extracting by manifest.
1297 silly tarball no local data for side-channel@https://registry.npmjs.org/side-channel/-/side-channel-1.1.0.tgz. Extracting by manifest.
1298 silly tarball no local data for shebang-regex@https://registry.npmjs.org/shebang-regex/-/shebang-regex-3.0.0.tgz. Extracting by manifest.
1299 silly tarball no local data for shebang-command@https://registry.npmjs.org/shebang-command/-/shebang-command-2.0.0.tgz. Extracting by manifest.
1300 silly tarball no local data for setimmediate@https://registry.npmjs.org/setimmediate/-/setimmediate-1.0.5.tgz. Extracting by manifest.
1301 silly tarball no local data for set-proto@https://registry.npmjs.org/set-proto/-/set-proto-1.0.0.tgz. Extracting by manifest.
1302 silly tarball no local data for sharp@https://registry.npmjs.org/sharp/-/sharp-0.34.5.tgz. Extracting by manifest.
1303 silly tarball no local data for set-function-length@https://registry.npmjs.org/set-function-length/-/set-function-length-1.2.2.tgz. Extracting by manifest.
1304 silly tarball no local data for set-function-name@https://registry.npmjs.org/set-function-name/-/set-function-name-2.0.2.tgz. Extracting by manifest.
1305 silly tarball no local data for semver@https://registry.npmjs.org/semver/-/semver-6.3.1.tgz. Extracting by manifest.
1306 silly tarball no local data for scheduler@https://registry.npmjs.org/scheduler/-/scheduler-0.27.0.tgz. Extracting by manifest.
1307 silly tarball no local data for safer-buffer@https://registry.npmjs.org/safer-buffer/-/safer-buffer-2.1.2.tgz. Extracting by manifest.
1308 silly tarball no local data for saxes@https://registry.npmjs.org/saxes/-/saxes-6.0.0.tgz. Extracting by manifest.
1309 silly tarball no local data for safe-push-apply@https://registry.npmjs.org/safe-push-apply/-/safe-push-apply-1.0.0.tgz. Extracting by manifest.
1310 silly tarball no local data for safe-regex-test@https://registry.npmjs.org/safe-regex-test/-/safe-regex-test-1.1.0.tgz. Extracting by manifest.
1311 silly tarball no local data for safe-array-concat@https://registry.npmjs.org/safe-array-concat/-/safe-array-concat-1.1.3.tgz. Extracting by manifest.
1312 silly tarball no local data for rrweb-cssom@https://registry.npmjs.org/rrweb-cssom/-/rrweb-cssom-0.8.0.tgz. Extracting by manifest.
1313 silly tarball no local data for safe-buffer@https://registry.npmjs.org/safe-buffer/-/safe-buffer-5.2.1.tgz. Extracting by manifest.
1314 silly tarball no local data for run-parallel@https://registry.npmjs.org/run-parallel/-/run-parallel-1.2.0.tgz. Extracting by manifest.
1315 silly tarball no local data for rope-sequence@https://registry.npmjs.org/rope-sequence/-/rope-sequence-1.3.4.tgz. Extracting by manifest.
1316 silly tarball no local data for rimraf@https://registry.npmjs.org/rimraf/-/rimraf-2.7.1.tgz. Extracting by manifest.
1317 silly tarball no local data for restructure@https://registry.npmjs.org/restructure/-/restructure-3.0.2.tgz. Extracting by manifest.
1318 silly tarball no local data for reusify@https://registry.npmjs.org/reusify/-/reusify-1.1.0.tgz. Extracting by manifest.
1319 silly tarball no local data for resolve-pkg-maps@https://registry.npmjs.org/resolve-pkg-maps/-/resolve-pkg-maps-1.0.0.tgz. Extracting by manifest.
1320 silly tarball no local data for resolve-cwd@https://registry.npmjs.org/resolve-cwd/-/resolve-cwd-3.0.0.tgz. Extracting by manifest.
1321 silly tarball no local data for resolve-from@https://registry.npmjs.org/resolve-from/-/resolve-from-4.0.0.tgz. Extracting by manifest.
1322 silly tarball no local data for resolve@https://registry.npmjs.org/resolve/-/resolve-1.22.11.tgz. Extracting by manifest.
1323 silly tarball no local data for require-directory@https://registry.npmjs.org/require-directory/-/require-directory-2.1.1.tgz. Extracting by manifest.
1324 silly tarball no local data for regexp.prototype.flags@https://registry.npmjs.org/regexp.prototype.flags/-/regexp.prototype.flags-1.5.4.tgz. Extracting by manifest.
1325 silly tarball no local data for require-from-string@https://registry.npmjs.org/require-from-string/-/require-from-string-2.0.2.tgz. Extracting by manifest.
1326 silly tarball no local data for reflect.getprototypeof@https://registry.npmjs.org/reflect.getprototypeof/-/reflect.getprototypeof-1.0.10.tgz. Extracting by manifest.
1327 silly tarball no local data for redent@https://registry.npmjs.org/redent/-/redent-3.0.0.tgz. Extracting by manifest.
1328 silly tarball no local data for readable-stream@https://registry.npmjs.org/readable-stream/-/readable-stream-3.6.2.tgz. Extracting by manifest.
1329 silly tarball no local data for readdir-glob@https://registry.npmjs.org/readdir-glob/-/readdir-glob-1.1.3.tgz. Extracting by manifest.
1330 silly tarball no local data for react-style-singleton@https://registry.npmjs.org/react-style-singleton/-/react-style-singleton-2.2.3.tgz. Extracting by manifest.
1331 silly tarball no local data for react-remove-scroll-bar@https://registry.npmjs.org/react-remove-scroll-bar/-/react-remove-scroll-bar-2.3.8.tgz. Extracting by manifest.
1332 silly tarball no local data for react-remove-scroll@https://registry.npmjs.org/react-remove-scroll/-/react-remove-scroll-2.7.2.tgz. Extracting by manifest.
1333 silly tarball no local data for react-hook-form@https://registry.npmjs.org/react-hook-form/-/react-hook-form-7.71.1.tgz. Extracting by manifest.
1334 silly tarball no local data for react-is@https://registry.npmjs.org/react-is/-/react-is-16.13.1.tgz. Extracting by manifest.
1335 silly tarball no local data for react-dom@https://registry.npmjs.org/react-dom/-/react-dom-19.2.3.tgz. Extracting by manifest.
1336 silly tarball no local data for react-easy-crop@https://registry.npmjs.org/react-easy-crop/-/react-easy-crop-5.5.7.tgz. Extracting by manifest.
1337 silly tarball no local data for react@https://registry.npmjs.org/react/-/react-19.2.3.tgz. Extracting by manifest.
1338 silly tarball no local data for queue-microtask@https://registry.npmjs.org/queue-microtask/-/queue-microtask-1.2.3.tgz. Extracting by manifest.
1339 silly tarball no local data for pure-rand@https://registry.npmjs.org/pure-rand/-/pure-rand-7.0.1.tgz. Extracting by manifest.
1340 silly tarball no local data for queue@https://registry.npmjs.org/queue/-/queue-6.0.2.tgz. Extracting by manifest.
1341 silly tarball no local data for punycode.js@https://registry.npmjs.org/punycode.js/-/punycode.js-2.3.1.tgz. Extracting by manifest.
1342 silly tarball no local data for punycode@https://registry.npmjs.org/punycode/-/punycode-2.3.1.tgz. Extracting by manifest.
1343 silly tarball no local data for proxy-from-env@https://registry.npmjs.org/proxy-from-env/-/proxy-from-env-2.1.0.tgz. Extracting by manifest.
1344 silly tarball no local data for prosemirror-view@https://registry.npmjs.org/prosemirror-view/-/prosemirror-view-1.41.7.tgz. Extracting by manifest.
1345 silly tarball no local data for prosemirror-transform@https://registry.npmjs.org/prosemirror-transform/-/prosemirror-transform-1.11.0.tgz. Extracting by manifest.
1346 silly tarball no local data for prosemirror-tables@https://registry.npmjs.org/prosemirror-tables/-/prosemirror-tables-1.8.5.tgz. Extracting by manifest.
1347 silly tarball no local data for prosemirror-trailing-node@https://registry.npmjs.org/prosemirror-trailing-node/-/prosemirror-trailing-node-3.0.0.tgz. Extracting by manifest.
1348 silly tarball no local data for prosemirror-schema-list@https://registry.npmjs.org/prosemirror-schema-list/-/prosemirror-schema-list-1.5.1.tgz. Extracting by manifest.
1349 silly tarball no local data for prosemirror-state@https://registry.npmjs.org/prosemirror-state/-/prosemirror-state-1.4.4.tgz. Extracting by manifest.
1350 silly tarball no local data for prosemirror-schema-basic@https://registry.npmjs.org/prosemirror-schema-basic/-/prosemirror-schema-basic-1.2.4.tgz. Extracting by manifest.
1351 silly tarball no local data for prosemirror-model@https://registry.npmjs.org/prosemirror-model/-/prosemirror-model-1.25.4.tgz. Extracting by manifest.
1352 silly tarball no local data for prosemirror-inputrules@https://registry.npmjs.org/prosemirror-inputrules/-/prosemirror-inputrules-1.5.1.tgz. Extracting by manifest.
1353 silly tarball no local data for prosemirror-markdown@https://registry.npmjs.org/prosemirror-markdown/-/prosemirror-markdown-1.13.4.tgz. Extracting by manifest.
1354 silly tarball no local data for prosemirror-menu@https://registry.npmjs.org/prosemirror-menu/-/prosemirror-menu-1.3.0.tgz. Extracting by manifest.
1355 silly tarball no local data for prosemirror-history@https://registry.npmjs.org/prosemirror-history/-/prosemirror-history-1.5.0.tgz. Extracting by manifest.
1356 silly tarball no local data for prosemirror-keymap@https://registry.npmjs.org/prosemirror-keymap/-/prosemirror-keymap-1.2.3.tgz. Extracting by manifest.
1357 silly tarball no local data for prosemirror-dropcursor@https://registry.npmjs.org/prosemirror-dropcursor/-/prosemirror-dropcursor-1.8.2.tgz. Extracting by manifest.
1358 silly tarball no local data for prosemirror-gapcursor@https://registry.npmjs.org/prosemirror-gapcursor/-/prosemirror-gapcursor-1.4.1.tgz. Extracting by manifest.
1359 silly tarball no local data for prosemirror-changeset@https://registry.npmjs.org/prosemirror-changeset/-/prosemirror-changeset-2.4.0.tgz. Extracting by manifest.
1360 silly tarball no local data for prosemirror-commands@https://registry.npmjs.org/prosemirror-commands/-/prosemirror-commands-1.7.1.tgz. Extracting by manifest.
1361 silly tarball no local data for prosemirror-collab@https://registry.npmjs.org/prosemirror-collab/-/prosemirror-collab-1.3.1.tgz. Extracting by manifest.
1362 silly tarball no local data for process-nextick-args@https://registry.npmjs.org/process-nextick-args/-/process-nextick-args-2.0.1.tgz. Extracting by manifest.
1363 silly tarball no local data for pretty-format@https://registry.npmjs.org/pretty-format/-/pretty-format-27.5.1.tgz. Extracting by manifest.
1364 silly tarball no local data for prop-types@https://registry.npmjs.org/prop-types/-/prop-types-15.8.1.tgz. Extracting by manifest.
1365 silly tarball no local data for prelude-ls@https://registry.npmjs.org/prelude-ls/-/prelude-ls-1.2.1.tgz. Extracting by manifest.
1366 silly tarball no local data for postcss-value-parser@https://registry.npmjs.org/postcss-value-parser/-/postcss-value-parser-4.2.0.tgz. Extracting by manifest.
1367 silly tarball no local data for png-js@https://registry.npmjs.org/png-js/-/png-js-2.0.0.tgz. Extracting by manifest.
1368 silly tarball no local data for postcss@https://registry.npmjs.org/postcss/-/postcss-8.5.6.tgz. Extracting by manifest.
1369 silly tarball no local data for possible-typed-array-names@https://registry.npmjs.org/possible-typed-array-names/-/possible-typed-array-names-1.1.0.tgz. Extracting by manifest.
1370 silly tarball no local data for playwright-core@https://registry.npmjs.org/playwright-core/-/playwright-core-1.58.2.tgz. Extracting by manifest.
1371 silly tarball no local data for playwright@https://registry.npmjs.org/playwright/-/playwright-1.58.2.tgz. Extracting by manifest.
1372 silly tarball no local data for pkg-dir@https://registry.npmjs.org/pkg-dir/-/pkg-dir-4.2.0.tgz. Extracting by manifest.
1373 silly tarball no local data for pirates@https://registry.npmjs.org/pirates/-/pirates-4.0.7.tgz. Extracting by manifest.
1374 silly tarball no local data for picomatch@https://registry.npmjs.org/picomatch/-/picomatch-2.3.1.tgz. Extracting by manifest.
1375 silly tarball no local data for picocolors@https://registry.npmjs.org/picocolors/-/picocolors-1.1.1.tgz. Extracting by manifest.
1376 silly tarball no local data for path-scurry@https://registry.npmjs.org/path-scurry/-/path-scurry-1.11.1.tgz. Extracting by manifest.
1377 silly tarball no local data for path-parse@https://registry.npmjs.org/path-parse/-/path-parse-1.0.7.tgz. Extracting by manifest.
1378 silly tarball no local data for path-key@https://registry.npmjs.org/path-key/-/path-key-3.1.1.tgz. Extracting by manifest.
1379 silly tarball no local data for path-exists@https://registry.npmjs.org/path-exists/-/path-exists-4.0.0.tgz. Extracting by manifest.
1380 silly tarball no local data for path-is-absolute@https://registry.npmjs.org/path-is-absolute/-/path-is-absolute-1.0.1.tgz. Extracting by manifest.
1381 silly tarball no local data for parse-svg-path@https://registry.npmjs.org/parse-svg-path/-/parse-svg-path-0.1.2.tgz. Extracting by manifest.
1382 silly tarball no local data for parse-json@https://registry.npmjs.org/parse-json/-/parse-json-5.2.0.tgz. Extracting by manifest.
1383 silly tarball no local data for pako@https://registry.npmjs.org/pako/-/pako-1.0.11.tgz. Extracting by manifest.
1384 silly tarball no local data for parse5@https://registry.npmjs.org/parse5/-/parse5-7.3.0.tgz. Extracting by manifest.
1385 silly tarball no local data for parent-module@https://registry.npmjs.org/parent-module/-/parent-module-1.0.1.tgz. Extracting by manifest.
1386 silly tarball no local data for p-try@https://registry.npmjs.org/p-try/-/p-try-2.2.0.tgz. Extracting by manifest.
1387 silly tarball no local data for package-json-from-dist@https://registry.npmjs.org/package-json-from-dist/-/package-json-from-dist-1.0.1.tgz. Extracting by manifest.
1388 silly tarball no local data for p-locate@https://registry.npmjs.org/p-locate/-/p-locate-5.0.0.tgz. Extracting by manifest.
1389 silly tarball no local data for p-limit@https://registry.npmjs.org/p-limit/-/p-limit-3.1.0.tgz. Extracting by manifest.
1390 silly tarball no local data for own-keys@https://registry.npmjs.org/own-keys/-/own-keys-1.0.1.tgz. Extracting by manifest.
1391 silly tarball no local data for optionator@https://registry.npmjs.org/optionator/-/optionator-0.9.4.tgz. Extracting by manifest.
1392 silly tarball no local data for orderedmap@https://registry.npmjs.org/orderedmap/-/orderedmap-2.1.1.tgz. Extracting by manifest.
1393 silly tarball no local data for onetime@https://registry.npmjs.org/onetime/-/onetime-5.1.2.tgz. Extracting by manifest.
1394 silly tarball no local data for once@https://registry.npmjs.org/once/-/once-1.4.0.tgz. Extracting by manifest.
1395 silly tarball no local data for object.values@https://registry.npmjs.org/object.values/-/object.values-1.2.1.tgz. Extracting by manifest.
1396 silly tarball no local data for object.groupby@https://registry.npmjs.org/object.groupby/-/object.groupby-1.0.3.tgz. Extracting by manifest.
1397 silly tarball no local data for object.entries@https://registry.npmjs.org/object.entries/-/object.entries-1.1.9.tgz. Extracting by manifest.
1398 silly tarball no local data for object.fromentries@https://registry.npmjs.org/object.fromentries/-/object.fromentries-2.0.8.tgz. Extracting by manifest.
1399 silly tarball no local data for object.assign@https://registry.npmjs.org/object.assign/-/object.assign-4.1.7.tgz. Extracting by manifest.
1400 silly tarball no local data for object-keys@https://registry.npmjs.org/object-keys/-/object-keys-1.1.1.tgz. Extracting by manifest.
1401 silly tarball no local data for object-inspect@https://registry.npmjs.org/object-inspect/-/object-inspect-1.13.4.tgz. Extracting by manifest.
1402 silly tarball no local data for object-assign@https://registry.npmjs.org/object-assign/-/object-assign-4.1.1.tgz. Extracting by manifest.
1403 silly tarball no local data for nwsapi@https://registry.npmjs.org/nwsapi/-/nwsapi-2.2.23.tgz. Extracting by manifest.
1404 silly tarball no local data for npm-run-path@https://registry.npmjs.org/npm-run-path/-/npm-run-path-4.0.1.tgz. Extracting by manifest.
1405 silly tarball no local data for normalize-wheel@https://registry.npmjs.org/normalize-wheel/-/normalize-wheel-1.0.1.tgz. Extracting by manifest.
1406 silly tarball no local data for normalize-svg-path@https://registry.npmjs.org/normalize-svg-path/-/normalize-svg-path-1.1.0.tgz. Extracting by manifest.
1407 silly tarball no local data for normalize-path@https://registry.npmjs.org/normalize-path/-/normalize-path-3.0.0.tgz. Extracting by manifest.
1408 silly tarball no local data for node-int64@https://registry.npmjs.org/node-int64/-/node-int64-0.4.0.tgz. Extracting by manifest.
1409 silly tarball no local data for node-releases@https://registry.npmjs.org/node-releases/-/node-releases-2.0.27.tgz. Extracting by manifest.
1410 silly tarball no local data for napi-postinstall@https://registry.npmjs.org/napi-postinstall/-/napi-postinstall-0.3.4.tgz. Extracting by manifest.
1411 silly tarball no local data for natural-compare@https://registry.npmjs.org/natural-compare/-/natural-compare-1.4.0.tgz. Extracting by manifest.
1412 silly tarball no local data for nanoid@https://registry.npmjs.org/nanoid/-/nanoid-3.3.11.tgz. Extracting by manifest.
1413 silly tarball no local data for motion-utils@https://registry.npmjs.org/motion-utils/-/motion-utils-12.29.2.tgz. Extracting by manifest.
1414 silly tarball no local data for next@https://registry.npmjs.org/next/-/next-16.2.4.tgz. Extracting by manifest.
1415 silly tarball no local data for ms@https://registry.npmjs.org/ms/-/ms-2.1.3.tgz. Extracting by manifest.
1416 silly tarball no local data for motion-dom@https://registry.npmjs.org/motion-dom/-/motion-dom-12.34.0.tgz. Extracting by manifest.
1417 silly tarball no local data for mkdirp@https://registry.npmjs.org/mkdirp/-/mkdirp-0.5.6.tgz. Extracting by manifest.
1418 silly tarball no local data for minipass@https://registry.npmjs.org/minipass/-/minipass-7.1.3.tgz. Extracting by manifest.
1419 silly tarball no local data for minimatch@https://registry.npmjs.org/minimatch/-/minimatch-3.1.5.tgz. Extracting by manifest.
1420 silly tarball no local data for minimist@https://registry.npmjs.org/minimist/-/minimist-1.2.8.tgz. Extracting by manifest.
1421 silly tarball no local data for mimic-fn@https://registry.npmjs.org/mimic-fn/-/mimic-fn-2.1.0.tgz. Extracting by manifest.
1422 silly tarball no local data for min-indent@https://registry.npmjs.org/min-indent/-/min-indent-1.0.1.tgz. Extracting by manifest.
1423 silly tarball no local data for mime-db@https://registry.npmjs.org/mime-db/-/mime-db-1.52.0.tgz. Extracting by manifest.
1424 silly tarball no local data for micromatch@https://registry.npmjs.org/micromatch/-/micromatch-4.0.8.tgz. Extracting by manifest.
1425 silly tarball no local data for merge2@https://registry.npmjs.org/merge2/-/merge2-1.4.1.tgz. Extracting by manifest.
1426 silly tarball no local data for merge-stream@https://registry.npmjs.org/merge-stream/-/merge-stream-2.0.0.tgz. Extracting by manifest.
1427 silly tarball no local data for mime-types@https://registry.npmjs.org/mime-types/-/mime-types-2.1.35.tgz. Extracting by manifest.
1428 silly tarball no local data for math-intrinsics@https://registry.npmjs.org/math-intrinsics/-/math-intrinsics-1.1.0.tgz. Extracting by manifest.
1429 silly tarball no local data for mdurl@https://registry.npmjs.org/mdurl/-/mdurl-2.0.0.tgz. Extracting by manifest.
1430 silly tarball no local data for media-engine@https://registry.npmjs.org/media-engine/-/media-engine-1.0.3.tgz. Extracting by manifest.
1431 silly tarball no local data for markdown-it@https://registry.npmjs.org/markdown-it/-/markdown-it-14.1.1.tgz. Extracting by manifest.
1432 silly tarball no local data for makeerror@https://registry.npmjs.org/makeerror/-/makeerror-1.0.12.tgz. Extracting by manifest.
1433 silly tarball no local data for make-dir@https://registry.npmjs.org/make-dir/-/make-dir-4.0.0.tgz. Extracting by manifest.
1434 silly tarball no local data for magic-string@https://registry.npmjs.org/magic-string/-/magic-string-0.30.21.tgz. Extracting by manifest.
1435 silly tarball no local data for lucide-react@https://registry.npmjs.org/lucide-react/-/lucide-react-0.487.0.tgz. Extracting by manifest.
1436 silly tarball no local data for lz-string@https://registry.npmjs.org/lz-string/-/lz-string-1.5.0.tgz. Extracting by manifest.
1437 silly tarball no local data for lru-cache@https://registry.npmjs.org/lru-cache/-/lru-cache-5.1.1.tgz. Extracting by manifest.
1438 silly tarball no local data for lodash.union@https://registry.npmjs.org/lodash.union/-/lodash.union-4.6.0.tgz. Extracting by manifest.
1439 silly tarball no local data for loose-envify@https://registry.npmjs.org/loose-envify/-/loose-envify-1.4.0.tgz. Extracting by manifest.
1440 silly tarball no local data for lodash.uniq@https://registry.npmjs.org/lodash.uniq/-/lodash.uniq-4.5.0.tgz. Extracting by manifest.
1441 silly tarball no local data for lodash.isundefined@https://registry.npmjs.org/lodash.isundefined/-/lodash.isundefined-3.0.1.tgz. Extracting by manifest.
1442 silly tarball no local data for lodash.merge@https://registry.npmjs.org/lodash.merge/-/lodash.merge-4.6.2.tgz. Extracting by manifest.
1443 silly tarball no local data for lodash.isplainobject@https://registry.npmjs.org/lodash.isplainobject/-/lodash.isplainobject-4.0.6.tgz. Extracting by manifest.
1444 silly tarball no local data for lodash.isnil@https://registry.npmjs.org/lodash.isnil/-/lodash.isnil-4.0.0.tgz. Extracting by manifest.
1445 silly tarball no local data for lodash.isfunction@https://registry.npmjs.org/lodash.isfunction/-/lodash.isfunction-3.0.9.tgz. Extracting by manifest.
1446 silly tarball no local data for lodash.isequal@https://registry.npmjs.org/lodash.isequal/-/lodash.isequal-4.5.0.tgz. Extracting by manifest.
1447 silly tarball no local data for lodash.isboolean@https://registry.npmjs.org/lodash.isboolean/-/lodash.isboolean-3.0.3.tgz. Extracting by manifest.
1448 silly tarball no local data for lodash.groupby@https://registry.npmjs.org/lodash.groupby/-/lodash.groupby-4.6.0.tgz. Extracting by manifest.
1449 silly tarball no local data for lodash.escaperegexp@https://registry.npmjs.org/lodash.escaperegexp/-/lodash.escaperegexp-4.1.2.tgz. Extracting by manifest.
1450 silly tarball no local data for lodash.flatten@https://registry.npmjs.org/lodash.flatten/-/lodash.flatten-4.4.0.tgz. Extracting by manifest.
1451 silly tarball no local data for lodash.defaults@https://registry.npmjs.org/lodash.defaults/-/lodash.defaults-4.2.0.tgz. Extracting by manifest.
1452 silly tarball no local data for locate-path@https://registry.npmjs.org/locate-path/-/locate-path-6.0.0.tgz. Extracting by manifest.
1453 silly tarball no local data for lodash.difference@https://registry.npmjs.org/lodash.difference/-/lodash.difference-4.5.0.tgz. Extracting by manifest.
1454 silly tarball no local data for linkifyjs@https://registry.npmjs.org/linkifyjs/-/linkifyjs-4.3.2.tgz. Extracting by manifest.
1455 silly tarball no local data for listenercount@https://registry.npmjs.org/listenercount/-/listenercount-1.0.1.tgz. Extracting by manifest.
1456 silly tarball no local data for linkify-it@https://registry.npmjs.org/linkify-it/-/linkify-it-5.0.0.tgz. Extracting by manifest.
1457 silly tarball no local data for lines-and-columns@https://registry.npmjs.org/lines-and-columns/-/lines-and-columns-1.2.4.tgz. Extracting by manifest.
1458 silly tarball no local data for lazystream@https://registry.npmjs.org/lazystream/-/lazystream-1.0.1.tgz. Extracting by manifest.
1459 silly tarball no local data for linebreak@https://registry.npmjs.org/linebreak/-/linebreak-1.1.0.tgz. Extracting by manifest.
1460 silly tarball no local data for lightningcss-win32-x64-msvc@https://registry.npmjs.org/lightningcss-win32-x64-msvc/-/lightningcss-win32-x64-msvc-1.30.2.tgz. Extracting by manifest.
1461 silly tarball no local data for lightningcss@https://registry.npmjs.org/lightningcss/-/lightningcss-1.30.2.tgz. Extracting by manifest.
1462 silly tarball no local data for lie@https://registry.npmjs.org/lie/-/lie-3.3.0.tgz. Extracting by manifest.
1463 silly tarball no local data for jszip@https://registry.npmjs.org/jszip/-/jszip-3.10.1.tgz. Extracting by manifest.
1464 silly tarball no local data for levn@https://registry.npmjs.org/levn/-/levn-0.4.1.tgz. Extracting by manifest.
1465 silly tarball no local data for leven@https://registry.npmjs.org/leven/-/leven-3.1.0.tgz. Extracting by manifest.
1466 silly tarball no local data for language-tags@https://registry.npmjs.org/language-tags/-/language-tags-1.0.9.tgz. Extracting by manifest.
1467 silly tarball no local data for language-subtag-registry@https://registry.npmjs.org/language-subtag-registry/-/language-subtag-registry-0.3.23.tgz. Extracting by manifest.
1468 silly tarball no local data for keyv@https://registry.npmjs.org/keyv/-/keyv-4.5.4.tgz. Extracting by manifest.
1469 silly tarball no local data for jsx-ast-utils@https://registry.npmjs.org/jsx-ast-utils/-/jsx-ast-utils-3.3.5.tgz. Extracting by manifest.
1470 silly tarball no local data for json-stable-stringify-without-jsonify@https://registry.npmjs.org/json-stable-stringify-without-jsonify/-/json-stable-stringify-without-jsonify-1.0.1.tgz. Extracting by manifest.
1471 silly tarball no local data for json5@https://registry.npmjs.org/json5/-/json5-2.2.3.tgz. Extracting by manifest.
1472 silly tarball no local data for json-parse-even-better-errors@https://registry.npmjs.org/json-parse-even-better-errors/-/json-parse-even-better-errors-2.3.1.tgz. Extracting by manifest.
1473 silly tarball no local data for json-schema-traverse@https://registry.npmjs.org/json-schema-traverse/-/json-schema-traverse-0.4.1.tgz. Extracting by manifest.
1474 silly tarball no local data for js-yaml@https://registry.npmjs.org/js-yaml/-/js-yaml-4.1.1.tgz. Extracting by manifest.
1475 silly tarball no local data for json-buffer@https://registry.npmjs.org/json-buffer/-/json-buffer-3.0.1.tgz. Extracting by manifest.
1476 silly tarball no local data for jsesc@https://registry.npmjs.org/jsesc/-/jsesc-3.1.0.tgz. Extracting by manifest.
1477 silly tarball no local data for js-tokens@https://registry.npmjs.org/js-tokens/-/js-tokens-4.0.0.tgz. Extracting by manifest.
1478 silly tarball no local data for jsdom@https://registry.npmjs.org/jsdom/-/jsdom-26.1.0.tgz. Extracting by manifest.
1479 silly tarball no local data for js-md5@https://registry.npmjs.org/js-md5/-/js-md5-0.8.3.tgz. Extracting by manifest.
1480 silly tarball no local data for jiti@https://registry.npmjs.org/jiti/-/jiti-2.6.1.tgz. Extracting by manifest.
1481 silly tarball no local data for jest-watcher@https://registry.npmjs.org/jest-watcher/-/jest-watcher-30.3.0.tgz. Extracting by manifest.
1482 silly tarball no local data for jest-worker@https://registry.npmjs.org/jest-worker/-/jest-worker-30.3.0.tgz. Extracting by manifest.
1483 silly tarball no local data for jest-validate@https://registry.npmjs.org/jest-validate/-/jest-validate-30.3.0.tgz. Extracting by manifest.
1484 silly tarball no local data for jest-runtime@https://registry.npmjs.org/jest-runtime/-/jest-runtime-30.3.0.tgz. Extracting by manifest.
1485 silly tarball no local data for jest-snapshot@https://registry.npmjs.org/jest-snapshot/-/jest-snapshot-30.3.0.tgz. Extracting by manifest.
1486 silly tarball no local data for jest-util@https://registry.npmjs.org/jest-util/-/jest-util-30.3.0.tgz. Extracting by manifest.
1487 silly tarball no local data for jest-runner@https://registry.npmjs.org/jest-runner/-/jest-runner-30.3.0.tgz. Extracting by manifest.
1488 silly tarball no local data for jest-resolve-dependencies@https://registry.npmjs.org/jest-resolve-dependencies/-/jest-resolve-dependencies-30.3.0.tgz. Extracting by manifest.
1489 silly tarball no local data for jest-regex-util@https://registry.npmjs.org/jest-regex-util/-/jest-regex-util-30.0.1.tgz. Extracting by manifest.
1490 silly tarball no local data for jest-resolve@https://registry.npmjs.org/jest-resolve/-/jest-resolve-30.3.0.tgz. Extracting by manifest.
1491 silly tarball no local data for jest-message-util@https://registry.npmjs.org/jest-message-util/-/jest-message-util-30.3.0.tgz. Extracting by manifest.
1492 silly tarball no local data for jest-mock@https://registry.npmjs.org/jest-mock/-/jest-mock-30.3.0.tgz. Extracting by manifest.
1493 silly tarball no local data for jest-pnp-resolver@https://registry.npmjs.org/jest-pnp-resolver/-/jest-pnp-resolver-1.2.3.tgz. Extracting by manifest.
1494 silly tarball no local data for jest-leak-detector@https://registry.npmjs.org/jest-leak-detector/-/jest-leak-detector-30.3.0.tgz. Extracting by manifest.
1495 silly tarball no local data for jest-haste-map@https://registry.npmjs.org/jest-haste-map/-/jest-haste-map-30.3.0.tgz. Extracting by manifest.
1496 silly tarball no local data for jest-matcher-utils@https://registry.npmjs.org/jest-matcher-utils/-/jest-matcher-utils-30.3.0.tgz. Extracting by manifest.
1497 silly tarball no local data for jest-environment-node@https://registry.npmjs.org/jest-environment-node/-/jest-environment-node-30.3.0.tgz. Extracting by manifest.
1498 silly tarball no local data for jest-docblock@https://registry.npmjs.org/jest-docblock/-/jest-docblock-30.2.0.tgz. Extracting by manifest.
1499 silly tarball no local data for jest-environment-jsdom@https://registry.npmjs.org/jest-environment-jsdom/-/jest-environment-jsdom-30.3.0.tgz. Extracting by manifest.
1500 silly tarball no local data for jest-cli@https://registry.npmjs.org/jest-cli/-/jest-cli-30.3.0.tgz. Extracting by manifest.
1501 silly tarball no local data for jest-diff@https://registry.npmjs.org/jest-diff/-/jest-diff-30.3.0.tgz. Extracting by manifest.
1502 silly tarball no local data for jest-each@https://registry.npmjs.org/jest-each/-/jest-each-30.3.0.tgz. Extracting by manifest.
1503 silly tarball no local data for jest@https://registry.npmjs.org/jest/-/jest-30.3.0.tgz. Extracting by manifest.
1504 silly tarball no local data for jay-peg@https://registry.npmjs.org/jay-peg/-/jay-peg-1.1.1.tgz. Extracting by manifest.
1505 silly tarball no local data for jest-circus@https://registry.npmjs.org/jest-circus/-/jest-circus-30.3.0.tgz. Extracting by manifest.
1506 silly tarball no local data for iterator.prototype@https://registry.npmjs.org/iterator.prototype/-/iterator.prototype-1.1.5.tgz. Extracting by manifest.
1507 silly tarball no local data for jest-changed-files@https://registry.npmjs.org/jest-changed-files/-/jest-changed-files-30.3.0.tgz. Extracting by manifest.
1508 silly tarball no local data for jackspeak@https://registry.npmjs.org/jackspeak/-/jackspeak-3.4.3.tgz. Extracting by manifest.
1509 silly tarball no local data for istanbul-lib-source-maps@https://registry.npmjs.org/istanbul-lib-source-maps/-/istanbul-lib-source-maps-5.0.6.tgz. Extracting by manifest.
1510 silly tarball no local data for istanbul-reports@https://registry.npmjs.org/istanbul-reports/-/istanbul-reports-3.2.0.tgz. Extracting by manifest.
1511 silly tarball no local data for istanbul-lib-instrument@https://registry.npmjs.org/istanbul-lib-instrument/-/istanbul-lib-instrument-6.0.3.tgz. Extracting by manifest.
1512 silly tarball no local data for istanbul-lib-report@https://registry.npmjs.org/istanbul-lib-report/-/istanbul-lib-report-3.0.1.tgz. Extracting by manifest.
1513 silly tarball no local data for istanbul-lib-coverage@https://registry.npmjs.org/istanbul-lib-coverage/-/istanbul-lib-coverage-3.2.2.tgz. Extracting by manifest.
1514 silly tarball no local data for isexe@https://registry.npmjs.org/isexe/-/isexe-2.0.0.tgz. Extracting by manifest.
1515 silly tarball no local data for is-weakset@https://registry.npmjs.org/is-weakset/-/is-weakset-2.0.4.tgz. Extracting by manifest.
1516 silly tarball no local data for isarray@https://registry.npmjs.org/isarray/-/isarray-2.0.5.tgz. Extracting by manifest.
1517 silly tarball no local data for is-weakref@https://registry.npmjs.org/is-weakref/-/is-weakref-1.1.1.tgz. Extracting by manifest.
1518 silly tarball no local data for is-weakmap@https://registry.npmjs.org/is-weakmap/-/is-weakmap-2.0.2.tgz. Extracting by manifest.
1519 silly tarball no local data for is-typed-array@https://registry.npmjs.org/is-typed-array/-/is-typed-array-1.1.15.tgz. Extracting by manifest.
1520 silly tarball no local data for is-url@https://registry.npmjs.org/is-url/-/is-url-1.2.4.tgz. Extracting by manifest.
1521 silly tarball no local data for is-symbol@https://registry.npmjs.org/is-symbol/-/is-symbol-1.1.1.tgz. Extracting by manifest.
1522 silly tarball no local data for is-stream@https://registry.npmjs.org/is-stream/-/is-stream-2.0.1.tgz. Extracting by manifest.
1523 silly tarball no local data for is-string@https://registry.npmjs.org/is-string/-/is-string-1.1.1.tgz. Extracting by manifest.
1524 silly tarball no local data for is-shared-array-buffer@https://registry.npmjs.org/is-shared-array-buffer/-/is-shared-array-buffer-1.0.4.tgz. Extracting by manifest.
1525 silly tarball no local data for is-set@https://registry.npmjs.org/is-set/-/is-set-2.0.3.tgz. Extracting by manifest.
1526 silly tarball no local data for is-regex@https://registry.npmjs.org/is-regex/-/is-regex-1.2.1.tgz. Extracting by manifest.
1527 silly tarball no local data for is-number-object@https://registry.npmjs.org/is-number-object/-/is-number-object-1.1.1.tgz. Extracting by manifest.
1528 silly tarball no local data for is-potential-custom-element-name@https://registry.npmjs.org/is-potential-custom-element-name/-/is-potential-custom-element-name-1.0.1.tgz. Extracting by manifest.
1529 silly tarball no local data for is-number@https://registry.npmjs.org/is-number/-/is-number-7.0.0.tgz. Extracting by manifest.
1530 silly tarball no local data for is-negative-zero@https://registry.npmjs.org/is-negative-zero/-/is-negative-zero-2.0.3.tgz. Extracting by manifest.
1531 silly tarball no local data for is-generator-function@https://registry.npmjs.org/is-generator-function/-/is-generator-function-1.1.2.tgz. Extracting by manifest.
1532 silly tarball no local data for is-map@https://registry.npmjs.org/is-map/-/is-map-2.0.3.tgz. Extracting by manifest.
1533 silly tarball no local data for is-glob@https://registry.npmjs.org/is-glob/-/is-glob-4.0.3.tgz. Extracting by manifest.
1534 silly tarball no local data for is-fullwidth-code-point@https://registry.npmjs.org/is-fullwidth-code-point/-/is-fullwidth-code-point-3.0.0.tgz. Extracting by manifest.
1535 silly tarball no local data for is-generator-fn@https://registry.npmjs.org/is-generator-fn/-/is-generator-fn-2.1.0.tgz. Extracting by manifest.
1536 silly tarball no local data for is-extglob@https://registry.npmjs.org/is-extglob/-/is-extglob-2.1.1.tgz. Extracting by manifest.
1537 silly tarball no local data for is-finalizationregistry@https://registry.npmjs.org/is-finalizationregistry/-/is-finalizationregistry-1.1.1.tgz. Extracting by manifest.
1538 silly tarball no local data for is-data-view@https://registry.npmjs.org/is-data-view/-/is-data-view-1.0.2.tgz. Extracting by manifest.
1539 silly tarball no local data for is-date-object@https://registry.npmjs.org/is-date-object/-/is-date-object-1.1.0.tgz. Extracting by manifest.
1540 silly tarball no local data for is-core-module@https://registry.npmjs.org/is-core-module/-/is-core-module-2.16.1.tgz. Extracting by manifest.
1541 silly tarball no local data for is-callable@https://registry.npmjs.org/is-callable/-/is-callable-1.2.7.tgz. Extracting by manifest.
1542 silly tarball no local data for is-bun-module@https://registry.npmjs.org/is-bun-module/-/is-bun-module-2.0.0.tgz. Extracting by manifest.
1543 silly tarball no local data for is-boolean-object@https://registry.npmjs.org/is-boolean-object/-/is-boolean-object-1.2.2.tgz. Extracting by manifest.
1544 silly tarball no local data for is-async-function@https://registry.npmjs.org/is-async-function/-/is-async-function-2.1.1.tgz. Extracting by manifest.
1545 silly tarball no local data for is-bigint@https://registry.npmjs.org/is-bigint/-/is-bigint-1.1.0.tgz. Extracting by manifest.
1546 silly tarball no local data for is-array-buffer@https://registry.npmjs.org/is-array-buffer/-/is-array-buffer-3.0.5.tgz. Extracting by manifest.
1547 silly tarball no local data for is-arrayish@https://registry.npmjs.org/is-arrayish/-/is-arrayish-0.2.1.tgz. Extracting by manifest.
1548 silly tarball no local data for internal-slot@https://registry.npmjs.org/internal-slot/-/internal-slot-1.1.0.tgz. Extracting by manifest.
1549 silly tarball no local data for input-otp@https://registry.npmjs.org/input-otp/-/input-otp-1.4.2.tgz. Extracting by manifest.
1550 silly tarball no local data for inherits@https://registry.npmjs.org/inherits/-/inherits-2.0.4.tgz. Extracting by manifest.
1551 silly tarball no local data for inflight@https://registry.npmjs.org/inflight/-/inflight-1.0.6.tgz. Extracting by manifest.
1552 silly tarball no local data for indent-string@https://registry.npmjs.org/indent-string/-/indent-string-4.0.0.tgz. Extracting by manifest.
1553 silly tarball no local data for imurmurhash@https://registry.npmjs.org/imurmurhash/-/imurmurhash-0.1.4.tgz. Extracting by manifest.
1554 silly tarball no local data for import-local@https://registry.npmjs.org/import-local/-/import-local-3.2.0.tgz. Extracting by manifest.
1555 silly tarball no local data for ignore@https://registry.npmjs.org/ignore/-/ignore-5.3.2.tgz. Extracting by manifest.
1556 silly tarball no local data for import-fresh@https://registry.npmjs.org/import-fresh/-/import-fresh-3.3.1.tgz. Extracting by manifest.
1557 silly tarball no local data for immediate@https://registry.npmjs.org/immediate/-/immediate-3.0.6.tgz. Extracting by manifest.
1558 silly tarball no local data for ieee754@https://registry.npmjs.org/ieee754/-/ieee754-1.2.1.tgz. Extracting by manifest.
1559 silly tarball no local data for iconv-lite@https://registry.npmjs.org/iconv-lite/-/iconv-lite-0.6.3.tgz. Extracting by manifest.
1560 silly tarball no local data for hyphen@https://registry.npmjs.org/hyphen/-/hyphen-1.14.1.tgz. Extracting by manifest.
1561 silly tarball no local data for human-signals@https://registry.npmjs.org/human-signals/-/human-signals-2.1.0.tgz. Extracting by manifest.
1562 silly tarball no local data for https-proxy-agent@https://registry.npmjs.org/https-proxy-agent/-/https-proxy-agent-7.0.6.tgz. Extracting by manifest.
1563 silly tarball no local data for html-escaper@https://registry.npmjs.org/html-escaper/-/html-escaper-2.0.2.tgz. Extracting by manifest.
1564 silly tarball no local data for http-proxy-agent@https://registry.npmjs.org/http-proxy-agent/-/http-proxy-agent-7.0.2.tgz. Extracting by manifest.
1565 silly tarball no local data for hsl-to-rgb-for-reals@https://registry.npmjs.org/hsl-to-rgb-for-reals/-/hsl-to-rgb-for-reals-1.1.1.tgz. Extracting by manifest.
1566 silly tarball no local data for html-encoding-sniffer@https://registry.npmjs.org/html-encoding-sniffer/-/html-encoding-sniffer-4.0.0.tgz. Extracting by manifest.
1567 silly tarball no local data for hsl-to-hex@https://registry.npmjs.org/hsl-to-hex/-/hsl-to-hex-1.0.0.tgz. Extracting by manifest.
1568 silly tarball no local data for hermes-estree@https://registry.npmjs.org/hermes-estree/-/hermes-estree-0.25.1.tgz. Extracting by manifest.
1569 silly tarball no local data for hermes-parser@https://registry.npmjs.org/hermes-parser/-/hermes-parser-0.25.1.tgz. Extracting by manifest.
1570 silly tarball no local data for has-tostringtag@https://registry.npmjs.org/has-tostringtag/-/has-tostringtag-1.0.2.tgz. Extracting by manifest.
1571 silly tarball no local data for hasown@https://registry.npmjs.org/hasown/-/hasown-2.0.2.tgz. Extracting by manifest.
1572 silly tarball no local data for has-symbols@https://registry.npmjs.org/has-symbols/-/has-symbols-1.1.0.tgz. Extracting by manifest.
1573 silly tarball no local data for has-flag@https://registry.npmjs.org/has-flag/-/has-flag-4.0.0.tgz. Extracting by manifest.
1574 silly tarball no local data for has-proto@https://registry.npmjs.org/has-proto/-/has-proto-1.2.0.tgz. Extracting by manifest.
1575 silly tarball no local data for has-property-descriptors@https://registry.npmjs.org/has-property-descriptors/-/has-property-descriptors-1.0.2.tgz. Extracting by manifest.
1576 silly tarball no local data for graceful-fs@https://registry.npmjs.org/graceful-fs/-/graceful-fs-4.2.11.tgz. Extracting by manifest.
1577 silly tarball no local data for has-bigints@https://registry.npmjs.org/has-bigints/-/has-bigints-1.1.0.tgz. Extracting by manifest.
1578 silly tarball no local data for gopd@https://registry.npmjs.org/gopd/-/gopd-1.2.0.tgz. Extracting by manifest.
1579 silly tarball no local data for globalthis@https://registry.npmjs.org/globalthis/-/globalthis-1.0.4.tgz. Extracting by manifest.
1580 silly tarball no local data for glob-parent@https://registry.npmjs.org/glob-parent/-/glob-parent-6.0.2.tgz. Extracting by manifest.
1581 silly tarball no local data for globals@https://registry.npmjs.org/globals/-/globals-14.0.0.tgz. Extracting by manifest.
1582 silly tarball no local data for glob@https://registry.npmjs.org/glob/-/glob-10.5.0.tgz. Extracting by manifest.
1583 silly tarball no local data for get-tsconfig@https://registry.npmjs.org/get-tsconfig/-/get-tsconfig-4.13.6.tgz. Extracting by manifest.
1584 silly tarball no local data for get-symbol-description@https://registry.npmjs.org/get-symbol-description/-/get-symbol-description-1.1.0.tgz. Extracting by manifest.
1585 silly tarball no local data for get-stream@https://registry.npmjs.org/get-stream/-/get-stream-6.0.1.tgz. Extracting by manifest.
1586 silly tarball no local data for get-package-type@https://registry.npmjs.org/get-package-type/-/get-package-type-0.1.0.tgz. Extracting by manifest.
1587 silly tarball no local data for get-proto@https://registry.npmjs.org/get-proto/-/get-proto-1.0.1.tgz. Extracting by manifest.
1588 silly tarball no local data for get-nonce@https://registry.npmjs.org/get-nonce/-/get-nonce-1.0.1.tgz. Extracting by manifest.
1589 silly tarball no local data for get-intrinsic@https://registry.npmjs.org/get-intrinsic/-/get-intrinsic-1.3.0.tgz. Extracting by manifest.
1590 silly tarball no local data for get-caller-file@https://registry.npmjs.org/get-caller-file/-/get-caller-file-2.0.5.tgz. Extracting by manifest.
1591 silly tarball no local data for gensync@https://registry.npmjs.org/gensync/-/gensync-1.0.0-beta.2.tgz. Extracting by manifest.
1592 silly tarball no local data for generator-function@https://registry.npmjs.org/generator-function/-/generator-function-2.0.1.tgz. Extracting by manifest.
1593 silly tarball no local data for function-bind@https://registry.npmjs.org/function-bind/-/function-bind-1.1.2.tgz. Extracting by manifest.
1594 silly tarball no local data for functions-have-names@https://registry.npmjs.org/functions-have-names/-/functions-have-names-1.2.3.tgz. Extracting by manifest.
1595 silly tarball no local data for function.prototype.name@https://registry.npmjs.org/function.prototype.name/-/function.prototype.name-1.1.8.tgz. Extracting by manifest.
1596 silly tarball no local data for fstream@https://registry.npmjs.org/fstream/-/fstream-1.0.12.tgz. Extracting by manifest.
1597 silly tarball no local data for fs.realpath@https://registry.npmjs.org/fs.realpath/-/fs.realpath-1.0.0.tgz. Extracting by manifest.
1598 silly tarball no local data for framer-motion@https://registry.npmjs.org/framer-motion/-/framer-motion-12.34.0.tgz. Extracting by manifest.
1599 silly tarball no local data for form-data@https://registry.npmjs.org/form-data/-/form-data-4.0.5.tgz. Extracting by manifest.
1600 silly tarball no local data for for-each@https://registry.npmjs.org/for-each/-/for-each-0.3.5.tgz. Extracting by manifest.
1601 silly tarball no local data for fs-constants@https://registry.npmjs.org/fs-constants/-/fs-constants-1.0.0.tgz. Extracting by manifest.
1602 silly tarball no local data for foreground-child@https://registry.npmjs.org/foreground-child/-/foreground-child-3.3.1.tgz. Extracting by manifest.
1603 silly tarball no local data for follow-redirects@https://registry.npmjs.org/follow-redirects/-/follow-redirects-1.16.0.tgz. Extracting by manifest.
1604 silly tarball no local data for fontkit@https://registry.npmjs.org/fontkit/-/fontkit-2.0.4.tgz. Extracting by manifest.
1605 silly tarball no local data for flatted@https://registry.npmjs.org/flatted/-/flatted-3.3.3.tgz. Extracting by manifest.
1606 silly tarball no local data for flat-cache@https://registry.npmjs.org/flat-cache/-/flat-cache-4.0.1.tgz. Extracting by manifest.
1607 silly tarball no local data for fill-range@https://registry.npmjs.org/fill-range/-/fill-range-7.1.1.tgz. Extracting by manifest.
1608 silly tarball no local data for file-entry-cache@https://registry.npmjs.org/file-entry-cache/-/file-entry-cache-8.0.0.tgz. Extracting by manifest.
1609 silly tarball no local data for find-up@https://registry.npmjs.org/find-up/-/find-up-5.0.0.tgz. Extracting by manifest.
1610 silly tarball no local data for fb-watchman@https://registry.npmjs.org/fb-watchman/-/fb-watchman-2.0.2.tgz. Extracting by manifest.
1611 silly tarball no local data for fastq@https://registry.npmjs.org/fastq/-/fastq-1.20.1.tgz. Extracting by manifest.
1612 silly tarball no local data for fflate@https://registry.npmjs.org/fflate/-/fflate-0.8.2.tgz. Extracting by manifest.
1613 silly tarball no local data for fast-levenshtein@https://registry.npmjs.org/fast-levenshtein/-/fast-levenshtein-2.0.6.tgz. Extracting by manifest.
1614 silly tarball no local data for fast-glob@https://registry.npmjs.org/fast-glob/-/fast-glob-3.3.1.tgz. Extracting by manifest.
1615 silly tarball no local data for fast-json-stable-stringify@https://registry.npmjs.org/fast-json-stable-stringify/-/fast-json-stable-stringify-2.1.0.tgz. Extracting by manifest.
1616 silly tarball no local data for fast-deep-equal@https://registry.npmjs.org/fast-deep-equal/-/fast-deep-equal-3.1.3.tgz. Extracting by manifest.
1617 silly tarball no local data for fast-equals@https://registry.npmjs.org/fast-equals/-/fast-equals-5.4.0.tgz. Extracting by manifest.
1618 silly tarball no local data for fast-csv@https://registry.npmjs.org/fast-csv/-/fast-csv-4.3.6.tgz. Extracting by manifest.
1619 silly tarball no local data for expect@https://registry.npmjs.org/expect/-/expect-30.3.0.tgz. Extracting by manifest.
1620 silly tarball no local data for exit-x@https://registry.npmjs.org/exit-x/-/exit-x-0.2.2.tgz. Extracting by manifest.
1621 silly tarball no local data for execa@https://registry.npmjs.org/execa/-/execa-5.1.1.tgz. Extracting by manifest.
1622 silly tarball no local data for events@https://registry.npmjs.org/events/-/events-3.3.0.tgz. Extracting by manifest.
1623 silly tarball no local data for exceljs@https://registry.npmjs.org/exceljs/-/exceljs-4.4.0.tgz. Extracting by manifest.
1624 silly tarball no local data for estraverse@https://registry.npmjs.org/estraverse/-/estraverse-5.3.0.tgz. Extracting by manifest.
1625 silly tarball no local data for esutils@https://registry.npmjs.org/esutils/-/esutils-2.0.3.tgz. Extracting by manifest.
1626 silly tarball no local data for esrecurse@https://registry.npmjs.org/esrecurse/-/esrecurse-4.3.0.tgz. Extracting by manifest.
1627 silly tarball no local data for esquery@https://registry.npmjs.org/esquery/-/esquery-1.7.0.tgz. Extracting by manifest.
1628 silly tarball no local data for eslint-scope@https://registry.npmjs.org/eslint-scope/-/eslint-scope-8.4.0.tgz. Extracting by manifest.
1629 silly tarball no local data for esprima@https://registry.npmjs.org/esprima/-/esprima-4.0.1.tgz. Extracting by manifest.
1630 silly tarball no local data for espree@https://registry.npmjs.org/espree/-/espree-10.4.0.tgz. Extracting by manifest.
1631 silly tarball no local data for eslint-visitor-keys@https://registry.npmjs.org/eslint-visitor-keys/-/eslint-visitor-keys-4.2.1.tgz. Extracting by manifest.
1632 silly tarball no local data for eslint-plugin-jsx-a11y@https://registry.npmjs.org/eslint-plugin-jsx-a11y/-/eslint-plugin-jsx-a11y-6.10.2.tgz. Extracting by manifest.
1633 silly tarball no local data for eslint-plugin-react-hooks@https://registry.npmjs.org/eslint-plugin-react-hooks/-/eslint-plugin-react-hooks-7.0.1.tgz. Extracting by manifest.
1634 silly tarball no local data for eslint-module-utils@https://registry.npmjs.org/eslint-module-utils/-/eslint-module-utils-2.12.1.tgz. Extracting by manifest.
1635 silly tarball no local data for eslint-plugin-react@https://registry.npmjs.org/eslint-plugin-react/-/eslint-plugin-react-7.37.5.tgz. Extracting by manifest.
1636 silly tarball no local data for eslint-plugin-import@https://registry.npmjs.org/eslint-plugin-import/-/eslint-plugin-import-2.32.0.tgz. Extracting by manifest.
1637 silly tarball no local data for eslint-import-resolver-typescript@https://registry.npmjs.org/eslint-import-resolver-typescript/-/eslint-import-resolver-typescript-3.10.1.tgz. Extracting by manifest.
1638 silly tarball no local data for eslint-import-resolver-node@https://registry.npmjs.org/eslint-import-resolver-node/-/eslint-import-resolver-node-0.3.9.tgz. Extracting by manifest.
1639 silly tarball no local data for escape-string-regexp@https://registry.npmjs.org/escape-string-regexp/-/escape-string-regexp-4.0.0.tgz. Extracting by manifest.
1640 silly tarball no local data for eslint-config-next@https://registry.npmjs.org/eslint-config-next/-/eslint-config-next-16.2.4.tgz. Extracting by manifest.
1641 silly tarball no local data for eslint@https://registry.npmjs.org/eslint/-/eslint-9.39.2.tgz. Extracting by manifest.
1642 silly tarball no local data for escalade@https://registry.npmjs.org/escalade/-/escalade-3.2.0.tgz. Extracting by manifest.
1643 silly tarball no local data for es-shim-unscopables@https://registry.npmjs.org/es-shim-unscopables/-/es-shim-unscopables-1.1.0.tgz. Extracting by manifest.
1644 silly tarball no local data for es-to-primitive@https://registry.npmjs.org/es-to-primitive/-/es-to-primitive-1.3.0.tgz. Extracting by manifest.
1645 silly tarball no local data for es-iterator-helpers@https://registry.npmjs.org/es-iterator-helpers/-/es-iterator-helpers-1.2.2.tgz. Extracting by manifest.
1646 silly tarball no local data for es-object-atoms@https://registry.npmjs.org/es-object-atoms/-/es-object-atoms-1.1.1.tgz. Extracting by manifest.
1647 silly tarball no local data for es-errors@https://registry.npmjs.org/es-errors/-/es-errors-1.3.0.tgz. Extracting by manifest.
1648 silly tarball no local data for es-set-tostringtag@https://registry.npmjs.org/es-set-tostringtag/-/es-set-tostringtag-2.1.0.tgz. Extracting by manifest.
1649 silly tarball no local data for es-define-property@https://registry.npmjs.org/es-define-property/-/es-define-property-1.0.1.tgz. Extracting by manifest.
1650 silly tarball no local data for es-abstract@https://registry.npmjs.org/es-abstract/-/es-abstract-1.24.1.tgz. Extracting by manifest.
1651 silly tarball no local data for error-ex@https://registry.npmjs.org/error-ex/-/error-ex-1.3.4.tgz. Extracting by manifest.
1652 silly tarball no local data for entities@https://registry.npmjs.org/entities/-/entities-6.0.1.tgz. Extracting by manifest.
1653 silly tarball no local data for enhanced-resolve@https://registry.npmjs.org/enhanced-resolve/-/enhanced-resolve-5.19.0.tgz. Extracting by manifest.
1654 silly tarball no local data for engine.io-parser@https://registry.npmjs.org/engine.io-parser/-/engine.io-parser-5.2.3.tgz. Extracting by manifest.
1655 silly tarball no local data for engine.io-client@https://registry.npmjs.org/engine.io-client/-/engine.io-client-6.6.4.tgz. Extracting by manifest.
1656 silly tarball no local data for emoji-regex-xs@https://registry.npmjs.org/emoji-regex-xs/-/emoji-regex-xs-1.0.0.tgz. Extracting by manifest.
1657 silly tarball no local data for end-of-stream@https://registry.npmjs.org/end-of-stream/-/end-of-stream-1.4.5.tgz. Extracting by manifest.
1658 silly tarball no local data for emoji-regex@https://registry.npmjs.org/emoji-regex/-/emoji-regex-9.2.2.tgz. Extracting by manifest.
1659 silly tarball no local data for duplexer2@https://registry.npmjs.org/duplexer2/-/duplexer2-0.1.4.tgz. Extracting by manifest.
1660 silly tarball no local data for eastasianwidth@https://registry.npmjs.org/eastasianwidth/-/eastasianwidth-0.2.0.tgz. Extracting by manifest.
1661 silly tarball no local data for emittery@https://registry.npmjs.org/emittery/-/emittery-0.13.1.tgz. Extracting by manifest.
1662 silly tarball no local data for electron-to-chromium@https://registry.npmjs.org/electron-to-chromium/-/electron-to-chromium-1.5.286.tgz. Extracting by manifest.
1663 silly tarball no local data for dunder-proto@https://registry.npmjs.org/dunder-proto/-/dunder-proto-1.0.1.tgz. Extracting by manifest.
1664 silly tarball no local data for dompurify@https://registry.npmjs.org/dompurify/-/dompurify-3.4.1.tgz. Extracting by manifest.
1665 silly tarball no local data for dom-accessibility-api@https://registry.npmjs.org/dom-accessibility-api/-/dom-accessibility-api-0.5.16.tgz. Extracting by manifest.
1666 silly tarball no local data for doctrine@https://registry.npmjs.org/doctrine/-/doctrine-2.1.0.tgz. Extracting by manifest.
1667 silly tarball no local data for dfa@https://registry.npmjs.org/dfa/-/dfa-1.2.0.tgz. Extracting by manifest.
1668 silly tarball no local data for detect-node-es@https://registry.npmjs.org/detect-node-es/-/detect-node-es-1.1.0.tgz. Extracting by manifest.
1669 silly tarball no local data for detect-newline@https://registry.npmjs.org/detect-newline/-/detect-newline-3.1.0.tgz. Extracting by manifest.
1670 silly tarball no local data for detect-libc@https://registry.npmjs.org/detect-libc/-/detect-libc-2.1.2.tgz. Extracting by manifest.
1671 silly tarball no local data for dequal@https://registry.npmjs.org/dequal/-/dequal-2.0.3.tgz. Extracting by manifest.
1672 silly tarball no local data for delayed-stream@https://registry.npmjs.org/delayed-stream/-/delayed-stream-1.0.0.tgz. Extracting by manifest.
1673 silly tarball no local data for define-data-property@https://registry.npmjs.org/define-data-property/-/define-data-property-1.1.4.tgz. Extracting by manifest.
1674 silly tarball no local data for define-properties@https://registry.npmjs.org/define-properties/-/define-properties-1.2.1.tgz. Extracting by manifest.
1675 silly tarball no local data for deepmerge@https://registry.npmjs.org/deepmerge/-/deepmerge-4.3.1.tgz. Extracting by manifest.
1676 silly tarball no local data for deep-is@https://registry.npmjs.org/deep-is/-/deep-is-0.1.4.tgz. Extracting by manifest.
1677 silly tarball no local data for dedent@https://registry.npmjs.org/dedent/-/dedent-1.7.2.tgz. Extracting by manifest.
1678 silly tarball no local data for decimal.js@https://registry.npmjs.org/decimal.js/-/decimal.js-10.6.0.tgz. Extracting by manifest.
1679 silly tarball no local data for debug@https://registry.npmjs.org/debug/-/debug-4.4.3.tgz. Extracting by manifest.
1680 silly tarball no local data for dayjs@https://registry.npmjs.org/dayjs/-/dayjs-1.11.20.tgz. Extracting by manifest.
1681 silly tarball no local data for data-view-byte-length@https://registry.npmjs.org/data-view-byte-length/-/data-view-byte-length-1.0.2.tgz. Extracting by manifest.
1682 silly tarball no local data for data-view-byte-offset@https://registry.npmjs.org/data-view-byte-offset/-/data-view-byte-offset-1.0.1.tgz. Extracting by manifest.
1683 silly tarball no local data for data-view-buffer@https://registry.npmjs.org/data-view-buffer/-/data-view-buffer-1.0.2.tgz. Extracting by manifest.
1684 silly tarball no local data for cssstyle@https://registry.npmjs.org/cssstyle/-/cssstyle-4.6.0.tgz. Extracting by manifest.
1685 silly tarball no local data for data-urls@https://registry.npmjs.org/data-urls/-/data-urls-5.0.0.tgz. Extracting by manifest.
1686 silly tarball no local data for damerau-levenshtein@https://registry.npmjs.org/damerau-levenshtein/-/damerau-levenshtein-1.0.8.tgz. Extracting by manifest.
1687 silly tarball no local data for csstype@https://registry.npmjs.org/csstype/-/csstype-3.2.3.tgz. Extracting by manifest.
1688 silly tarball no local data for css.escape@https://registry.npmjs.org/css.escape/-/css.escape-1.5.1.tgz. Extracting by manifest.
1689 silly tarball no local data for cross-spawn@https://registry.npmjs.org/cross-spawn/-/cross-spawn-7.0.6.tgz. Extracting by manifest.
1690 silly tarball no local data for crelt@https://registry.npmjs.org/crelt/-/crelt-1.0.6.tgz. Extracting by manifest.
1691 silly tarball no local data for crc32-stream@https://registry.npmjs.org/crc32-stream/-/crc32-stream-4.0.3.tgz. Extracting by manifest.
1692 silly tarball no local data for core-util-is@https://registry.npmjs.org/core-util-is/-/core-util-is-1.0.3.tgz. Extracting by manifest.
1693 silly tarball no local data for crc-32@https://registry.npmjs.org/crc-32/-/crc-32-1.2.2.tgz. Extracting by manifest.
1694 silly tarball no local data for concat-map@https://registry.npmjs.org/concat-map/-/concat-map-0.0.1.tgz. Extracting by manifest.
1695 silly tarball no local data for convert-source-map@https://registry.npmjs.org/convert-source-map/-/convert-source-map-2.0.0.tgz. Extracting by manifest.
1696 silly tarball no local data for compress-commons@https://registry.npmjs.org/compress-commons/-/compress-commons-4.1.2.tgz. Extracting by manifest.
1697 silly tarball no local data for combined-stream@https://registry.npmjs.org/combined-stream/-/combined-stream-1.0.8.tgz. Extracting by manifest.
1698 silly tarball no local data for color-string@https://registry.npmjs.org/color-string/-/color-string-2.1.4.tgz. Extracting by manifest.
1699 silly tarball no local data for color-convert@https://registry.npmjs.org/color-convert/-/color-convert-2.0.1.tgz. Extracting by manifest.
1700 silly tarball no local data for color-name@https://registry.npmjs.org/color-name/-/color-name-1.1.4.tgz. Extracting by manifest.
1701 silly tarball no local data for co@https://registry.npmjs.org/co/-/co-4.6.0.tgz. Extracting by manifest.
1702 silly tarball no local data for collect-v8-coverage@https://registry.npmjs.org/collect-v8-coverage/-/collect-v8-coverage-1.0.3.tgz. Extracting by manifest.
1703 silly tarball no local data for clsx@https://registry.npmjs.org/clsx/-/clsx-2.1.1.tgz. Extracting by manifest.
1704 silly tarball no local data for clone@https://registry.npmjs.org/clone/-/clone-2.1.2.tgz. Extracting by manifest.
1705 silly tarball no local data for cliui@https://registry.npmjs.org/cliui/-/cliui-8.0.1.tgz. Extracting by manifest.
1706 silly tarball no local data for client-only@https://registry.npmjs.org/client-only/-/client-only-0.0.1.tgz. Extracting by manifest.
1707 silly tarball no local data for ci-info@https://registry.npmjs.org/ci-info/-/ci-info-4.4.0.tgz. Extracting by manifest.
1708 silly tarball no local data for class-variance-authority@https://registry.npmjs.org/class-variance-authority/-/class-variance-authority-0.7.1.tgz. Extracting by manifest.
1709 silly tarball no local data for cjs-module-lexer@https://registry.npmjs.org/cjs-module-lexer/-/cjs-module-lexer-2.2.0.tgz. Extracting by manifest.
1710 silly tarball no local data for char-regex@https://registry.npmjs.org/char-regex/-/char-regex-1.0.2.tgz. Extracting by manifest.
1711 silly tarball no local data for chainsaw@https://registry.npmjs.org/chainsaw/-/chainsaw-0.1.0.tgz. Extracting by manifest.
1712 silly tarball no local data for caniuse-lite@https://registry.npmjs.org/caniuse-lite/-/caniuse-lite-1.0.30001769.tgz. Extracting by manifest.
1713 silly tarball no local data for chalk@https://registry.npmjs.org/chalk/-/chalk-4.1.2.tgz. Extracting by manifest.
1714 silly tarball no local data for camelcase@https://registry.npmjs.org/camelcase/-/camelcase-5.3.1.tgz. Extracting by manifest.
1715 silly tarball no local data for callsites@https://registry.npmjs.org/callsites/-/callsites-3.1.0.tgz. Extracting by manifest.
1716 silly tarball no local data for call-bound@https://registry.npmjs.org/call-bound/-/call-bound-1.0.4.tgz. Extracting by manifest.
1717 silly tarball no local data for call-bind@https://registry.npmjs.org/call-bind/-/call-bind-1.0.8.tgz. Extracting by manifest.
1718 silly tarball no local data for call-bind-apply-helpers@https://registry.npmjs.org/call-bind-apply-helpers/-/call-bind-apply-helpers-1.0.2.tgz. Extracting by manifest.
1719 silly tarball no local data for buffers@https://registry.npmjs.org/buffers/-/buffers-0.1.1.tgz. Extracting by manifest.
1720 silly tarball no local data for buffer-indexof-polyfill@https://registry.npmjs.org/buffer-indexof-polyfill/-/buffer-indexof-polyfill-1.0.2.tgz. Extracting by manifest.
1721 silly tarball no local data for buffer-crc32@https://registry.npmjs.org/buffer-crc32/-/buffer-crc32-0.2.13.tgz. Extracting by manifest.
1722 silly tarball no local data for buffer@https://registry.npmjs.org/buffer/-/buffer-5.7.1.tgz. Extracting by manifest.
1723 silly tarball no local data for buffer-from@https://registry.npmjs.org/buffer-from/-/buffer-from-1.1.2.tgz. Extracting by manifest.
1724 silly tarball no local data for bser@https://registry.npmjs.org/bser/-/bser-2.1.1.tgz. Extracting by manifest.
1725 silly tarball no local data for browserslist@https://registry.npmjs.org/browserslist/-/browserslist-4.28.1.tgz. Extracting by manifest.
1726 silly tarball no local data for browserify-zlib@https://registry.npmjs.org/browserify-zlib/-/browserify-zlib-0.2.0.tgz. Extracting by manifest.
1727 silly tarball no local data for brotli@https://registry.npmjs.org/brotli/-/brotli-1.3.3.tgz. Extracting by manifest.
1728 silly tarball no local data for brace-expansion@https://registry.npmjs.org/brace-expansion/-/brace-expansion-1.1.14.tgz. Extracting by manifest.
1729 silly tarball no local data for braces@https://registry.npmjs.org/braces/-/braces-3.0.3.tgz. Extracting by manifest.
1730 silly tarball no local data for bluebird@https://registry.npmjs.org/bluebird/-/bluebird-3.4.7.tgz. Extracting by manifest.
1731 silly tarball no local data for binary@https://registry.npmjs.org/binary/-/binary-0.3.0.tgz. Extracting by manifest.
1732 silly tarball no local data for bl@https://registry.npmjs.org/bl/-/bl-4.1.0.tgz. Extracting by manifest.
1733 silly tarball no local data for bidi-js@https://registry.npmjs.org/bidi-js/-/bidi-js-1.0.3.tgz. Extracting by manifest.
1734 silly tarball no local data for big-integer@https://registry.npmjs.org/big-integer/-/big-integer-1.6.52.tgz. Extracting by manifest.
1735 silly tarball no local data for baseline-browser-mapping@https://registry.npmjs.org/baseline-browser-mapping/-/baseline-browser-mapping-2.9.19.tgz. Extracting by manifest.
1736 silly tarball no local data for balanced-match@https://registry.npmjs.org/balanced-match/-/balanced-match-1.0.2.tgz. Extracting by manifest.
1737 silly tarball no local data for base64-js@https://registry.npmjs.org/base64-js/-/base64-js-1.5.1.tgz. Extracting by manifest.
1738 silly tarball no local data for babel-preset-jest@https://registry.npmjs.org/babel-preset-jest/-/babel-preset-jest-30.3.0.tgz. Extracting by manifest.
1739 silly tarball no local data for babel-plugin-jest-hoist@https://registry.npmjs.org/babel-plugin-jest-hoist/-/babel-plugin-jest-hoist-30.3.0.tgz. Extracting by manifest.
1740 silly tarball no local data for babel-plugin-istanbul@https://registry.npmjs.org/babel-plugin-istanbul/-/babel-plugin-istanbul-7.0.1.tgz. Extracting by manifest.
1741 silly tarball no local data for babel-jest@https://registry.npmjs.org/babel-jest/-/babel-jest-30.3.0.tgz. Extracting by manifest.
1742 silly tarball no local data for babel-preset-current-node-syntax@https://registry.npmjs.org/babel-preset-current-node-syntax/-/babel-preset-current-node-syntax-1.2.0.tgz. Extracting by manifest.
1743 silly tarball no local data for axobject-query@https://registry.npmjs.org/axobject-query/-/axobject-query-4.1.0.tgz. Extracting by manifest.
1744 silly tarball no local data for axe-core@https://registry.npmjs.org/axe-core/-/axe-core-4.11.1.tgz. Extracting by manifest.
1745 silly tarball no local data for axios@https://registry.npmjs.org/axios/-/axios-1.15.2.tgz. Extracting by manifest.
1746 silly tarball no local data for async-function@https://registry.npmjs.org/async-function/-/async-function-1.0.0.tgz. Extracting by manifest.
1747 silly tarball no local data for available-typed-arrays@https://registry.npmjs.org/available-typed-arrays/-/available-typed-arrays-1.0.7.tgz. Extracting by manifest.
1748 silly tarball no local data for async@https://registry.npmjs.org/async/-/async-3.2.6.tgz. Extracting by manifest.
1749 silly tarball no local data for asynckit@https://registry.npmjs.org/asynckit/-/asynckit-0.4.0.tgz. Extracting by manifest.
1750 silly tarball no local data for ast-types-flow@https://registry.npmjs.org/ast-types-flow/-/ast-types-flow-0.0.8.tgz. Extracting by manifest.
1751 silly tarball no local data for arraybuffer.prototype.slice@https://registry.npmjs.org/arraybuffer.prototype.slice/-/arraybuffer.prototype.slice-1.0.4.tgz. Extracting by manifest.
1752 silly tarball no local data for array.prototype.tosorted@https://registry.npmjs.org/array.prototype.tosorted/-/array.prototype.tosorted-1.1.4.tgz. Extracting by manifest.
1753 silly tarball no local data for array.prototype.flatmap@https://registry.npmjs.org/array.prototype.flatmap/-/array.prototype.flatmap-1.3.3.tgz. Extracting by manifest.
1754 silly tarball no local data for array.prototype.flat@https://registry.npmjs.org/array.prototype.flat/-/array.prototype.flat-1.3.3.tgz. Extracting by manifest.
1755 silly tarball no local data for array.prototype.findlastindex@https://registry.npmjs.org/array.prototype.findlastindex/-/array.prototype.findlastindex-1.2.6.tgz. Extracting by manifest.
1756 silly tarball no local data for array-includes@https://registry.npmjs.org/array-includes/-/array-includes-3.1.9.tgz. Extracting by manifest.
1757 silly tarball no local data for array.prototype.findlast@https://registry.npmjs.org/array.prototype.findlast/-/array.prototype.findlast-1.2.5.tgz. Extracting by manifest.
1758 silly tarball no local data for array-buffer-byte-length@https://registry.npmjs.org/array-buffer-byte-length/-/array-buffer-byte-length-1.0.2.tgz. Extracting by manifest.
1759 silly tarball no local data for aria-query@https://registry.npmjs.org/aria-query/-/aria-query-5.3.2.tgz. Extracting by manifest.
1760 silly tarball no local data for archiver-utils@https://registry.npmjs.org/archiver-utils/-/archiver-utils-2.1.0.tgz. Extracting by manifest.
1761 silly tarball no local data for aria-hidden@https://registry.npmjs.org/aria-hidden/-/aria-hidden-1.2.6.tgz. Extracting by manifest.
1762 silly tarball no local data for argparse@https://registry.npmjs.org/argparse/-/argparse-2.0.1.tgz. Extracting by manifest.
1763 silly tarball no local data for ansi-styles@https://registry.npmjs.org/ansi-styles/-/ansi-styles-4.3.0.tgz. Extracting by manifest.
1764 silly tarball no local data for archiver@https://registry.npmjs.org/archiver/-/archiver-5.3.2.tgz. Extracting by manifest.
1765 silly tarball no local data for anymatch@https://registry.npmjs.org/anymatch/-/anymatch-3.1.3.tgz. Extracting by manifest.
1766 silly tarball no local data for ansi-regex@https://registry.npmjs.org/ansi-regex/-/ansi-regex-5.0.1.tgz. Extracting by manifest.
1767 silly tarball no local data for @unrs/resolver-binding-win32-x64-msvc@https://registry.npmjs.org/@unrs/resolver-binding-win32-x64-msvc/-/resolver-binding-win32-x64-msvc-1.11.1.tgz. Extracting by manifest.
1768 silly tarball no local data for ansi-escapes@https://registry.npmjs.org/ansi-escapes/-/ansi-escapes-4.3.2.tgz. Extracting by manifest.
1769 silly tarball no local data for agent-base@https://registry.npmjs.org/agent-base/-/agent-base-7.1.4.tgz. Extracting by manifest.
1770 silly tarball no local data for ajv@https://registry.npmjs.org/ajv/-/ajv-6.12.6.tgz. Extracting by manifest.
1771 silly tarball no local data for acorn-jsx@https://registry.npmjs.org/acorn-jsx/-/acorn-jsx-5.3.2.tgz. Extracting by manifest.
1772 silly tarball no local data for @ungap/structured-clone@https://registry.npmjs.org/@ungap/structured-clone/-/structured-clone-1.3.0.tgz. Extracting by manifest.
1773 silly tarball no local data for acorn@https://registry.npmjs.org/acorn/-/acorn-8.15.0.tgz. Extracting by manifest.
1774 silly tarball no local data for abs-svg-path@https://registry.npmjs.org/abs-svg-path/-/abs-svg-path-0.1.1.tgz. Extracting by manifest.
1775 silly tarball no local data for @typescript-eslint/visitor-keys@https://registry.npmjs.org/@typescript-eslint/visitor-keys/-/visitor-keys-8.55.0.tgz. Extracting by manifest.
1776 silly tarball no local data for @typescript-eslint/utils@https://registry.npmjs.org/@typescript-eslint/utils/-/utils-8.55.0.tgz. Extracting by manifest.
1777 silly tarball no local data for @typescript-eslint/types@https://registry.npmjs.org/@typescript-eslint/types/-/types-8.55.0.tgz. Extracting by manifest.
1778 silly tarball no local data for @typescript-eslint/typescript-estree@https://registry.npmjs.org/@typescript-eslint/typescript-estree/-/typescript-estree-8.55.0.tgz. Extracting by manifest.
1779 silly tarball no local data for @typescript-eslint/type-utils@https://registry.npmjs.org/@typescript-eslint/type-utils/-/type-utils-8.55.0.tgz. Extracting by manifest.
1780 silly tarball no local data for @typescript-eslint/tsconfig-utils@https://registry.npmjs.org/@typescript-eslint/tsconfig-utils/-/tsconfig-utils-8.55.0.tgz. Extracting by manifest.
1781 silly tarball no local data for @typescript-eslint/scope-manager@https://registry.npmjs.org/@typescript-eslint/scope-manager/-/scope-manager-8.55.0.tgz. Extracting by manifest.
1782 silly tarball no local data for @typescript-eslint/eslint-plugin@https://registry.npmjs.org/@typescript-eslint/eslint-plugin/-/eslint-plugin-8.55.0.tgz. Extracting by manifest.
1783 silly tarball no local data for @typescript-eslint/project-service@https://registry.npmjs.org/@typescript-eslint/project-service/-/project-service-8.55.0.tgz. Extracting by manifest.
1784 silly tarball no local data for @types/yargs-parser@https://registry.npmjs.org/@types/yargs-parser/-/yargs-parser-21.0.3.tgz. Extracting by manifest.
1785 silly tarball no local data for @types/use-sync-external-store@https://registry.npmjs.org/@types/use-sync-external-store/-/use-sync-external-store-0.0.6.tgz. Extracting by manifest.
1786 silly tarball no local data for @typescript-eslint/parser@https://registry.npmjs.org/@typescript-eslint/parser/-/parser-8.55.0.tgz. Extracting by manifest.
1787 silly tarball no local data for @types/yargs@https://registry.npmjs.org/@types/yargs/-/yargs-17.0.35.tgz. Extracting by manifest.
1788 silly tarball no local data for @types/trusted-types@https://registry.npmjs.org/@types/trusted-types/-/trusted-types-2.0.7.tgz. Extracting by manifest.
1789 silly tarball no local data for @types/tough-cookie@https://registry.npmjs.org/@types/tough-cookie/-/tough-cookie-4.0.5.tgz. Extracting by manifest.
1790 silly tarball no local data for @types/react-dom@https://registry.npmjs.org/@types/react-dom/-/react-dom-19.2.3.tgz. Extracting by manifest.
1791 silly tarball no local data for @types/stack-utils@https://registry.npmjs.org/@types/stack-utils/-/stack-utils-2.0.3.tgz. Extracting by manifest.
1792 silly tarball no local data for @types/react@https://registry.npmjs.org/@types/react/-/react-19.2.14.tgz. Extracting by manifest.
1793 silly tarball no local data for @types/markdown-it@https://registry.npmjs.org/@types/markdown-it/-/markdown-it-14.1.2.tgz. Extracting by manifest.
1794 silly tarball no local data for @types/linkify-it@https://registry.npmjs.org/@types/linkify-it/-/linkify-it-5.0.0.tgz. Extracting by manifest.
1795 silly tarball no local data for @types/node@https://registry.npmjs.org/@types/node/-/node-20.19.33.tgz. Extracting by manifest.
1796 silly tarball no local data for @types/mdurl@https://registry.npmjs.org/@types/mdurl/-/mdurl-2.0.0.tgz. Extracting by manifest.
1797 silly tarball no local data for @types/jsdom@https://registry.npmjs.org/@types/jsdom/-/jsdom-21.1.7.tgz. Extracting by manifest.
1798 silly tarball no local data for @types/json5@https://registry.npmjs.org/@types/json5/-/json5-0.0.29.tgz. Extracting by manifest.
1799 silly tarball no local data for @types/json-schema@https://registry.npmjs.org/@types/json-schema/-/json-schema-7.0.15.tgz. Extracting by manifest.
1800 silly tarball no local data for @types/istanbul-reports@https://registry.npmjs.org/@types/istanbul-reports/-/istanbul-reports-3.0.4.tgz. Extracting by manifest.
1801 silly tarball no local data for @types/istanbul-lib-report@https://registry.npmjs.org/@types/istanbul-lib-report/-/istanbul-lib-report-3.0.3.tgz. Extracting by manifest.
1802 silly tarball no local data for @types/jest@https://registry.npmjs.org/@types/jest/-/jest-30.0.0.tgz. Extracting by manifest.
1803 silly tarball no local data for @types/istanbul-lib-coverage@https://registry.npmjs.org/@types/istanbul-lib-coverage/-/istanbul-lib-coverage-2.0.6.tgz. Extracting by manifest.
1804 silly tarball no local data for @tybys/wasm-util@https://registry.npmjs.org/@tybys/wasm-util/-/wasm-util-0.10.1.tgz. Extracting by manifest.
1805 silly tarball no local data for @types/babel__traverse@https://registry.npmjs.org/@types/babel__traverse/-/babel__traverse-7.28.0.tgz. Extracting by manifest.
1806 silly tarball no local data for @types/babel__template@https://registry.npmjs.org/@types/babel__template/-/babel__template-7.4.4.tgz. Extracting by manifest.
1807 silly tarball no local data for @types/estree@https://registry.npmjs.org/@types/estree/-/estree-1.0.8.tgz. Extracting by manifest.
1808 silly tarball no local data for @types/babel__core@https://registry.npmjs.org/@types/babel__core/-/babel__core-7.20.5.tgz. Extracting by manifest.
1809 silly tarball no local data for @types/babel__generator@https://registry.npmjs.org/@types/babel__generator/-/babel__generator-7.27.0.tgz. Extracting by manifest.
1810 silly tarball no local data for @tiptap/starter-kit@https://registry.npmjs.org/@tiptap/starter-kit/-/starter-kit-3.21.0.tgz. Extracting by manifest.
1811 silly tarball no local data for @types/aria-query@https://registry.npmjs.org/@types/aria-query/-/aria-query-5.0.4.tgz. Extracting by manifest.
1812 silly tarball no local data for @tiptap/react@https://registry.npmjs.org/@tiptap/react/-/react-3.21.0.tgz. Extracting by manifest.
1813 silly tarball no local data for @tiptap/extension-underline@https://registry.npmjs.org/@tiptap/extension-underline/-/extension-underline-3.21.0.tgz. Extracting by manifest.
1814 silly tarball no local data for @tiptap/pm@https://registry.npmjs.org/@tiptap/pm/-/pm-3.21.0.tgz. Extracting by manifest.
1815 silly tarball no local data for @tiptap/extensions@https://registry.npmjs.org/@tiptap/extensions/-/extensions-3.21.0.tgz. Extracting by manifest.
1816 silly tarball no local data for @tiptap/extension-strike@https://registry.npmjs.org/@tiptap/extension-strike/-/extension-strike-3.21.0.tgz. Extracting by manifest.
1817 silly tarball no local data for @tiptap/extension-paragraph@https://registry.npmjs.org/@tiptap/extension-paragraph/-/extension-paragraph-3.21.0.tgz. Extracting by manifest.
1818 silly tarball no local data for @tiptap/extension-ordered-list@https://registry.npmjs.org/@tiptap/extension-ordered-list/-/extension-ordered-list-3.21.0.tgz. Extracting by manifest.
1819 silly tarball no local data for @tiptap/extension-text@https://registry.npmjs.org/@tiptap/extension-text/-/extension-text-3.21.0.tgz. Extracting by manifest.
1820 silly tarball no local data for @tiptap/extension-placeholder@https://registry.npmjs.org/@tiptap/extension-placeholder/-/extension-placeholder-3.21.0.tgz. Extracting by manifest.
1821 silly tarball no local data for @tiptap/extension-list-item@https://registry.npmjs.org/@tiptap/extension-list-item/-/extension-list-item-3.21.0.tgz. Extracting by manifest.
1822 silly tarball no local data for @tiptap/extension-list-keymap@https://registry.npmjs.org/@tiptap/extension-list-keymap/-/extension-list-keymap-3.21.0.tgz. Extracting by manifest.
1823 silly tarball no local data for @tiptap/extension-list@https://registry.npmjs.org/@tiptap/extension-list/-/extension-list-3.21.0.tgz. Extracting by manifest.
1824 silly tarball no local data for @tiptap/extension-italic@https://registry.npmjs.org/@tiptap/extension-italic/-/extension-italic-3.21.0.tgz. Extracting by manifest.
1825 silly tarball no local data for @tiptap/extension-horizontal-rule@https://registry.npmjs.org/@tiptap/extension-horizontal-rule/-/extension-horizontal-rule-3.21.0.tgz. Extracting by manifest.
1826 silly tarball no local data for @tiptap/extension-link@https://registry.npmjs.org/@tiptap/extension-link/-/extension-link-3.21.0.tgz. Extracting by manifest.
1827 silly tarball no local data for @tiptap/extension-hard-break@https://registry.npmjs.org/@tiptap/extension-hard-break/-/extension-hard-break-3.21.0.tgz. Extracting by manifest.
1828 silly tarball no local data for @tiptap/extension-heading@https://registry.npmjs.org/@tiptap/extension-heading/-/extension-heading-3.21.0.tgz. Extracting by manifest.
1829 silly tarball no local data for @tiptap/extension-gapcursor@https://registry.npmjs.org/@tiptap/extension-gapcursor/-/extension-gapcursor-3.21.0.tgz. Extracting by manifest.
1830 silly tarball no local data for @tiptap/extension-document@https://registry.npmjs.org/@tiptap/extension-document/-/extension-document-3.21.0.tgz. Extracting by manifest.
1831 silly tarball no local data for @tiptap/extension-floating-menu@https://registry.npmjs.org/@tiptap/extension-floating-menu/-/extension-floating-menu-3.21.0.tgz. Extracting by manifest.
1832 silly tarball no local data for @tiptap/extension-dropcursor@https://registry.npmjs.org/@tiptap/extension-dropcursor/-/extension-dropcursor-3.21.0.tgz. Extracting by manifest.
1833 silly tarball no local data for @tiptap/extension-code-block@https://registry.npmjs.org/@tiptap/extension-code-block/-/extension-code-block-3.21.0.tgz. Extracting by manifest.
1834 silly tarball no local data for @testing-library/jest-dom@https://registry.npmjs.org/@testing-library/jest-dom/-/jest-dom-6.9.1.tgz. Extracting by manifest.
1835 silly tarball no local data for @tiptap/extension-code@https://registry.npmjs.org/@tiptap/extension-code/-/extension-code-3.21.0.tgz. Extracting by manifest.
1836 silly tarball no local data for @tiptap/extension-bubble-menu@https://registry.npmjs.org/@tiptap/extension-bubble-menu/-/extension-bubble-menu-3.21.0.tgz. Extracting by manifest.
1837 silly tarball no local data for @tailwindcss/postcss@https://registry.npmjs.org/@tailwindcss/postcss/-/postcss-4.1.18.tgz. Extracting by manifest.
1838 silly tarball no local data for @tiptap/extension-bullet-list@https://registry.npmjs.org/@tiptap/extension-bullet-list/-/extension-bullet-list-3.21.0.tgz. Extracting by manifest.
1839 silly tarball no local data for @tiptap/extension-bold@https://registry.npmjs.org/@tiptap/extension-bold/-/extension-bold-3.21.0.tgz. Extracting by manifest.
1840 silly tarball no local data for @tiptap/extension-blockquote@https://registry.npmjs.org/@tiptap/extension-blockquote/-/extension-blockquote-3.21.0.tgz. Extracting by manifest.
1841 silly tarball no local data for @tailwindcss/oxide-win32-x64-msvc@https://registry.npmjs.org/@tailwindcss/oxide-win32-x64-msvc/-/oxide-win32-x64-msvc-4.1.18.tgz. Extracting by manifest.
1842 silly tarball no local data for @tiptap/core@https://registry.npmjs.org/@tiptap/core/-/core-3.21.0.tgz. Extracting by manifest.
1843 silly tarball no local data for @testing-library/react@https://registry.npmjs.org/@testing-library/react/-/react-16.3.2.tgz. Extracting by manifest.
1844 silly tarball no local data for @testing-library/dom@https://registry.npmjs.org/@testing-library/dom/-/dom-10.4.1.tgz. Extracting by manifest.
1845 silly tarball no local data for @tailwindcss/node@https://registry.npmjs.org/@tailwindcss/node/-/node-4.1.18.tgz. Extracting by manifest.
1846 silly tarball no local data for @tailwindcss/oxide@https://registry.npmjs.org/@tailwindcss/oxide/-/oxide-4.1.18.tgz. Extracting by manifest.
1847 silly tarball no local data for @swc/helpers@https://registry.npmjs.org/@swc/helpers/-/helpers-0.5.15.tgz. Extracting by manifest.
1848 silly tarball no local data for @standard-schema/utils@https://registry.npmjs.org/@standard-schema/utils/-/utils-0.3.0.tgz. Extracting by manifest.
1849 silly tarball no local data for @sinonjs/commons@https://registry.npmjs.org/@sinonjs/commons/-/commons-3.0.1.tgz. Extracting by manifest.
1850 silly tarball no local data for @sinclair/typebox@https://registry.npmjs.org/@sinclair/typebox/-/typebox-0.34.48.tgz. Extracting by manifest.
1851 silly tarball no local data for @socket.io/component-emitter@https://registry.npmjs.org/@socket.io/component-emitter/-/component-emitter-3.1.2.tgz. Extracting by manifest.
1852 silly tarball no local data for @sinonjs/fake-timers@https://registry.npmjs.org/@sinonjs/fake-timers/-/fake-timers-15.1.1.tgz. Extracting by manifest.
1853 silly tarball no local data for @remirror/core-constants@https://registry.npmjs.org/@remirror/core-constants/-/core-constants-3.0.0.tgz. Extracting by manifest.
1854 silly tarball no local data for @rtsao/scc@https://registry.npmjs.org/@rtsao/scc/-/scc-1.1.0.tgz. Extracting by manifest.
1855 silly tarball no local data for @react-pdf/types@https://registry.npmjs.org/@react-pdf/types/-/types-2.11.1.tgz. Extracting by manifest.
1856 silly tarball no local data for @react-pdf/stylesheet@https://registry.npmjs.org/@react-pdf/stylesheet/-/stylesheet-6.2.1.tgz. Extracting by manifest.
1857 silly tarball no local data for @react-pdf/textkit@https://registry.npmjs.org/@react-pdf/textkit/-/textkit-6.3.0.tgz. Extracting by manifest.
1858 silly tarball no local data for @react-pdf/renderer@https://registry.npmjs.org/@react-pdf/renderer/-/renderer-4.5.1.tgz. Extracting by manifest.
1859 silly tarball no local data for @react-pdf/svg@https://registry.npmjs.org/@react-pdf/svg/-/svg-1.1.0.tgz. Extracting by manifest.
1860 silly tarball no local data for @react-pdf/primitives@https://registry.npmjs.org/@react-pdf/primitives/-/primitives-4.3.0.tgz. Extracting by manifest.
1861 silly tarball no local data for @react-pdf/reconciler@https://registry.npmjs.org/@react-pdf/reconciler/-/reconciler-2.0.0.tgz. Extracting by manifest.
1862 silly tarball no local data for @react-pdf/render@https://registry.npmjs.org/@react-pdf/render/-/render-4.5.1.tgz. Extracting by manifest.
1863 silly tarball no local data for @react-pdf/pdfkit@https://registry.npmjs.org/@react-pdf/pdfkit/-/pdfkit-5.1.1.tgz. Extracting by manifest.
1864 silly tarball no local data for @react-pdf/layout@https://registry.npmjs.org/@react-pdf/layout/-/layout-4.6.1.tgz. Extracting by manifest.
1865 silly tarball no local data for @radix-ui/rect@https://registry.npmjs.org/@radix-ui/rect/-/rect-1.1.1.tgz. Extracting by manifest.
1866 silly tarball no local data for @radix-ui/react-visually-hidden@https://registry.npmjs.org/@radix-ui/react-visually-hidden/-/react-visually-hidden-1.2.3.tgz. Extracting by manifest.
1867 silly tarball no local data for @react-pdf/fns@https://registry.npmjs.org/@react-pdf/fns/-/fns-3.1.3.tgz. Extracting by manifest.
1868 silly tarball no local data for @radix-ui/react-use-size@https://registry.npmjs.org/@radix-ui/react-use-size/-/react-use-size-1.1.1.tgz. Extracting by manifest.
1869 silly tarball no local data for @radix-ui/react-use-layout-effect@https://registry.npmjs.org/@radix-ui/react-use-layout-effect/-/react-use-layout-effect-1.1.1.tgz. Extracting by manifest.
1870 silly tarball no local data for @react-pdf/image@https://registry.npmjs.org/@react-pdf/image/-/image-3.1.0.tgz. Extracting by manifest.
1871 silly tarball no local data for @react-pdf/font@https://registry.npmjs.org/@react-pdf/font/-/font-4.0.8.tgz. Extracting by manifest.
1872 silly tarball no local data for @radix-ui/react-use-rect@https://registry.npmjs.org/@radix-ui/react-use-rect/-/react-use-rect-1.1.1.tgz. Extracting by manifest.
1873 silly tarball no local data for @radix-ui/react-use-is-hydrated@https://registry.npmjs.org/@radix-ui/react-use-is-hydrated/-/react-use-is-hydrated-0.1.0.tgz. Extracting by manifest.
1874 silly tarball no local data for @radix-ui/react-use-previous@https://registry.npmjs.org/@radix-ui/react-use-previous/-/react-use-previous-1.1.1.tgz. Extracting by manifest.
1875 silly tarball no local data for @radix-ui/react-use-escape-keydown@https://registry.npmjs.org/@radix-ui/react-use-escape-keydown/-/react-use-escape-keydown-1.1.1.tgz. Extracting by manifest.
1876 silly tarball no local data for @radix-ui/react-use-effect-event@https://registry.npmjs.org/@radix-ui/react-use-effect-event/-/react-use-effect-event-0.0.2.tgz. Extracting by manifest.
1877 silly tarball no local data for @radix-ui/react-use-controllable-state@https://registry.npmjs.org/@radix-ui/react-use-controllable-state/-/react-use-controllable-state-1.2.2.tgz. Extracting by manifest.
1878 silly tarball no local data for @radix-ui/react-tooltip@https://registry.npmjs.org/@radix-ui/react-tooltip/-/react-tooltip-1.2.8.tgz. Extracting by manifest.
1879 silly tarball no local data for @radix-ui/react-tabs@https://registry.npmjs.org/@radix-ui/react-tabs/-/react-tabs-1.1.13.tgz. Extracting by manifest.
1880 silly tarball no local data for @radix-ui/react-select@https://registry.npmjs.org/@radix-ui/react-select/-/react-select-2.2.6.tgz. Extracting by manifest.
1881 silly tarball no local data for @radix-ui/react-roving-focus@https://registry.npmjs.org/@radix-ui/react-roving-focus/-/react-roving-focus-1.1.11.tgz. Extracting by manifest.
1882 silly tarball no local data for @radix-ui/react-separator@https://registry.npmjs.org/@radix-ui/react-separator/-/react-separator-1.1.8.tgz. Extracting by manifest.
1883 silly tarball no local data for @radix-ui/react-slot@https://registry.npmjs.org/@radix-ui/react-slot/-/react-slot-1.2.4.tgz. Extracting by manifest.
1884 silly tarball no local data for @radix-ui/react-use-callback-ref@https://registry.npmjs.org/@radix-ui/react-use-callback-ref/-/react-use-callback-ref-1.1.1.tgz. Extracting by manifest.
1885 silly tarball no local data for @radix-ui/react-presence@https://registry.npmjs.org/@radix-ui/react-presence/-/react-presence-1.1.5.tgz. Extracting by manifest.
1886 silly tarball no local data for @radix-ui/react-progress@https://registry.npmjs.org/@radix-ui/react-progress/-/react-progress-1.1.8.tgz. Extracting by manifest.
1887 silly tarball no local data for @radix-ui/react-primitive@https://registry.npmjs.org/@radix-ui/react-primitive/-/react-primitive-2.1.4.tgz. Extracting by manifest.
1888 silly tarball no local data for @radix-ui/react-popper@https://registry.npmjs.org/@radix-ui/react-popper/-/react-popper-1.2.8.tgz. Extracting by manifest.
1889 silly tarball no local data for @radix-ui/react-portal@https://registry.npmjs.org/@radix-ui/react-portal/-/react-portal-1.1.9.tgz. Extracting by manifest.
1890 silly tarball no local data for @radix-ui/react-popover@https://registry.npmjs.org/@radix-ui/react-popover/-/react-popover-1.1.15.tgz. Extracting by manifest.
1891 silly tarball no local data for @radix-ui/react-navigation-menu@https://registry.npmjs.org/@radix-ui/react-navigation-menu/-/react-navigation-menu-1.2.14.tgz. Extracting by manifest.
1892 silly tarball no local data for @radix-ui/react-menu@https://registry.npmjs.org/@radix-ui/react-menu/-/react-menu-2.1.16.tgz. Extracting by manifest.
1893 silly tarball no local data for @radix-ui/react-focus-scope@https://registry.npmjs.org/@radix-ui/react-focus-scope/-/react-focus-scope-1.1.7.tgz. Extracting by manifest.
1894 silly tarball no local data for @radix-ui/react-label@https://registry.npmjs.org/@radix-ui/react-label/-/react-label-2.1.8.tgz. Extracting by manifest.
1895 silly tarball no local data for @radix-ui/react-dropdown-menu@https://registry.npmjs.org/@radix-ui/react-dropdown-menu/-/react-dropdown-menu-2.1.16.tgz. Extracting by manifest.
1896 silly tarball no local data for @radix-ui/react-dialog@https://registry.npmjs.org/@radix-ui/react-dialog/-/react-dialog-1.1.15.tgz. Extracting by manifest.
1897 silly tarball no local data for @radix-ui/react-direction@https://registry.npmjs.org/@radix-ui/react-direction/-/react-direction-1.1.1.tgz. Extracting by manifest.
1898 silly tarball no local data for @radix-ui/react-id@https://registry.npmjs.org/@radix-ui/react-id/-/react-id-1.1.1.tgz. Extracting by manifest.
1899 silly tarball no local data for @radix-ui/react-collection@https://registry.npmjs.org/@radix-ui/react-collection/-/react-collection-1.1.7.tgz. Extracting by manifest.
1900 silly tarball no local data for @radix-ui/react-dismissable-layer@https://registry.npmjs.org/@radix-ui/react-dismissable-layer/-/react-dismissable-layer-1.1.11.tgz. Extracting by manifest.
1901 silly tarball no local data for @radix-ui/react-context@https://registry.npmjs.org/@radix-ui/react-context/-/react-context-1.1.3.tgz. Extracting by manifest.
1902 silly tarball no local data for @radix-ui/react-arrow@https://registry.npmjs.org/@radix-ui/react-arrow/-/react-arrow-1.1.7.tgz. Extracting by manifest.
1903 silly tarball no local data for @radix-ui/react-compose-refs@https://registry.npmjs.org/@radix-ui/react-compose-refs/-/react-compose-refs-1.1.2.tgz. Extracting by manifest.
1904 silly tarball no local data for @radix-ui/react-avatar@https://registry.npmjs.org/@radix-ui/react-avatar/-/react-avatar-1.1.11.tgz. Extracting by manifest.
1905 silly tarball no local data for @radix-ui/primitive@https://registry.npmjs.org/@radix-ui/primitive/-/primitive-1.1.3.tgz. Extracting by manifest.
1906 silly tarball no local data for @radix-ui/react-focus-guards@https://registry.npmjs.org/@radix-ui/react-focus-guards/-/react-focus-guards-1.1.3.tgz. Extracting by manifest.
1907 silly tarball no local data for @radix-ui/number@https://registry.npmjs.org/@radix-ui/number/-/number-1.1.1.tgz. Extracting by manifest.
1908 silly tarball no local data for @pkgr/core@https://registry.npmjs.org/@pkgr/core/-/core-0.2.9.tgz. Extracting by manifest.
1909 silly tarball no local data for @nolyfill/is-core-module@https://registry.npmjs.org/@nolyfill/is-core-module/-/is-core-module-1.0.39.tgz. Extracting by manifest.
1910 silly tarball no local data for @playwright/test@https://registry.npmjs.org/@playwright/test/-/test-1.58.2.tgz. Extracting by manifest.
1911 silly tarball no local data for @nodelib/fs.stat@https://registry.npmjs.org/@nodelib/fs.stat/-/fs.stat-2.0.5.tgz. Extracting by manifest.
1912 silly tarball no local data for @pkgjs/parseargs@https://registry.npmjs.org/@pkgjs/parseargs/-/parseargs-0.11.0.tgz. Extracting by manifest.
1913 silly tarball no local data for @nodelib/fs.scandir@https://registry.npmjs.org/@nodelib/fs.scandir/-/fs.scandir-2.1.5.tgz. Extracting by manifest.
1914 silly tarball no local data for @next/eslint-plugin-next@https://registry.npmjs.org/@next/eslint-plugin-next/-/eslint-plugin-next-16.2.4.tgz. Extracting by manifest.
1915 silly tarball no local data for @noble/ciphers@https://registry.npmjs.org/@noble/ciphers/-/ciphers-1.3.0.tgz. Extracting by manifest.
1916 silly tarball no local data for @noble/hashes@https://registry.npmjs.org/@noble/hashes/-/hashes-1.8.0.tgz. Extracting by manifest.
1917 silly tarball no local data for @jridgewell/trace-mapping@https://registry.npmjs.org/@jridgewell/trace-mapping/-/trace-mapping-0.3.31.tgz. Extracting by manifest.
1918 silly tarball no local data for @jridgewell/remapping@https://registry.npmjs.org/@jridgewell/remapping/-/remapping-2.3.5.tgz. Extracting by manifest.
1919 silly tarball no local data for @next/swc-win32-x64-msvc@https://registry.npmjs.org/@next/swc-win32-x64-msvc/-/swc-win32-x64-msvc-16.2.4.tgz. Extracting by manifest.
1920 silly tarball no local data for @nodelib/fs.walk@https://registry.npmjs.org/@nodelib/fs.walk/-/fs.walk-1.2.8.tgz. Extracting by manifest.
1921 silly tarball no local data for @next/env@https://registry.npmjs.org/@next/env/-/env-16.2.4.tgz. Extracting by manifest.
1922 silly tarball no local data for @jridgewell/sourcemap-codec@https://registry.npmjs.org/@jridgewell/sourcemap-codec/-/sourcemap-codec-1.5.5.tgz. Extracting by manifest.
1923 silly tarball no local data for @jest/transform@https://registry.npmjs.org/@jest/transform/-/transform-30.3.0.tgz. Extracting by manifest.
1924 silly tarball no local data for @jest/test-sequencer@https://registry.npmjs.org/@jest/test-sequencer/-/test-sequencer-30.3.0.tgz. Extracting by manifest.
1925 silly tarball no local data for @jridgewell/resolve-uri@https://registry.npmjs.org/@jridgewell/resolve-uri/-/resolve-uri-3.1.2.tgz. Extracting by manifest.
1926 silly tarball no local data for @jridgewell/gen-mapping@https://registry.npmjs.org/@jridgewell/gen-mapping/-/gen-mapping-0.3.13.tgz. Extracting by manifest.
1927 silly tarball no local data for @jest/snapshot-utils@https://registry.npmjs.org/@jest/snapshot-utils/-/snapshot-utils-30.3.0.tgz. Extracting by manifest.
1928 silly tarball no local data for @jest/types@https://registry.npmjs.org/@jest/types/-/types-30.3.0.tgz. Extracting by manifest.
1929 silly tarball no local data for @jest/source-map@https://registry.npmjs.org/@jest/source-map/-/source-map-30.0.1.tgz. Extracting by manifest.
1930 silly tarball no local data for @jest/reporters@https://registry.npmjs.org/@jest/reporters/-/reporters-30.3.0.tgz. Extracting by manifest.
1931 silly tarball no local data for @jest/test-result@https://registry.npmjs.org/@jest/test-result/-/test-result-30.3.0.tgz. Extracting by manifest.
1932 silly tarball no local data for @jest/schemas@https://registry.npmjs.org/@jest/schemas/-/schemas-30.0.5.tgz. Extracting by manifest.
1933 silly tarball no local data for @jest/get-type@https://registry.npmjs.org/@jest/get-type/-/get-type-30.1.0.tgz. Extracting by manifest.
1934 silly tarball no local data for @jest/pattern@https://registry.npmjs.org/@jest/pattern/-/pattern-30.0.1.tgz. Extracting by manifest.
1935 silly tarball no local data for @napi-rs/wasm-runtime@https://registry.npmjs.org/@napi-rs/wasm-runtime/-/wasm-runtime-0.2.12.tgz. Extracting by manifest.
1936 silly tarball no local data for @jest/globals@https://registry.npmjs.org/@jest/globals/-/globals-30.3.0.tgz. Extracting by manifest.
1937 silly tarball no local data for @jest/expect-utils@https://registry.npmjs.org/@jest/expect-utils/-/expect-utils-30.3.0.tgz. Extracting by manifest.
1938 silly tarball no local data for @jest/core@https://registry.npmjs.org/@jest/core/-/core-30.3.0.tgz. Extracting by manifest.
1939 silly tarball no local data for @jest/fake-timers@https://registry.npmjs.org/@jest/fake-timers/-/fake-timers-30.3.0.tgz. Extracting by manifest.
1940 silly tarball no local data for @istanbuljs/load-nyc-config@https://registry.npmjs.org/@istanbuljs/load-nyc-config/-/load-nyc-config-1.1.0.tgz. Extracting by manifest.
1941 silly tarball no local data for @jest/environment@https://registry.npmjs.org/@jest/environment/-/environment-30.3.0.tgz. Extracting by manifest.
1942 silly tarball no local data for @istanbuljs/schema@https://registry.npmjs.org/@istanbuljs/schema/-/schema-0.1.3.tgz. Extracting by manifest.
1943 silly tarball no local data for @jest/environment-jsdom-abstract@https://registry.npmjs.org/@jest/environment-jsdom-abstract/-/environment-jsdom-abstract-30.3.0.tgz. Extracting by manifest.
1944 silly tarball no local data for @jest/expect@https://registry.npmjs.org/@jest/expect/-/expect-30.3.0.tgz. Extracting by manifest.
1945 silly tarball no local data for @jest/console@https://registry.npmjs.org/@jest/console/-/console-30.3.0.tgz. Extracting by manifest.
1946 silly tarball no local data for @jest/diff-sequences@https://registry.npmjs.org/@jest/diff-sequences/-/diff-sequences-30.3.0.tgz. Extracting by manifest.
1947 silly tarball no local data for @img/sharp-win32-x64@https://registry.npmjs.org/@img/sharp-win32-x64/-/sharp-win32-x64-0.34.5.tgz. Extracting by manifest.
1948 silly tarball no local data for @img/colour@https://registry.npmjs.org/@img/colour/-/colour-1.0.0.tgz. Extracting by manifest.
1949 silly tarball no local data for @humanfs/node@https://registry.npmjs.org/@humanfs/node/-/node-0.16.7.tgz. Extracting by manifest.
1950 silly tarball no local data for @humanwhocodes/module-importer@https://registry.npmjs.org/@humanwhocodes/module-importer/-/module-importer-1.0.1.tgz. Extracting by manifest.
1951 silly tarball no local data for @isaacs/cliui@https://registry.npmjs.org/@isaacs/cliui/-/cliui-8.0.2.tgz. Extracting by manifest.
1952 silly tarball no local data for @eslint/plugin-kit@https://registry.npmjs.org/@eslint/plugin-kit/-/plugin-kit-0.4.1.tgz. Extracting by manifest.
1953 silly tarball no local data for @humanfs/core@https://registry.npmjs.org/@humanfs/core/-/core-0.19.1.tgz. Extracting by manifest.
1954 silly tarball no local data for @humanwhocodes/retry@https://registry.npmjs.org/@humanwhocodes/retry/-/retry-0.4.3.tgz. Extracting by manifest.
1955 silly tarball no local data for @hookform/resolvers@https://registry.npmjs.org/@hookform/resolvers/-/resolvers-5.2.2.tgz. Extracting by manifest.
1956 silly tarball no local data for @floating-ui/utils@https://registry.npmjs.org/@floating-ui/utils/-/utils-0.2.10.tgz. Extracting by manifest.
1957 silly tarball no local data for @floating-ui/dom@https://registry.npmjs.org/@floating-ui/dom/-/dom-1.7.5.tgz. Extracting by manifest.
1958 silly tarball no local data for @fast-csv/format@https://registry.npmjs.org/@fast-csv/format/-/format-4.3.5.tgz. Extracting by manifest.
1959 silly tarball no local data for @floating-ui/react-dom@https://registry.npmjs.org/@floating-ui/react-dom/-/react-dom-2.1.7.tgz. Extracting by manifest.
1960 silly tarball no local data for @fast-csv/parse@https://registry.npmjs.org/@fast-csv/parse/-/parse-4.3.6.tgz. Extracting by manifest.
1961 silly tarball no local data for @floating-ui/core@https://registry.npmjs.org/@floating-ui/core/-/core-1.7.4.tgz. Extracting by manifest.
1962 silly tarball no local data for @eslint/js@https://registry.npmjs.org/@eslint/js/-/js-9.39.2.tgz. Extracting by manifest.
1963 silly tarball no local data for @eslint/object-schema@https://registry.npmjs.org/@eslint/object-schema/-/object-schema-2.1.7.tgz. Extracting by manifest.
1964 silly tarball no local data for @eslint/core@https://registry.npmjs.org/@eslint/core/-/core-0.17.0.tgz. Extracting by manifest.
1965 silly tarball no local data for @eslint/eslintrc@https://registry.npmjs.org/@eslint/eslintrc/-/eslintrc-3.3.3.tgz. Extracting by manifest.
1966 silly tarball no local data for @csstools/css-tokenizer@https://registry.npmjs.org/@csstools/css-tokenizer/-/css-tokenizer-3.0.4.tgz. Extracting by manifest.
1967 silly tarball no local data for @eslint/config-array@https://registry.npmjs.org/@eslint/config-array/-/config-array-0.21.1.tgz. Extracting by manifest.
1968 silly tarball no local data for @eslint/config-helpers@https://registry.npmjs.org/@eslint/config-helpers/-/config-helpers-0.4.2.tgz. Extracting by manifest.
1969 silly tarball no local data for @eslint-community/eslint-utils@https://registry.npmjs.org/@eslint-community/eslint-utils/-/eslint-utils-4.9.1.tgz. Extracting by manifest.
1970 silly tarball no local data for @csstools/css-color-parser@https://registry.npmjs.org/@csstools/css-color-parser/-/css-color-parser-3.1.0.tgz. Extracting by manifest.
1971 silly tarball no local data for @emnapi/wasi-threads@https://registry.npmjs.org/@emnapi/wasi-threads/-/wasi-threads-1.1.0.tgz. Extracting by manifest.
1972 silly tarball no local data for @eslint-community/regexpp@https://registry.npmjs.org/@eslint-community/regexpp/-/regexpp-4.12.2.tgz. Extracting by manifest.
1973 silly tarball no local data for @emnapi/runtime@https://registry.npmjs.org/@emnapi/runtime/-/runtime-1.8.1.tgz. Extracting by manifest.
1974 silly tarball no local data for @emnapi/core@https://registry.npmjs.org/@emnapi/core/-/core-1.8.1.tgz. Extracting by manifest.
1975 silly tarball no local data for @babel/runtime@https://registry.npmjs.org/@babel/runtime/-/runtime-7.29.2.tgz. Extracting by manifest.
1976 silly tarball no local data for @csstools/css-parser-algorithms@https://registry.npmjs.org/@csstools/css-parser-algorithms/-/css-parser-algorithms-3.0.5.tgz. Extracting by manifest.
1977 silly tarball no local data for @bcoe/v8-coverage@https://registry.npmjs.org/@bcoe/v8-coverage/-/v8-coverage-0.2.3.tgz. Extracting by manifest.
1978 silly tarball no local data for @babel/types@https://registry.npmjs.org/@babel/types/-/types-7.29.0.tgz. Extracting by manifest.
1979 silly tarball no local data for @csstools/color-helpers@https://registry.npmjs.org/@csstools/color-helpers/-/color-helpers-5.1.0.tgz. Extracting by manifest.
1980 silly tarball no local data for @csstools/css-calc@https://registry.npmjs.org/@csstools/css-calc/-/css-calc-2.1.4.tgz. Extracting by manifest.
1981 silly tarball no local data for @babel/traverse@https://registry.npmjs.org/@babel/traverse/-/traverse-7.29.0.tgz. Extracting by manifest.
1982 silly tarball no local data for @babel/plugin-syntax-typescript@https://registry.npmjs.org/@babel/plugin-syntax-typescript/-/plugin-syntax-typescript-7.28.6.tgz. Extracting by manifest.
1983 silly tarball no local data for @babel/template@https://registry.npmjs.org/@babel/template/-/template-7.28.6.tgz. Extracting by manifest.
1984 silly tarball no local data for @babel/plugin-syntax-top-level-await@https://registry.npmjs.org/@babel/plugin-syntax-top-level-await/-/plugin-syntax-top-level-await-7.14.5.tgz. Extracting by manifest.
1985 silly tarball no local data for @babel/plugin-syntax-private-property-in-object@https://registry.npmjs.org/@babel/plugin-syntax-private-property-in-object/-/plugin-syntax-private-property-in-object-7.14.5.tgz. Extracting by manifest.
1986 silly tarball no local data for @babel/plugin-syntax-optional-catch-binding@https://registry.npmjs.org/@babel/plugin-syntax-optional-catch-binding/-/plugin-syntax-optional-catch-binding-7.8.3.tgz. Extracting by manifest.
1987 silly tarball no local data for @babel/plugin-syntax-nullish-coalescing-operator@https://registry.npmjs.org/@babel/plugin-syntax-nullish-coalescing-operator/-/plugin-syntax-nullish-coalescing-operator-7.8.3.tgz. Extracting by manifest.
1988 silly tarball no local data for @babel/plugin-syntax-object-rest-spread@https://registry.npmjs.org/@babel/plugin-syntax-object-rest-spread/-/plugin-syntax-object-rest-spread-7.8.3.tgz. Extracting by manifest.
1989 silly tarball no local data for @babel/plugin-syntax-numeric-separator@https://registry.npmjs.org/@babel/plugin-syntax-numeric-separator/-/plugin-syntax-numeric-separator-7.10.4.tgz. Extracting by manifest.
1990 silly tarball no local data for @babel/plugin-syntax-optional-chaining@https://registry.npmjs.org/@babel/plugin-syntax-optional-chaining/-/plugin-syntax-optional-chaining-7.8.3.tgz. Extracting by manifest.
1991 silly tarball no local data for @babel/plugin-syntax-jsx@https://registry.npmjs.org/@babel/plugin-syntax-jsx/-/plugin-syntax-jsx-7.28.6.tgz. Extracting by manifest.
1992 silly tarball no local data for @babel/plugin-syntax-logical-assignment-operators@https://registry.npmjs.org/@babel/plugin-syntax-logical-assignment-operators/-/plugin-syntax-logical-assignment-operators-7.10.4.tgz. Extracting by manifest.
1993 silly tarball no local data for @babel/plugin-syntax-json-strings@https://registry.npmjs.org/@babel/plugin-syntax-json-strings/-/plugin-syntax-json-strings-7.8.3.tgz. Extracting by manifest.
1994 silly tarball no local data for @babel/plugin-syntax-import-attributes@https://registry.npmjs.org/@babel/plugin-syntax-import-attributes/-/plugin-syntax-import-attributes-7.28.6.tgz. Extracting by manifest.
1995 silly tarball no local data for @babel/plugin-syntax-class-properties@https://registry.npmjs.org/@babel/plugin-syntax-class-properties/-/plugin-syntax-class-properties-7.12.13.tgz. Extracting by manifest.
1996 silly tarball no local data for @babel/plugin-syntax-import-meta@https://registry.npmjs.org/@babel/plugin-syntax-import-meta/-/plugin-syntax-import-meta-7.10.4.tgz. Extracting by manifest.
1997 silly tarball no local data for @babel/plugin-syntax-class-static-block@https://registry.npmjs.org/@babel/plugin-syntax-class-static-block/-/plugin-syntax-class-static-block-7.14.5.tgz. Extracting by manifest.
1998 silly tarball no local data for @babel/plugin-syntax-bigint@https://registry.npmjs.org/@babel/plugin-syntax-bigint/-/plugin-syntax-bigint-7.8.3.tgz. Extracting by manifest.
1999 silly tarball no local data for @babel/plugin-syntax-async-generators@https://registry.npmjs.org/@babel/plugin-syntax-async-generators/-/plugin-syntax-async-generators-7.8.4.tgz. Extracting by manifest.
2000 silly tarball no local data for @babel/helper-validator-option@https://registry.npmjs.org/@babel/helper-validator-option/-/helper-validator-option-7.27.1.tgz. Extracting by manifest.
2001 silly tarball no local data for @babel/parser@https://registry.npmjs.org/@babel/parser/-/parser-7.29.0.tgz. Extracting by manifest.
2002 silly tarball no local data for @babel/helpers@https://registry.npmjs.org/@babel/helpers/-/helpers-7.28.6.tgz. Extracting by manifest.
2003 silly tarball no local data for @babel/helper-validator-identifier@https://registry.npmjs.org/@babel/helper-validator-identifier/-/helper-validator-identifier-7.28.5.tgz. Extracting by manifest.
2004 silly tarball no local data for @babel/helper-plugin-utils@https://registry.npmjs.org/@babel/helper-plugin-utils/-/helper-plugin-utils-7.28.6.tgz. Extracting by manifest.
2005 silly tarball no local data for @babel/helper-string-parser@https://registry.npmjs.org/@babel/helper-string-parser/-/helper-string-parser-7.27.1.tgz. Extracting by manifest.
2006 silly tarball no local data for @babel/helper-module-transforms@https://registry.npmjs.org/@babel/helper-module-transforms/-/helper-module-transforms-7.28.6.tgz. Extracting by manifest.
2007 silly tarball no local data for @babel/helper-module-imports@https://registry.npmjs.org/@babel/helper-module-imports/-/helper-module-imports-7.28.6.tgz. Extracting by manifest.
2008 silly tarball no local data for @babel/helper-globals@https://registry.npmjs.org/@babel/helper-globals/-/helper-globals-7.28.0.tgz. Extracting by manifest.
2009 silly tarball no local data for @babel/generator@https://registry.npmjs.org/@babel/generator/-/generator-7.29.1.tgz. Extracting by manifest.
2010 silly tarball no local data for @babel/helper-compilation-targets@https://registry.npmjs.org/@babel/helper-compilation-targets/-/helper-compilation-targets-7.28.6.tgz. Extracting by manifest.
2011 silly tarball no local data for @babel/core@https://registry.npmjs.org/@babel/core/-/core-7.29.0.tgz. Extracting by manifest.
2012 silly tarball no local data for @babel/compat-data@https://registry.npmjs.org/@babel/compat-data/-/compat-data-7.29.0.tgz. Extracting by manifest.
2013 silly tarball no local data for @babel/code-frame@https://registry.npmjs.org/@babel/code-frame/-/code-frame-7.29.0.tgz. Extracting by manifest.
2014 silly tarball no local data for @asamuzakjp/css-color@https://registry.npmjs.org/@asamuzakjp/css-color/-/css-color-3.2.0.tgz. Extracting by manifest.
2015 silly tarball no local data for @alloc/quick-lru@https://registry.npmjs.org/@alloc/quick-lru/-/quick-lru-5.2.0.tgz. Extracting by manifest.
2016 silly tarball no local data for @adobe/css-tools@https://registry.npmjs.org/@adobe/css-tools/-/css-tools-4.4.4.tgz. Extracting by manifest.
2017 silly tarball no local data for strip-ansi@https://registry.npmjs.org/strip-ansi/-/strip-ansi-6.0.1.tgz. Extracting by manifest.
2018 silly tarball no local data for strip-ansi@https://registry.npmjs.org/strip-ansi/-/strip-ansi-6.0.1.tgz. Extracting by manifest.
2019 silly tarball no local data for string-width@https://registry.npmjs.org/string-width/-/string-width-4.2.3.tgz. Extracting by manifest.
2020 silly tarball no local data for archiver-utils@https://registry.npmjs.org/archiver-utils/-/archiver-utils-3.0.4.tgz. Extracting by manifest.
2021 silly tarball no local data for emoji-regex@https://registry.npmjs.org/emoji-regex/-/emoji-regex-8.0.0.tgz. Extracting by manifest.
2022 silly tarball no local data for string-width@https://registry.npmjs.org/string-width/-/string-width-4.2.3.tgz. Extracting by manifest.
2023 silly tarball no local data for emoji-regex@https://registry.npmjs.org/emoji-regex/-/emoji-regex-8.0.0.tgz. Extracting by manifest.
2024 silly tarball no local data for string_decoder@https://registry.npmjs.org/string_decoder/-/string_decoder-1.1.1.tgz. Extracting by manifest.
2025 silly tarball no local data for glob@https://registry.npmjs.org/glob/-/glob-7.2.3.tgz. Extracting by manifest.
2026 silly tarball no local data for safe-buffer@https://registry.npmjs.org/safe-buffer/-/safe-buffer-5.1.2.tgz. Extracting by manifest.
2027 silly tarball no local data for ansi-styles@https://registry.npmjs.org/ansi-styles/-/ansi-styles-6.2.3.tgz. Extracting by manifest.
2028 silly tarball no local data for readable-stream@https://registry.npmjs.org/readable-stream/-/readable-stream-2.3.8.tgz. Extracting by manifest.
2029 silly tarball no local data for isarray@https://registry.npmjs.org/isarray/-/isarray-1.0.0.tgz. Extracting by manifest.
2030 silly tarball no local data for json5@https://registry.npmjs.org/json5/-/json5-1.0.2.tgz. Extracting by manifest.
2031 silly tarball no local data for pako@https://registry.npmjs.org/pako/-/pako-0.2.9.tgz. Extracting by manifest.
2032 silly tarball no local data for glob@https://registry.npmjs.org/glob/-/glob-7.2.3.tgz. Extracting by manifest.
2033 silly tarball no local data for picomatch@https://registry.npmjs.org/picomatch/-/picomatch-4.0.3.tgz. Extracting by manifest.
2034 silly tarball no local data for ansi-regex@https://registry.npmjs.org/ansi-regex/-/ansi-regex-6.2.2.tgz. Extracting by manifest.
2035 silly tarball no local data for strip-ansi@https://registry.npmjs.org/strip-ansi/-/strip-ansi-6.0.1.tgz. Extracting by manifest.
2036 silly tarball no local data for emoji-regex@https://registry.npmjs.org/emoji-regex/-/emoji-regex-8.0.0.tgz. Extracting by manifest.
2037 silly tarball no local data for strip-ansi@https://registry.npmjs.org/strip-ansi/-/strip-ansi-6.0.1.tgz. Extracting by manifest.
2038 silly tarball no local data for fdir@https://registry.npmjs.org/fdir/-/fdir-6.5.0.tgz. Extracting by manifest.
2039 silly tarball no local data for escape-string-regexp@https://registry.npmjs.org/escape-string-regexp/-/escape-string-regexp-2.0.0.tgz. Extracting by manifest.
2040 silly tarball no local data for glob@https://registry.npmjs.org/glob/-/glob-7.2.3.tgz. Extracting by manifest.
2041 silly tarball no local data for semver@https://registry.npmjs.org/semver/-/semver-7.7.4.tgz. Extracting by manifest.
2042 silly tarball no local data for resolve-from@https://registry.npmjs.org/resolve-from/-/resolve-from-5.0.0.tgz. Extracting by manifest.
2043 silly tarball no local data for minimatch@https://registry.npmjs.org/minimatch/-/minimatch-5.1.9.tgz. Extracting by manifest.
2044 silly tarball no local data for react-is@https://registry.npmjs.org/react-is/-/react-is-17.0.2.tgz. Extracting by manifest.
2045 silly tarball no local data for ansi-styles@https://registry.npmjs.org/ansi-styles/-/ansi-styles-5.2.0.tgz. Extracting by manifest.
2046 silly tarball no local data for brace-expansion@https://registry.npmjs.org/brace-expansion/-/brace-expansion-2.1.0.tgz. Extracting by manifest.
2047 silly tarball no local data for p-locate@https://registry.npmjs.org/p-locate/-/p-locate-4.1.0.tgz. Extracting by manifest.
2048 silly tarball no local data for string_decoder@https://registry.npmjs.org/string_decoder/-/string_decoder-1.1.1.tgz. Extracting by manifest.
2049 silly tarball no local data for safe-buffer@https://registry.npmjs.org/safe-buffer/-/safe-buffer-5.1.2.tgz. Extracting by manifest.
2050 silly tarball no local data for p-limit@https://registry.npmjs.org/p-limit/-/p-limit-2.3.0.tgz. Extracting by manifest.
2051 silly tarball no local data for readable-stream@https://registry.npmjs.org/readable-stream/-/readable-stream-2.3.8.tgz. Extracting by manifest.
2052 silly tarball no local data for find-up@https://registry.npmjs.org/find-up/-/find-up-4.1.0.tgz. Extracting by manifest.
2053 silly tarball no local data for locate-path@https://registry.npmjs.org/locate-path/-/locate-path-5.0.0.tgz. Extracting by manifest.
2054 silly tarball no local data for postcss@https://registry.npmjs.org/postcss/-/postcss-8.5.12.tgz. Extracting by manifest.
2055 silly tarball no local data for lru-cache@https://registry.npmjs.org/lru-cache/-/lru-cache-10.4.3.tgz. Extracting by manifest.
2056 silly tarball no local data for semver@https://registry.npmjs.org/semver/-/semver-7.7.4.tgz. Extracting by manifest.
2057 silly tarball no local data for isarray@https://registry.npmjs.org/isarray/-/isarray-1.0.0.tgz. Extracting by manifest.
2058 silly tarball no local data for entities@https://registry.npmjs.org/entities/-/entities-4.5.0.tgz. Extracting by manifest.
2059 silly tarball no local data for base64-js@https://registry.npmjs.org/base64-js/-/base64-js-0.0.8.tgz. Extracting by manifest.
2060 silly tarball no local data for string_decoder@https://registry.npmjs.org/string_decoder/-/string_decoder-1.1.1.tgz. Extracting by manifest.
2061 silly tarball no local data for react-is@https://registry.npmjs.org/react-is/-/react-is-18.3.1.tgz. Extracting by manifest.
2062 silly tarball no local data for isarray@https://registry.npmjs.org/isarray/-/isarray-1.0.0.tgz. Extracting by manifest.
2063 silly tarball no local data for supports-color@https://registry.npmjs.org/supports-color/-/supports-color-8.1.1.tgz. Extracting by manifest.
2064 silly tarball no local data for safe-buffer@https://registry.npmjs.org/safe-buffer/-/safe-buffer-5.1.2.tgz. Extracting by manifest.
2065 silly tarball no local data for readable-stream@https://registry.npmjs.org/readable-stream/-/readable-stream-2.3.8.tgz. Extracting by manifest.
2066 silly tarball no local data for pretty-format@https://registry.npmjs.org/pretty-format/-/pretty-format-30.3.0.tgz. Extracting by manifest.
2067 silly tarball no local data for semver@https://registry.npmjs.org/semver/-/semver-7.7.4.tgz. Extracting by manifest.
2068 silly tarball no local data for react-is@https://registry.npmjs.org/react-is/-/react-is-18.3.1.tgz. Extracting by manifest.
2069 silly tarball no local data for camelcase@https://registry.npmjs.org/camelcase/-/camelcase-6.3.0.tgz. Extracting by manifest.
2070 silly tarball no local data for picomatch@https://registry.npmjs.org/picomatch/-/picomatch-4.0.3.tgz. Extracting by manifest.
2071 silly tarball no local data for ansi-styles@https://registry.npmjs.org/ansi-styles/-/ansi-styles-5.2.0.tgz. Extracting by manifest.
2072 silly tarball no local data for pretty-format@https://registry.npmjs.org/pretty-format/-/pretty-format-30.3.0.tgz. Extracting by manifest.
2073 silly tarball no local data for ansi-styles@https://registry.npmjs.org/ansi-styles/-/ansi-styles-5.2.0.tgz. Extracting by manifest.
2074 silly tarball no local data for react-is@https://registry.npmjs.org/react-is/-/react-is-18.3.1.tgz. Extracting by manifest.
2075 silly tarball no local data for picomatch@https://registry.npmjs.org/picomatch/-/picomatch-4.0.3.tgz. Extracting by manifest.
2076 silly tarball no local data for pretty-format@https://registry.npmjs.org/pretty-format/-/pretty-format-30.3.0.tgz. Extracting by manifest.
2077 silly tarball no local data for ansi-styles@https://registry.npmjs.org/ansi-styles/-/ansi-styles-5.2.0.tgz. Extracting by manifest.
2078 silly tarball no local data for strip-bom@https://registry.npmjs.org/strip-bom/-/strip-bom-4.0.0.tgz. Extracting by manifest.
2079 silly tarball no local data for react-is@https://registry.npmjs.org/react-is/-/react-is-18.3.1.tgz. Extracting by manifest.
2080 silly tarball no local data for pretty-format@https://registry.npmjs.org/pretty-format/-/pretty-format-30.3.0.tgz. Extracting by manifest.
2081 silly tarball no local data for ansi-styles@https://registry.npmjs.org/ansi-styles/-/ansi-styles-5.2.0.tgz. Extracting by manifest.
2082 silly tarball no local data for react-is@https://registry.npmjs.org/react-is/-/react-is-18.3.1.tgz. Extracting by manifest.
2083 silly tarball no local data for pretty-format@https://registry.npmjs.org/pretty-format/-/pretty-format-30.3.0.tgz. Extracting by manifest.
2084 silly tarball no local data for ansi-styles@https://registry.npmjs.org/ansi-styles/-/ansi-styles-5.2.0.tgz. Extracting by manifest.
2085 silly tarball no local data for react-is@https://registry.npmjs.org/react-is/-/react-is-18.3.1.tgz. Extracting by manifest.
2086 silly tarball no local data for picomatch@https://registry.npmjs.org/picomatch/-/picomatch-4.0.3.tgz. Extracting by manifest.
2087 silly tarball no local data for pretty-format@https://registry.npmjs.org/pretty-format/-/pretty-format-30.3.0.tgz. Extracting by manifest.
2088 silly tarball no local data for react-is@https://registry.npmjs.org/react-is/-/react-is-18.3.1.tgz. Extracting by manifest.
2089 silly tarball no local data for pretty-format@https://registry.npmjs.org/pretty-format/-/pretty-format-30.3.0.tgz. Extracting by manifest.
2090 silly tarball no local data for react-is@https://registry.npmjs.org/react-is/-/react-is-18.3.1.tgz. Extracting by manifest.
2091 silly tarball no local data for jest-config@https://registry.npmjs.org/jest-config/-/jest-config-30.3.0.tgz. Extracting by manifest.
2092 silly tarball no local data for ansi-styles@https://registry.npmjs.org/ansi-styles/-/ansi-styles-5.2.0.tgz. Extracting by manifest.
2093 silly tarball no local data for ansi-styles@https://registry.npmjs.org/ansi-styles/-/ansi-styles-5.2.0.tgz. Extracting by manifest.
2094 silly tarball no local data for pretty-format@https://registry.npmjs.org/pretty-format/-/pretty-format-30.3.0.tgz. Extracting by manifest.
2095 silly tarball no local data for ansi-styles@https://registry.npmjs.org/ansi-styles/-/ansi-styles-5.2.0.tgz. Extracting by manifest.
2096 silly tarball no local data for react-is@https://registry.npmjs.org/react-is/-/react-is-18.3.1.tgz. Extracting by manifest.
2097 silly tarball no local data for semver@https://registry.npmjs.org/semver/-/semver-7.7.4.tgz. Extracting by manifest.
2098 silly tarball no local data for ansi-styles@https://registry.npmjs.org/ansi-styles/-/ansi-styles-5.2.0.tgz. Extracting by manifest.
2099 silly tarball no local data for pretty-format@https://registry.npmjs.org/pretty-format/-/pretty-format-30.3.0.tgz. Extracting by manifest.
2100 silly tarball no local data for glob-parent@https://registry.npmjs.org/glob-parent/-/glob-parent-5.1.2.tgz. Extracting by manifest.
2101 silly tarball no local data for semver@https://registry.npmjs.org/semver/-/semver-7.7.4.tgz. Extracting by manifest.
2102 silly tarball no local data for string_decoder@https://registry.npmjs.org/string_decoder/-/string_decoder-1.1.1.tgz. Extracting by manifest.
2103 silly tarball no local data for signal-exit@https://registry.npmjs.org/signal-exit/-/signal-exit-3.0.7.tgz. Extracting by manifest.
2104 silly tarball no local data for brace-expansion@https://registry.npmjs.org/brace-expansion/-/brace-expansion-2.0.2.tgz. Extracting by manifest.
2105 silly tarball no local data for safe-buffer@https://registry.npmjs.org/safe-buffer/-/safe-buffer-5.1.2.tgz. Extracting by manifest.
2106 silly tarball no local data for minimatch@https://registry.npmjs.org/minimatch/-/minimatch-9.0.9.tgz. Extracting by manifest.
2107 silly tarball no local data for saxes@https://registry.npmjs.org/saxes/-/saxes-5.0.1.tgz. Extracting by manifest.
2108 silly tarball no local data for readable-stream@https://registry.npmjs.org/readable-stream/-/readable-stream-2.3.8.tgz. Extracting by manifest.
2109 silly tarball no local data for debug@https://registry.npmjs.org/debug/-/debug-3.2.7.tgz. Extracting by manifest.
2110 silly tarball no local data for resolve@https://registry.npmjs.org/resolve/-/resolve-2.0.0-next.5.tgz. Extracting by manifest.
2111 silly tarball no local data for debug@https://registry.npmjs.org/debug/-/debug-3.2.7.tgz. Extracting by manifest.
2112 silly tarball no local data for isarray@https://registry.npmjs.org/isarray/-/isarray-1.0.0.tgz. Extracting by manifest.
2113 silly tarball no local data for globals@https://registry.npmjs.org/globals/-/globals-16.4.0.tgz. Extracting by manifest.
2114 silly tarball no local data for debug@https://registry.npmjs.org/debug/-/debug-3.2.7.tgz. Extracting by manifest.
2115 silly tarball no local data for color-name@https://registry.npmjs.org/color-name/-/color-name-2.1.0.tgz. Extracting by manifest.
2116 silly tarball no local data for wrap-ansi@https://registry.npmjs.org/wrap-ansi/-/wrap-ansi-7.0.0.tgz. Extracting by manifest.
2117 silly tarball no local data for strip-ansi@https://registry.npmjs.org/strip-ansi/-/strip-ansi-6.0.1.tgz. Extracting by manifest.
2118 silly tarball no local data for safe-buffer@https://registry.npmjs.org/safe-buffer/-/safe-buffer-5.1.2.tgz. Extracting by manifest.
2119 silly tarball no local data for emoji-regex@https://registry.npmjs.org/emoji-regex/-/emoji-regex-8.0.0.tgz. Extracting by manifest.
2120 silly tarball no local data for string_decoder@https://registry.npmjs.org/string_decoder/-/string_decoder-1.1.1.tgz. Extracting by manifest.
2121 silly tarball no local data for readable-stream@https://registry.npmjs.org/readable-stream/-/readable-stream-2.3.8.tgz. Extracting by manifest.
2122 silly tarball no local data for string-width@https://registry.npmjs.org/string-width/-/string-width-4.2.3.tgz. Extracting by manifest.
2123 silly tarball no local data for minimatch@https://registry.npmjs.org/minimatch/-/minimatch-9.0.5.tgz. Extracting by manifest.
2124 silly tarball no local data for glob@https://registry.npmjs.org/glob/-/glob-7.2.3.tgz. Extracting by manifest.
2125 silly tarball no local data for isarray@https://registry.npmjs.org/isarray/-/isarray-1.0.0.tgz. Extracting by manifest.
2126 silly tarball no local data for ignore@https://registry.npmjs.org/ignore/-/ignore-7.0.5.tgz. Extracting by manifest.
2127 silly tarball no local data for brace-expansion@https://registry.npmjs.org/brace-expansion/-/brace-expansion-2.0.2.tgz. Extracting by manifest.
2128 silly tarball no local data for @radix-ui/react-slot@https://registry.npmjs.org/@radix-ui/react-slot/-/react-slot-1.2.3.tgz. Extracting by manifest.
2129 silly tarball no local data for dom-accessibility-api@https://registry.npmjs.org/dom-accessibility-api/-/dom-accessibility-api-0.6.3.tgz. Extracting by manifest.
2130 silly tarball no local data for semver@https://registry.npmjs.org/semver/-/semver-7.7.4.tgz. Extracting by manifest.
2131 silly tarball no local data for scheduler@https://registry.npmjs.org/scheduler/-/scheduler-0.25.0-rc-603e6108-20241029.tgz. Extracting by manifest.
2132 silly tarball no local data for pretty-format@https://registry.npmjs.org/pretty-format/-/pretty-format-30.3.0.tgz. Extracting by manifest.
2133 silly tarball no local data for ansi-styles@https://registry.npmjs.org/ansi-styles/-/ansi-styles-5.2.0.tgz. Extracting by manifest.
2134 silly tarball no local data for react-is@https://registry.npmjs.org/react-is/-/react-is-18.3.1.tgz. Extracting by manifest.
2135 silly tarball no local data for @radix-ui/react-context@https://registry.npmjs.org/@radix-ui/react-context/-/react-context-1.1.2.tgz. Extracting by manifest.
2136 silly tarball no local data for aria-query@https://registry.npmjs.org/aria-query/-/aria-query-5.3.0.tgz. Extracting by manifest.
2137 silly tarball no local data for @radix-ui/react-slot@https://registry.npmjs.org/@radix-ui/react-slot/-/react-slot-1.2.3.tgz. Extracting by manifest.
2138 silly tarball no local data for @radix-ui/react-primitive@https://registry.npmjs.org/@radix-ui/react-primitive/-/react-primitive-2.1.3.tgz. Extracting by manifest.
2139 silly tarball no local data for @radix-ui/react-slot@https://registry.npmjs.org/@radix-ui/react-slot/-/react-slot-1.2.3.tgz. Extracting by manifest.
2140 silly tarball no local data for @radix-ui/react-primitive@https://registry.npmjs.org/@radix-ui/react-primitive/-/react-primitive-2.1.3.tgz. Extracting by manifest.
2141 silly tarball no local data for @radix-ui/react-slot@https://registry.npmjs.org/@radix-ui/react-slot/-/react-slot-1.2.3.tgz. Extracting by manifest.
2142 silly tarball no local data for @radix-ui/react-primitive@https://registry.npmjs.org/@radix-ui/react-primitive/-/react-primitive-2.1.3.tgz. Extracting by manifest.
2143 silly tarball no local data for @radix-ui/react-context@https://registry.npmjs.org/@radix-ui/react-context/-/react-context-1.1.2.tgz. Extracting by manifest.
2144 silly tarball no local data for @radix-ui/react-primitive@https://registry.npmjs.org/@radix-ui/react-primitive/-/react-primitive-2.1.3.tgz. Extracting by manifest.
2145 silly tarball no local data for @radix-ui/react-slot@https://registry.npmjs.org/@radix-ui/react-slot/-/react-slot-1.2.3.tgz. Extracting by manifest.
2146 silly tarball no local data for @radix-ui/react-context@https://registry.npmjs.org/@radix-ui/react-context/-/react-context-1.1.2.tgz. Extracting by manifest.
2147 silly tarball no local data for @radix-ui/react-slot@https://registry.npmjs.org/@radix-ui/react-slot/-/react-slot-1.2.3.tgz. Extracting by manifest.
2148 silly tarball no local data for @radix-ui/react-context@https://registry.npmjs.org/@radix-ui/react-context/-/react-context-1.1.2.tgz. Extracting by manifest.
2149 silly tarball no local data for @radix-ui/react-primitive@https://registry.npmjs.org/@radix-ui/react-primitive/-/react-primitive-2.1.3.tgz. Extracting by manifest.
2150 silly tarball no local data for @radix-ui/react-primitive@https://registry.npmjs.org/@radix-ui/react-primitive/-/react-primitive-2.1.3.tgz. Extracting by manifest.
2151 silly tarball no local data for @radix-ui/react-primitive@https://registry.npmjs.org/@radix-ui/react-primitive/-/react-primitive-2.1.3.tgz. Extracting by manifest.
2152 silly tarball no local data for @radix-ui/react-primitive@https://registry.npmjs.org/@radix-ui/react-primitive/-/react-primitive-2.1.3.tgz. Extracting by manifest.
2153 silly tarball no local data for @radix-ui/react-slot@https://registry.npmjs.org/@radix-ui/react-slot/-/react-slot-1.2.3.tgz. Extracting by manifest.
2154 silly tarball no local data for @radix-ui/react-context@https://registry.npmjs.org/@radix-ui/react-context/-/react-context-1.1.2.tgz. Extracting by manifest.
2155 silly tarball no local data for @radix-ui/react-context@https://registry.npmjs.org/@radix-ui/react-context/-/react-context-1.1.2.tgz. Extracting by manifest.
2156 silly tarball no local data for @radix-ui/react-slot@https://registry.npmjs.org/@radix-ui/react-slot/-/react-slot-1.2.3.tgz. Extracting by manifest.
2157 silly tarball no local data for @radix-ui/react-slot@https://registry.npmjs.org/@radix-ui/react-slot/-/react-slot-1.2.3.tgz. Extracting by manifest.
2158 silly tarball no local data for @radix-ui/react-slot@https://registry.npmjs.org/@radix-ui/react-slot/-/react-slot-1.2.3.tgz. Extracting by manifest.
2159 silly tarball no local data for @radix-ui/react-primitive@https://registry.npmjs.org/@radix-ui/react-primitive/-/react-primitive-2.1.3.tgz. Extracting by manifest.
2160 silly tarball no local data for @radix-ui/react-context@https://registry.npmjs.org/@radix-ui/react-context/-/react-context-1.1.2.tgz. Extracting by manifest.
2161 silly tarball no local data for @radix-ui/react-slot@https://registry.npmjs.org/@radix-ui/react-slot/-/react-slot-1.2.3.tgz. Extracting by manifest.
2162 silly tarball no local data for @radix-ui/react-primitive@https://registry.npmjs.org/@radix-ui/react-primitive/-/react-primitive-2.1.3.tgz. Extracting by manifest.
2163 silly tarball no local data for @radix-ui/react-context@https://registry.npmjs.org/@radix-ui/react-context/-/react-context-1.1.2.tgz. Extracting by manifest.
2164 silly tarball no local data for @radix-ui/react-slot@https://registry.npmjs.org/@radix-ui/react-slot/-/react-slot-1.2.3.tgz. Extracting by manifest.
2165 silly tarball no local data for @radix-ui/react-slot@https://registry.npmjs.org/@radix-ui/react-slot/-/react-slot-1.2.3.tgz. Extracting by manifest.
2166 silly tarball no local data for @radix-ui/react-primitive@https://registry.npmjs.org/@radix-ui/react-primitive/-/react-primitive-2.1.3.tgz. Extracting by manifest.
2167 silly tarball no local data for @radix-ui/react-context@https://registry.npmjs.org/@radix-ui/react-context/-/react-context-1.1.2.tgz. Extracting by manifest.
2168 silly tarball no local data for @radix-ui/react-primitive@https://registry.npmjs.org/@radix-ui/react-primitive/-/react-primitive-2.1.3.tgz. Extracting by manifest.
2169 silly tarball no local data for @radix-ui/react-slot@https://registry.npmjs.org/@radix-ui/react-slot/-/react-slot-1.2.3.tgz. Extracting by manifest.
2170 silly tarball no local data for @radix-ui/react-primitive@https://registry.npmjs.org/@radix-ui/react-primitive/-/react-primitive-2.1.3.tgz. Extracting by manifest.
2171 silly tarball no local data for @radix-ui/react-context@https://registry.npmjs.org/@radix-ui/react-context/-/react-context-1.1.2.tgz. Extracting by manifest.
2172 silly tarball no local data for @radix-ui/react-primitive@https://registry.npmjs.org/@radix-ui/react-primitive/-/react-primitive-2.1.3.tgz. Extracting by manifest.
2173 silly tarball no local data for @radix-ui/react-slot@https://registry.npmjs.org/@radix-ui/react-slot/-/react-slot-1.2.3.tgz. Extracting by manifest.
2174 silly tarball no local data for @radix-ui/react-primitive@https://registry.npmjs.org/@radix-ui/react-primitive/-/react-primitive-2.1.3.tgz. Extracting by manifest.
2175 silly tarball no local data for react-is@https://registry.npmjs.org/react-is/-/react-is-18.3.1.tgz. Extracting by manifest.
2176 silly tarball no local data for @radix-ui/react-context@https://registry.npmjs.org/@radix-ui/react-context/-/react-context-1.1.2.tgz. Extracting by manifest.
2177 silly tarball no local data for jest-config@https://registry.npmjs.org/jest-config/-/jest-config-30.3.0.tgz. Extracting by manifest.
2178 silly tarball no local data for resolve-from@https://registry.npmjs.org/resolve-from/-/resolve-from-5.0.0.tgz. Extracting by manifest.
2179 silly tarball no local data for ansi-styles@https://registry.npmjs.org/ansi-styles/-/ansi-styles-5.2.0.tgz. Extracting by manifest.
2180 silly tarball no local data for pretty-format@https://registry.npmjs.org/pretty-format/-/pretty-format-30.3.0.tgz. Extracting by manifest.
2181 silly tarball no local data for @radix-ui/react-primitive@https://registry.npmjs.org/@radix-ui/react-primitive/-/react-primitive-2.1.3.tgz. Extracting by manifest.
2182 silly tarball no local data for @radix-ui/react-slot@https://registry.npmjs.org/@radix-ui/react-slot/-/react-slot-1.2.3.tgz. Extracting by manifest.
2183 silly tarball no local data for p-limit@https://registry.npmjs.org/p-limit/-/p-limit-2.3.0.tgz. Extracting by manifest.
2184 silly tarball no local data for p-locate@https://registry.npmjs.org/p-locate/-/p-locate-4.1.0.tgz. Extracting by manifest.
2185 silly tarball no local data for locate-path@https://registry.npmjs.org/locate-path/-/locate-path-5.0.0.tgz. Extracting by manifest.
2186 silly tarball no local data for js-yaml@https://registry.npmjs.org/js-yaml/-/js-yaml-3.14.2.tgz. Extracting by manifest.
2187 silly tarball no local data for argparse@https://registry.npmjs.org/argparse/-/argparse-1.0.10.tgz. Extracting by manifest.
2188 silly tarball no local data for find-up@https://registry.npmjs.org/find-up/-/find-up-4.1.0.tgz. Extracting by manifest.
2189 silly tarball no local data for lru-cache@https://registry.npmjs.org/lru-cache/-/lru-cache-10.4.3.tgz. Extracting by manifest.
2190 silly tarball no local data for @types/node@https://registry.npmjs.org/@types/node/-/node-14.18.63.tgz. Extracting by manifest.
2191 silly tarball no local data for @types/node@https://registry.npmjs.org/@types/node/-/node-14.18.63.tgz. Extracting by manifest.
2192 silly tarball no local data for eslint-visitor-keys@https://registry.npmjs.org/eslint-visitor-keys/-/eslint-visitor-keys-3.4.3.tgz. Extracting by manifest.
2193 http fetch GET https://registry.npmjs.org/zod-validation-error/-/zod-validation-error-4.0.2.tgz attempt 1 failed with ETIMEDOUT
2194 http fetch GET https://registry.npmjs.org/zod/-/zod-4.3.6.tgz attempt 1 failed with ETIMEDOUT
2195 http fetch GET https://registry.npmjs.org/zip-stream/-/zip-stream-4.1.1.tgz attempt 1 failed with ETIMEDOUT
2196 http fetch GET https://registry.npmjs.org/yoga-layout/-/yoga-layout-3.2.1.tgz attempt 1 failed with ETIMEDOUT
2197 http fetch GET https://registry.npmjs.org/yocto-queue/-/yocto-queue-0.1.0.tgz attempt 1 failed with EACCES
2198 http fetch GET https://registry.npmjs.org/yargs/-/yargs-17.7.2.tgz attempt 1 failed with EACCES
2199 http fetch GET https://registry.npmjs.org/yargs-parser/-/yargs-parser-21.1.1.tgz attempt 1 failed with EACCES
2200 http fetch GET https://registry.npmjs.org/yallist/-/yallist-3.1.1.tgz attempt 1 failed with EACCES
2201 http fetch GET https://registry.npmjs.org/y18n/-/y18n-5.0.8.tgz attempt 1 failed with EACCES
2202 http fetch GET https://registry.npmjs.org/xmlhttprequest-ssl/-/xmlhttprequest-ssl-2.1.2.tgz attempt 1 failed with EACCES
2203 http fetch GET https://registry.npmjs.org/xmlchars/-/xmlchars-2.2.0.tgz attempt 1 failed with EACCES
2204 http fetch GET https://registry.npmjs.org/ws/-/ws-8.18.3.tgz attempt 1 failed with EACCES
2205 http fetch GET https://registry.npmjs.org/xml-name-validator/-/xml-name-validator-5.0.0.tgz attempt 1 failed with EACCES
2206 http fetch GET https://registry.npmjs.org/write-file-atomic/-/write-file-atomic-5.0.1.tgz attempt 1 failed with EACCES
2207 http fetch GET https://registry.npmjs.org/wrap-ansi/-/wrap-ansi-7.0.0.tgz attempt 1 failed with EACCES
2208 http fetch GET https://registry.npmjs.org/zod-validation-error/-/zod-validation-error-4.0.2.tgz attempt 2 failed with EACCES
2209 http fetch GET https://registry.npmjs.org/zod/-/zod-4.3.6.tgz attempt 2 failed with EACCES
2210 http fetch GET https://registry.npmjs.org/zip-stream/-/zip-stream-4.1.1.tgz attempt 2 failed with EACCES
2211 http fetch GET https://registry.npmjs.org/yoga-layout/-/yoga-layout-3.2.1.tgz attempt 2 failed with EACCES
2212 http fetch GET https://registry.npmjs.org/yocto-queue/-/yocto-queue-0.1.0.tgz attempt 2 failed with EACCES
2213 http fetch GET https://registry.npmjs.org/yargs/-/yargs-17.7.2.tgz attempt 2 failed with EACCES
2214 http fetch GET https://registry.npmjs.org/yargs-parser/-/yargs-parser-21.1.1.tgz attempt 2 failed with EACCES
2215 http fetch GET https://registry.npmjs.org/yallist/-/yallist-3.1.1.tgz attempt 2 failed with EACCES
2216 http fetch GET https://registry.npmjs.org/y18n/-/y18n-5.0.8.tgz attempt 2 failed with EACCES
2217 http fetch GET https://registry.npmjs.org/xmlhttprequest-ssl/-/xmlhttprequest-ssl-2.1.2.tgz attempt 2 failed with EACCES
2218 http fetch GET https://registry.npmjs.org/xmlchars/-/xmlchars-2.2.0.tgz attempt 2 failed with EACCES
2219 http fetch GET https://registry.npmjs.org/ws/-/ws-8.18.3.tgz attempt 2 failed with EACCES
2220 http fetch GET https://registry.npmjs.org/xml-name-validator/-/xml-name-validator-5.0.0.tgz attempt 2 failed with EACCES
2221 http fetch GET https://registry.npmjs.org/write-file-atomic/-/write-file-atomic-5.0.1.tgz attempt 2 failed with EACCES
2222 http fetch GET https://registry.npmjs.org/wrap-ansi/-/wrap-ansi-7.0.0.tgz attempt 2 failed with EACCES
2223 http fetch GET https://registry.npmjs.org/zod-validation-error/-/zod-validation-error-4.0.2.tgz attempt 3 failed with EACCES
2224 http fetch GET https://registry.npmjs.org/zod/-/zod-4.3.6.tgz attempt 3 failed with EACCES
2225 http fetch GET https://registry.npmjs.org/zip-stream/-/zip-stream-4.1.1.tgz attempt 3 failed with EACCES
2226 http fetch GET https://registry.npmjs.org/yoga-layout/-/yoga-layout-3.2.1.tgz attempt 3 failed with EACCES
2227 http fetch GET https://registry.npmjs.org/yocto-queue/-/yocto-queue-0.1.0.tgz attempt 3 failed with EACCES
2228 http fetch GET https://registry.npmjs.org/yargs/-/yargs-17.7.2.tgz attempt 3 failed with EACCES
2229 http fetch GET https://registry.npmjs.org/yargs-parser/-/yargs-parser-21.1.1.tgz attempt 3 failed with EACCES
2230 http fetch GET https://registry.npmjs.org/yallist/-/yallist-3.1.1.tgz attempt 3 failed with EACCES
2231 http fetch GET https://registry.npmjs.org/y18n/-/y18n-5.0.8.tgz attempt 3 failed with EACCES
2232 http fetch GET https://registry.npmjs.org/xmlhttprequest-ssl/-/xmlhttprequest-ssl-2.1.2.tgz attempt 3 failed with EACCES
2233 http fetch GET https://registry.npmjs.org/xmlchars/-/xmlchars-2.2.0.tgz attempt 3 failed with EACCES
2234 http fetch GET https://registry.npmjs.org/ws/-/ws-8.18.3.tgz attempt 3 failed with EACCES
2235 http fetch GET https://registry.npmjs.org/xml-name-validator/-/xml-name-validator-5.0.0.tgz attempt 3 failed with EACCES
2236 http fetch GET https://registry.npmjs.org/write-file-atomic/-/write-file-atomic-5.0.1.tgz attempt 3 failed with EACCES
2237 http fetch GET https://registry.npmjs.org/wrap-ansi/-/wrap-ansi-7.0.0.tgz attempt 3 failed with EACCES
2238 verbose cwd C:\Users\user\Downloads\capstoneui\capstone-nest-backend\next-frontend
2239 verbose os Windows_NT 10.0.22631
2240 verbose node v24.7.0
2241 verbose npm  v11.5.1
2242 error Exit handler never called!
2243 error This is an error with npm itself. Please report this error at:
2244 error   <https://github.com/npm/cli/issues>
2245 verbose exit 1
2246 verbose code 1
2247 error A complete log of this run can be found in: C:\Users\user\Downloads\capstoneui\capstone-nest-backend\next-frontend\.npm-cache\_logs\2026-05-12T13_07_08_338Z-debug-0.log
